-- MySQL dump 10.13  Distrib 8.4.4, for macos15 (arm64)
--
-- Host: 127.0.0.1    Database: ninico
-- ------------------------------------------------------
-- Server version	8.4.4

/*!40101 SET @OLD_CHARACTER_SET_CLIENT=@@CHARACTER_SET_CLIENT */;
/*!40101 SET @OLD_CHARACTER_SET_RESULTS=@@CHARACTER_SET_RESULTS */;
/*!40101 SET @OLD_COLLATION_CONNECTION=@@COLLATION_CONNECTION */;
/*!50503 SET NAMES utf8mb4 */;
/*!40103 SET @OLD_TIME_ZONE=@@TIME_ZONE */;
/*!40103 SET TIME_ZONE='+00:00' */;
/*!40014 SET @OLD_UNIQUE_CHECKS=@@UNIQUE_CHECKS, UNIQUE_CHECKS=0 */;
/*!40014 SET @OLD_FOREIGN_KEY_CHECKS=@@FOREIGN_KEY_CHECKS, FOREIGN_KEY_CHECKS=0 */;
/*!40101 SET @OLD_SQL_MODE=@@SQL_MODE, SQL_MODE='NO_AUTO_VALUE_ON_ZERO' */;
/*!40111 SET @OLD_SQL_NOTES=@@SQL_NOTES, SQL_NOTES=0 */;

--
-- Table structure for table `activations`
--

DROP TABLE IF EXISTS `activations`;
/*!40101 SET @saved_cs_client     = @@character_set_client */;
/*!50503 SET character_set_client = utf8mb4 */;
CREATE TABLE `activations` (
  `id` bigint unsigned NOT NULL AUTO_INCREMENT,
  `user_id` bigint unsigned NOT NULL,
  `code` varchar(120) COLLATE utf8mb4_unicode_ci NOT NULL,
  `completed` tinyint(1) NOT NULL DEFAULT '0',
  `completed_at` timestamp NULL DEFAULT NULL,
  `created_at` timestamp NULL DEFAULT NULL,
  `updated_at` timestamp NULL DEFAULT NULL,
  PRIMARY KEY (`id`),
  KEY `activations_user_id_index` (`user_id`)
) ENGINE=InnoDB AUTO_INCREMENT=2 DEFAULT CHARSET=utf8mb4 COLLATE=utf8mb4_unicode_ci;
/*!40101 SET character_set_client = @saved_cs_client */;

--
-- Dumping data for table `activations`
--

LOCK TABLES `activations` WRITE;
/*!40000 ALTER TABLE `activations` DISABLE KEYS */;
INSERT INTO `activations` VALUES (1,1,'JzeQiojT9qE6s22BT4A6eBeAm7VWCgjU',1,'2025-12-25 18:49:26','2025-12-25 18:49:26','2025-12-25 18:49:26');
/*!40000 ALTER TABLE `activations` ENABLE KEYS */;
UNLOCK TABLES;

--
-- Table structure for table `admin_notifications`
--

DROP TABLE IF EXISTS `admin_notifications`;
/*!40101 SET @saved_cs_client     = @@character_set_client */;
/*!50503 SET character_set_client = utf8mb4 */;
CREATE TABLE `admin_notifications` (
  `id` bigint unsigned NOT NULL AUTO_INCREMENT,
  `title` varchar(191) COLLATE utf8mb4_unicode_ci NOT NULL,
  `action_label` varchar(191) COLLATE utf8mb4_unicode_ci DEFAULT NULL,
  `action_url` varchar(191) COLLATE utf8mb4_unicode_ci DEFAULT NULL,
  `description` varchar(400) COLLATE utf8mb4_unicode_ci DEFAULT NULL,
  `read_at` timestamp NULL DEFAULT NULL,
  `created_at` timestamp NULL DEFAULT NULL,
  `updated_at` timestamp NULL DEFAULT NULL,
  `permission` varchar(191) COLLATE utf8mb4_unicode_ci DEFAULT NULL,
  PRIMARY KEY (`id`)
) ENGINE=InnoDB DEFAULT CHARSET=utf8mb4 COLLATE=utf8mb4_unicode_ci;
/*!40101 SET character_set_client = @saved_cs_client */;

--
-- Dumping data for table `admin_notifications`
--

LOCK TABLES `admin_notifications` WRITE;
/*!40000 ALTER TABLE `admin_notifications` DISABLE KEYS */;
/*!40000 ALTER TABLE `admin_notifications` ENABLE KEYS */;
UNLOCK TABLES;

--
-- Table structure for table `ads`
--

DROP TABLE IF EXISTS `ads`;
/*!40101 SET @saved_cs_client     = @@character_set_client */;
/*!50503 SET character_set_client = utf8mb4 */;
CREATE TABLE `ads` (
  `id` bigint unsigned NOT NULL AUTO_INCREMENT,
  `name` varchar(191) COLLATE utf8mb4_unicode_ci NOT NULL,
  `expired_at` datetime DEFAULT NULL,
  `location` varchar(120) COLLATE utf8mb4_unicode_ci DEFAULT NULL,
  `key` varchar(120) COLLATE utf8mb4_unicode_ci NOT NULL,
  `image` varchar(191) COLLATE utf8mb4_unicode_ci DEFAULT NULL,
  `url` varchar(191) COLLATE utf8mb4_unicode_ci DEFAULT NULL,
  `clicked` bigint NOT NULL DEFAULT '0',
  `order` int DEFAULT '0',
  `status` varchar(60) COLLATE utf8mb4_unicode_ci NOT NULL DEFAULT 'published',
  `created_at` timestamp NULL DEFAULT NULL,
  `updated_at` timestamp NULL DEFAULT NULL,
  `open_in_new_tab` tinyint(1) NOT NULL DEFAULT '1',
  `tablet_image` varchar(191) COLLATE utf8mb4_unicode_ci DEFAULT NULL,
  `mobile_image` varchar(191) COLLATE utf8mb4_unicode_ci DEFAULT NULL,
  `ads_type` varchar(191) COLLATE utf8mb4_unicode_ci DEFAULT NULL,
  `google_adsense_slot_id` varchar(191) COLLATE utf8mb4_unicode_ci DEFAULT NULL,
  PRIMARY KEY (`id`),
  UNIQUE KEY `ads_key_unique` (`key`)
) ENGINE=InnoDB AUTO_INCREMENT=10 DEFAULT CHARSET=utf8mb4 COLLATE=utf8mb4_unicode_ci;
/*!40101 SET character_set_client = @saved_cs_client */;

--
-- Dumping data for table `ads`
--

LOCK TABLES `ads` WRITE;
/*!40000 ALTER TABLE `ads` DISABLE KEYS */;
INSERT INTO `ads` VALUES (1,'New Modern & Stylist <br> Crafts','2026-12-26 01:49:34',NULL,'IYHICPADQD5X','sliders/banner-slider-01.jpg','/products',0,1,'published','2025-12-25 18:49:34','2025-12-25 18:49:34',1,NULL,NULL,NULL,NULL),(2,'Popular Energy with our <br> newest collection','2027-12-26 01:49:34',NULL,'R4YAV9FECJUS','sliders/banner-slider-02.jpg','/products',0,2,'published','2025-12-25 18:49:34','2025-12-25 18:49:34',1,NULL,NULL,NULL,NULL),(3,'Winter <br> Exclusive In','2028-12-26 01:49:34',NULL,'QPTCBJBOJOSY','banners/banner-offer-01.jpg','/products',0,3,'published','2025-12-25 18:49:34','2025-12-25 18:49:34',1,NULL,NULL,NULL,NULL),(4,'50% Offer','2026-12-26 01:49:34',NULL,'T2VFLDYYIJEH','banners/banner-offer-02.jpg','/products',0,4,'published','2025-12-25 18:49:34','2025-12-25 18:49:34',1,NULL,NULL,NULL,NULL),(5,'New Modern & Stylist <br> Crafts','2028-12-26 01:49:34',NULL,'JO7LLJHFH1RO','banners/banner-03-01.jpg','/products',0,5,'published','2025-12-25 18:49:34','2025-12-25 18:49:34',1,NULL,NULL,NULL,NULL),(6,'Lamp <br> Collections','2029-12-26 01:49:34',NULL,'L8GDJUBVD2TQ','banners/banner-03-02.jpg','/products',0,6,'published','2025-12-25 18:49:34','2025-12-25 18:49:34',1,NULL,NULL,NULL,NULL),(7,'Minimal Chair','2030-12-26 01:49:34',NULL,'PXJPAXLOCVRS','banners/banner-03-03.jpg','/products',0,7,'published','2025-12-25 18:49:34','2025-12-25 18:49:34',1,NULL,NULL,NULL,NULL),(8,'100% Fresh Product <br> Every Hour','2027-12-26 01:49:34',NULL,'EMRCINED6AX9','sliders/slider-05-banner-1.jpg','/products',0,8,'published','2025-12-25 18:49:34','2025-12-25 18:49:34',1,NULL,NULL,NULL,NULL),(9,'100% Fresh Product <br> Every Hour','2030-12-26 01:49:34',NULL,'JVMDAIB9HO2I','sliders/slider-05-banner-1.jpg','/products',0,9,'published','2025-12-25 18:49:34','2025-12-25 18:49:34',1,NULL,NULL,NULL,NULL);
/*!40000 ALTER TABLE `ads` ENABLE KEYS */;
UNLOCK TABLES;

--
-- Table structure for table `ads_translations`
--

DROP TABLE IF EXISTS `ads_translations`;
/*!40101 SET @saved_cs_client     = @@character_set_client */;
/*!50503 SET character_set_client = utf8mb4 */;
CREATE TABLE `ads_translations` (
  `lang_code` varchar(191) COLLATE utf8mb4_unicode_ci NOT NULL,
  `ads_id` bigint unsigned NOT NULL,
  `name` varchar(191) COLLATE utf8mb4_unicode_ci DEFAULT NULL,
  `image` varchar(191) COLLATE utf8mb4_unicode_ci DEFAULT NULL,
  `url` varchar(191) COLLATE utf8mb4_unicode_ci DEFAULT NULL,
  `tablet_image` varchar(191) COLLATE utf8mb4_unicode_ci DEFAULT NULL,
  `mobile_image` varchar(191) COLLATE utf8mb4_unicode_ci DEFAULT NULL,
  PRIMARY KEY (`lang_code`,`ads_id`)
) ENGINE=InnoDB DEFAULT CHARSET=utf8mb4 COLLATE=utf8mb4_unicode_ci;
/*!40101 SET character_set_client = @saved_cs_client */;

--
-- Dumping data for table `ads_translations`
--

LOCK TABLES `ads_translations` WRITE;
/*!40000 ALTER TABLE `ads_translations` DISABLE KEYS */;
/*!40000 ALTER TABLE `ads_translations` ENABLE KEYS */;
UNLOCK TABLES;

--
-- Table structure for table `announcements`
--

DROP TABLE IF EXISTS `announcements`;
/*!40101 SET @saved_cs_client     = @@character_set_client */;
/*!50503 SET character_set_client = utf8mb4 */;
CREATE TABLE `announcements` (
  `id` bigint unsigned NOT NULL AUTO_INCREMENT,
  `name` varchar(191) COLLATE utf8mb4_unicode_ci NOT NULL,
  `content` text COLLATE utf8mb4_unicode_ci NOT NULL,
  `has_action` tinyint(1) NOT NULL DEFAULT '0',
  `action_label` varchar(60) COLLATE utf8mb4_unicode_ci DEFAULT NULL,
  `action_url` varchar(400) COLLATE utf8mb4_unicode_ci DEFAULT NULL,
  `action_open_new_tab` tinyint(1) NOT NULL DEFAULT '0',
  `dismissible` tinyint(1) NOT NULL DEFAULT '0',
  `start_date` datetime DEFAULT NULL,
  `end_date` datetime DEFAULT NULL,
  `is_active` tinyint(1) NOT NULL DEFAULT '1',
  `created_at` timestamp NULL DEFAULT NULL,
  `updated_at` timestamp NULL DEFAULT NULL,
  PRIMARY KEY (`id`)
) ENGINE=InnoDB AUTO_INCREMENT=4 DEFAULT CHARSET=utf8mb4 COLLATE=utf8mb4_unicode_ci;
/*!40101 SET character_set_client = @saved_cs_client */;

--
-- Dumping data for table `announcements`
--

LOCK TABLES `announcements` WRITE;
/*!40000 ALTER TABLE `announcements` DISABLE KEYS */;
INSERT INTO `announcements` VALUES (1,'Announcement 1','<strong>Welcome to our international shop! Enjoy free shipping on orders $100 & up</strong>',1,'Shop now','/',0,1,'2025-12-26 01:50:00',NULL,1,'2025-12-25 18:50:00','2025-12-25 18:50:00'),(2,'Announcement 2','<strong>Trendy 25 silver jewelry, save up 35% off today</strong>',1,'Shop now','/',0,1,'2025-12-26 01:50:00',NULL,1,'2025-12-25 18:50:00','2025-12-25 18:50:00'),(3,'Announcement 3','<strong>Black Friday and Cyber Monday 2023 Deals for Motion Designers, grab it now!</strong>',1,'Shop now','/',0,1,'2025-12-26 01:50:00',NULL,1,'2025-12-25 18:50:00','2025-12-25 18:50:00');
/*!40000 ALTER TABLE `announcements` ENABLE KEYS */;
UNLOCK TABLES;

--
-- Table structure for table `announcements_translations`
--

DROP TABLE IF EXISTS `announcements_translations`;
/*!40101 SET @saved_cs_client     = @@character_set_client */;
/*!50503 SET character_set_client = utf8mb4 */;
CREATE TABLE `announcements_translations` (
  `lang_code` varchar(191) COLLATE utf8mb4_unicode_ci NOT NULL,
  `announcements_id` bigint unsigned NOT NULL,
  `content` text COLLATE utf8mb4_unicode_ci,
  `action_label` varchar(60) COLLATE utf8mb4_unicode_ci DEFAULT NULL,
  PRIMARY KEY (`lang_code`,`announcements_id`)
) ENGINE=InnoDB DEFAULT CHARSET=utf8mb4 COLLATE=utf8mb4_unicode_ci;
/*!40101 SET character_set_client = @saved_cs_client */;

--
-- Dumping data for table `announcements_translations`
--

LOCK TABLES `announcements_translations` WRITE;
/*!40000 ALTER TABLE `announcements_translations` DISABLE KEYS */;
/*!40000 ALTER TABLE `announcements_translations` ENABLE KEYS */;
UNLOCK TABLES;

--
-- Table structure for table `audit_histories`
--

DROP TABLE IF EXISTS `audit_histories`;
/*!40101 SET @saved_cs_client     = @@character_set_client */;
/*!50503 SET character_set_client = utf8mb4 */;
CREATE TABLE `audit_histories` (
  `id` bigint unsigned NOT NULL AUTO_INCREMENT,
  `user_id` bigint unsigned NOT NULL,
  `user_type` varchar(191) COLLATE utf8mb4_unicode_ci DEFAULT 'Botble\\ACL\\Models\\User',
  `module` varchar(60) COLLATE utf8mb4_unicode_ci NOT NULL,
  `request` longtext COLLATE utf8mb4_unicode_ci,
  `action` varchar(120) COLLATE utf8mb4_unicode_ci NOT NULL,
  `user_agent` text COLLATE utf8mb4_unicode_ci,
  `ip_address` varchar(45) COLLATE utf8mb4_unicode_ci DEFAULT NULL,
  `actor_id` bigint unsigned NOT NULL,
  `actor_type` varchar(191) COLLATE utf8mb4_unicode_ci DEFAULT 'Botble\\ACL\\Models\\User',
  `reference_id` bigint unsigned NOT NULL,
  `reference_name` varchar(191) COLLATE utf8mb4_unicode_ci NOT NULL,
  `type` varchar(20) COLLATE utf8mb4_unicode_ci NOT NULL,
  `created_at` timestamp NULL DEFAULT NULL,
  `updated_at` timestamp NULL DEFAULT NULL,
  PRIMARY KEY (`id`),
  KEY `audit_histories_user_id_index` (`user_id`),
  KEY `audit_histories_module_index` (`module`)
) ENGINE=InnoDB DEFAULT CHARSET=utf8mb4 COLLATE=utf8mb4_unicode_ci;
/*!40101 SET character_set_client = @saved_cs_client */;

--
-- Dumping data for table `audit_histories`
--

LOCK TABLES `audit_histories` WRITE;
/*!40000 ALTER TABLE `audit_histories` DISABLE KEYS */;
/*!40000 ALTER TABLE `audit_histories` ENABLE KEYS */;
UNLOCK TABLES;

--
-- Table structure for table `cache`
--

DROP TABLE IF EXISTS `cache`;
/*!40101 SET @saved_cs_client     = @@character_set_client */;
/*!50503 SET character_set_client = utf8mb4 */;
CREATE TABLE `cache` (
  `key` varchar(191) COLLATE utf8mb4_unicode_ci NOT NULL,
  `value` mediumtext COLLATE utf8mb4_unicode_ci NOT NULL,
  `expiration` int NOT NULL,
  PRIMARY KEY (`key`)
) ENGINE=InnoDB DEFAULT CHARSET=utf8mb4 COLLATE=utf8mb4_unicode_ci;
/*!40101 SET character_set_client = @saved_cs_client */;

--
-- Dumping data for table `cache`
--

LOCK TABLES `cache` WRITE;
/*!40000 ALTER TABLE `cache` DISABLE KEYS */;
/*!40000 ALTER TABLE `cache` ENABLE KEYS */;
UNLOCK TABLES;

--
-- Table structure for table `cache_locks`
--

DROP TABLE IF EXISTS `cache_locks`;
/*!40101 SET @saved_cs_client     = @@character_set_client */;
/*!50503 SET character_set_client = utf8mb4 */;
CREATE TABLE `cache_locks` (
  `key` varchar(191) COLLATE utf8mb4_unicode_ci NOT NULL,
  `owner` varchar(191) COLLATE utf8mb4_unicode_ci NOT NULL,
  `expiration` int NOT NULL,
  PRIMARY KEY (`key`)
) ENGINE=InnoDB DEFAULT CHARSET=utf8mb4 COLLATE=utf8mb4_unicode_ci;
/*!40101 SET character_set_client = @saved_cs_client */;

--
-- Dumping data for table `cache_locks`
--

LOCK TABLES `cache_locks` WRITE;
/*!40000 ALTER TABLE `cache_locks` DISABLE KEYS */;
/*!40000 ALTER TABLE `cache_locks` ENABLE KEYS */;
UNLOCK TABLES;

--
-- Table structure for table `categories`
--

DROP TABLE IF EXISTS `categories`;
/*!40101 SET @saved_cs_client     = @@character_set_client */;
/*!50503 SET character_set_client = utf8mb4 */;
CREATE TABLE `categories` (
  `id` bigint unsigned NOT NULL AUTO_INCREMENT,
  `name` varchar(120) COLLATE utf8mb4_unicode_ci NOT NULL,
  `parent_id` bigint unsigned NOT NULL DEFAULT '0',
  `description` varchar(400) COLLATE utf8mb4_unicode_ci DEFAULT NULL,
  `status` varchar(60) COLLATE utf8mb4_unicode_ci NOT NULL DEFAULT 'published',
  `author_id` bigint unsigned DEFAULT NULL,
  `author_type` varchar(191) COLLATE utf8mb4_unicode_ci NOT NULL DEFAULT 'Botble\\ACL\\Models\\User',
  `icon` varchar(60) COLLATE utf8mb4_unicode_ci DEFAULT NULL,
  `order` int unsigned NOT NULL DEFAULT '0',
  `is_featured` tinyint NOT NULL DEFAULT '0',
  `is_default` tinyint unsigned NOT NULL DEFAULT '0',
  `created_at` timestamp NULL DEFAULT NULL,
  `updated_at` timestamp NULL DEFAULT NULL,
  PRIMARY KEY (`id`),
  KEY `categories_parent_id_index` (`parent_id`),
  KEY `categories_status_index` (`status`),
  KEY `categories_created_at_index` (`created_at`)
) ENGINE=InnoDB AUTO_INCREMENT=5 DEFAULT CHARSET=utf8mb4 COLLATE=utf8mb4_unicode_ci;
/*!40101 SET character_set_client = @saved_cs_client */;

--
-- Dumping data for table `categories`
--

LOCK TABLES `categories` WRITE;
/*!40000 ALTER TABLE `categories` DISABLE KEYS */;
INSERT INTO `categories` VALUES (1,'Ecommerce',0,'Explore our collection of articles and insights in this category.','published',1,'Botble\\ACL\\Models\\User',NULL,0,0,0,'2025-12-25 18:49:28','2025-12-25 18:49:28'),(2,'Fashion',0,'Explore our collection of articles and insights in this category.','published',1,'Botble\\ACL\\Models\\User',NULL,0,1,0,'2025-12-25 18:49:28','2025-12-25 18:49:28'),(3,'Electronic',0,'Explore our collection of articles and insights in this category.','published',1,'Botble\\ACL\\Models\\User',NULL,0,1,0,'2025-12-25 18:49:28','2025-12-25 18:49:28'),(4,'Commercial',0,'Explore our collection of articles and insights in this category.','published',1,'Botble\\ACL\\Models\\User',NULL,0,1,0,'2025-12-25 18:49:28','2025-12-25 18:49:28');
/*!40000 ALTER TABLE `categories` ENABLE KEYS */;
UNLOCK TABLES;

--
-- Table structure for table `categories_translations`
--

DROP TABLE IF EXISTS `categories_translations`;
/*!40101 SET @saved_cs_client     = @@character_set_client */;
/*!50503 SET character_set_client = utf8mb4 */;
CREATE TABLE `categories_translations` (
  `lang_code` varchar(20) COLLATE utf8mb4_unicode_ci NOT NULL,
  `categories_id` bigint unsigned NOT NULL,
  `name` varchar(191) COLLATE utf8mb4_unicode_ci DEFAULT NULL,
  `description` varchar(400) COLLATE utf8mb4_unicode_ci DEFAULT NULL,
  PRIMARY KEY (`lang_code`,`categories_id`),
  KEY `idx_categories_trans_categories_id` (`categories_id`),
  KEY `idx_categories_trans_category_lang` (`categories_id`,`lang_code`)
) ENGINE=InnoDB DEFAULT CHARSET=utf8mb4 COLLATE=utf8mb4_unicode_ci;
/*!40101 SET character_set_client = @saved_cs_client */;

--
-- Dumping data for table `categories_translations`
--

LOCK TABLES `categories_translations` WRITE;
/*!40000 ALTER TABLE `categories_translations` DISABLE KEYS */;
/*!40000 ALTER TABLE `categories_translations` ENABLE KEYS */;
UNLOCK TABLES;

--
-- Table structure for table `cities`
--

DROP TABLE IF EXISTS `cities`;
/*!40101 SET @saved_cs_client     = @@character_set_client */;
/*!50503 SET character_set_client = utf8mb4 */;
CREATE TABLE `cities` (
  `id` bigint unsigned NOT NULL AUTO_INCREMENT,
  `name` varchar(120) COLLATE utf8mb4_unicode_ci NOT NULL,
  `slug` varchar(120) COLLATE utf8mb4_unicode_ci DEFAULT NULL,
  `state_id` bigint unsigned DEFAULT NULL,
  `country_id` bigint unsigned DEFAULT NULL,
  `record_id` varchar(40) COLLATE utf8mb4_unicode_ci DEFAULT NULL,
  `order` tinyint NOT NULL DEFAULT '0',
  `image` varchar(191) COLLATE utf8mb4_unicode_ci DEFAULT NULL,
  `is_default` tinyint unsigned NOT NULL DEFAULT '0',
  `status` varchar(60) COLLATE utf8mb4_unicode_ci NOT NULL DEFAULT 'published',
  `created_at` timestamp NULL DEFAULT NULL,
  `updated_at` timestamp NULL DEFAULT NULL,
  `zip_code` varchar(20) COLLATE utf8mb4_unicode_ci DEFAULT NULL,
  PRIMARY KEY (`id`),
  UNIQUE KEY `cities_slug_unique` (`slug`),
  KEY `idx_cities_name` (`name`),
  KEY `idx_cities_state_status` (`state_id`,`status`),
  KEY `idx_cities_status` (`status`),
  KEY `idx_cities_state_id` (`state_id`)
) ENGINE=InnoDB DEFAULT CHARSET=utf8mb4 COLLATE=utf8mb4_unicode_ci;
/*!40101 SET character_set_client = @saved_cs_client */;

--
-- Dumping data for table `cities`
--

LOCK TABLES `cities` WRITE;
/*!40000 ALTER TABLE `cities` DISABLE KEYS */;
/*!40000 ALTER TABLE `cities` ENABLE KEYS */;
UNLOCK TABLES;

--
-- Table structure for table `cities_translations`
--

DROP TABLE IF EXISTS `cities_translations`;
/*!40101 SET @saved_cs_client     = @@character_set_client */;
/*!50503 SET character_set_client = utf8mb4 */;
CREATE TABLE `cities_translations` (
  `lang_code` varchar(20) COLLATE utf8mb4_unicode_ci NOT NULL,
  `cities_id` bigint unsigned NOT NULL,
  `name` varchar(120) COLLATE utf8mb4_unicode_ci DEFAULT NULL,
  `slug` varchar(120) COLLATE utf8mb4_unicode_ci DEFAULT NULL,
  PRIMARY KEY (`lang_code`,`cities_id`),
  KEY `idx_cities_trans_city_lang` (`cities_id`,`lang_code`),
  KEY `idx_cities_trans_name` (`name`),
  KEY `idx_cities_trans_cities_id` (`cities_id`)
) ENGINE=InnoDB DEFAULT CHARSET=utf8mb4 COLLATE=utf8mb4_unicode_ci;
/*!40101 SET character_set_client = @saved_cs_client */;

--
-- Dumping data for table `cities_translations`
--

LOCK TABLES `cities_translations` WRITE;
/*!40000 ALTER TABLE `cities_translations` DISABLE KEYS */;
/*!40000 ALTER TABLE `cities_translations` ENABLE KEYS */;
UNLOCK TABLES;

--
-- Table structure for table `contact_custom_field_options`
--

DROP TABLE IF EXISTS `contact_custom_field_options`;
/*!40101 SET @saved_cs_client     = @@character_set_client */;
/*!50503 SET character_set_client = utf8mb4 */;
CREATE TABLE `contact_custom_field_options` (
  `id` bigint unsigned NOT NULL AUTO_INCREMENT,
  `custom_field_id` bigint unsigned NOT NULL,
  `label` varchar(191) COLLATE utf8mb4_unicode_ci DEFAULT NULL,
  `value` varchar(191) COLLATE utf8mb4_unicode_ci NOT NULL,
  `order` int NOT NULL DEFAULT '999',
  `created_at` timestamp NULL DEFAULT NULL,
  `updated_at` timestamp NULL DEFAULT NULL,
  PRIMARY KEY (`id`)
) ENGINE=InnoDB DEFAULT CHARSET=utf8mb4 COLLATE=utf8mb4_unicode_ci;
/*!40101 SET character_set_client = @saved_cs_client */;

--
-- Dumping data for table `contact_custom_field_options`
--

LOCK TABLES `contact_custom_field_options` WRITE;
/*!40000 ALTER TABLE `contact_custom_field_options` DISABLE KEYS */;
/*!40000 ALTER TABLE `contact_custom_field_options` ENABLE KEYS */;
UNLOCK TABLES;

--
-- Table structure for table `contact_custom_field_options_translations`
--

DROP TABLE IF EXISTS `contact_custom_field_options_translations`;
/*!40101 SET @saved_cs_client     = @@character_set_client */;
/*!50503 SET character_set_client = utf8mb4 */;
CREATE TABLE `contact_custom_field_options_translations` (
  `contact_custom_field_options_id` bigint unsigned NOT NULL,
  `lang_code` varchar(191) COLLATE utf8mb4_unicode_ci NOT NULL,
  `label` varchar(191) COLLATE utf8mb4_unicode_ci DEFAULT NULL,
  `value` varchar(191) COLLATE utf8mb4_unicode_ci DEFAULT NULL,
  PRIMARY KEY (`lang_code`,`contact_custom_field_options_id`),
  KEY `idx_contact_cfo_trans_cfo_id` (`contact_custom_field_options_id`),
  KEY `idx_contact_cfo_trans_cfo_lang` (`contact_custom_field_options_id`,`lang_code`)
) ENGINE=InnoDB DEFAULT CHARSET=utf8mb4 COLLATE=utf8mb4_unicode_ci;
/*!40101 SET character_set_client = @saved_cs_client */;

--
-- Dumping data for table `contact_custom_field_options_translations`
--

LOCK TABLES `contact_custom_field_options_translations` WRITE;
/*!40000 ALTER TABLE `contact_custom_field_options_translations` DISABLE KEYS */;
/*!40000 ALTER TABLE `contact_custom_field_options_translations` ENABLE KEYS */;
UNLOCK TABLES;

--
-- Table structure for table `contact_custom_fields`
--

DROP TABLE IF EXISTS `contact_custom_fields`;
/*!40101 SET @saved_cs_client     = @@character_set_client */;
/*!50503 SET character_set_client = utf8mb4 */;
CREATE TABLE `contact_custom_fields` (
  `id` bigint unsigned NOT NULL AUTO_INCREMENT,
  `type` varchar(191) COLLATE utf8mb4_unicode_ci NOT NULL,
  `required` tinyint(1) NOT NULL DEFAULT '0',
  `name` varchar(191) COLLATE utf8mb4_unicode_ci NOT NULL,
  `placeholder` varchar(191) COLLATE utf8mb4_unicode_ci DEFAULT NULL,
  `order` int NOT NULL DEFAULT '999',
  `status` varchar(191) COLLATE utf8mb4_unicode_ci NOT NULL DEFAULT 'published',
  `created_at` timestamp NULL DEFAULT NULL,
  `updated_at` timestamp NULL DEFAULT NULL,
  PRIMARY KEY (`id`)
) ENGINE=InnoDB DEFAULT CHARSET=utf8mb4 COLLATE=utf8mb4_unicode_ci;
/*!40101 SET character_set_client = @saved_cs_client */;

--
-- Dumping data for table `contact_custom_fields`
--

LOCK TABLES `contact_custom_fields` WRITE;
/*!40000 ALTER TABLE `contact_custom_fields` DISABLE KEYS */;
/*!40000 ALTER TABLE `contact_custom_fields` ENABLE KEYS */;
UNLOCK TABLES;

--
-- Table structure for table `contact_custom_fields_translations`
--

DROP TABLE IF EXISTS `contact_custom_fields_translations`;
/*!40101 SET @saved_cs_client     = @@character_set_client */;
/*!50503 SET character_set_client = utf8mb4 */;
CREATE TABLE `contact_custom_fields_translations` (
  `contact_custom_fields_id` bigint unsigned NOT NULL,
  `lang_code` varchar(191) COLLATE utf8mb4_unicode_ci NOT NULL,
  `name` varchar(191) COLLATE utf8mb4_unicode_ci DEFAULT NULL,
  `placeholder` varchar(191) COLLATE utf8mb4_unicode_ci DEFAULT NULL,
  PRIMARY KEY (`lang_code`,`contact_custom_fields_id`),
  KEY `idx_contact_cf_trans_cf_id` (`contact_custom_fields_id`),
  KEY `idx_contact_cf_trans_cf_lang` (`contact_custom_fields_id`,`lang_code`)
) ENGINE=InnoDB DEFAULT CHARSET=utf8mb4 COLLATE=utf8mb4_unicode_ci;
/*!40101 SET character_set_client = @saved_cs_client */;

--
-- Dumping data for table `contact_custom_fields_translations`
--

LOCK TABLES `contact_custom_fields_translations` WRITE;
/*!40000 ALTER TABLE `contact_custom_fields_translations` DISABLE KEYS */;
/*!40000 ALTER TABLE `contact_custom_fields_translations` ENABLE KEYS */;
UNLOCK TABLES;

--
-- Table structure for table `contact_replies`
--

DROP TABLE IF EXISTS `contact_replies`;
/*!40101 SET @saved_cs_client     = @@character_set_client */;
/*!50503 SET character_set_client = utf8mb4 */;
CREATE TABLE `contact_replies` (
  `id` bigint unsigned NOT NULL AUTO_INCREMENT,
  `message` longtext COLLATE utf8mb4_unicode_ci NOT NULL,
  `contact_id` bigint unsigned NOT NULL,
  `created_at` timestamp NULL DEFAULT NULL,
  `updated_at` timestamp NULL DEFAULT NULL,
  PRIMARY KEY (`id`)
) ENGINE=InnoDB DEFAULT CHARSET=utf8mb4 COLLATE=utf8mb4_unicode_ci;
/*!40101 SET character_set_client = @saved_cs_client */;

--
-- Dumping data for table `contact_replies`
--

LOCK TABLES `contact_replies` WRITE;
/*!40000 ALTER TABLE `contact_replies` DISABLE KEYS */;
/*!40000 ALTER TABLE `contact_replies` ENABLE KEYS */;
UNLOCK TABLES;

--
-- Table structure for table `contacts`
--

DROP TABLE IF EXISTS `contacts`;
/*!40101 SET @saved_cs_client     = @@character_set_client */;
/*!50503 SET character_set_client = utf8mb4 */;
CREATE TABLE `contacts` (
  `id` bigint unsigned NOT NULL AUTO_INCREMENT,
  `name` varchar(60) COLLATE utf8mb4_unicode_ci NOT NULL,
  `email` varchar(60) COLLATE utf8mb4_unicode_ci DEFAULT NULL,
  `phone` varchar(60) COLLATE utf8mb4_unicode_ci DEFAULT NULL,
  `address` varchar(120) COLLATE utf8mb4_unicode_ci DEFAULT NULL,
  `subject` varchar(120) COLLATE utf8mb4_unicode_ci DEFAULT NULL,
  `content` longtext COLLATE utf8mb4_unicode_ci NOT NULL,
  `custom_fields` text COLLATE utf8mb4_unicode_ci,
  `status` varchar(60) COLLATE utf8mb4_unicode_ci NOT NULL DEFAULT 'unread',
  `created_at` timestamp NULL DEFAULT NULL,
  `updated_at` timestamp NULL DEFAULT NULL,
  PRIMARY KEY (`id`)
) ENGINE=InnoDB DEFAULT CHARSET=utf8mb4 COLLATE=utf8mb4_unicode_ci;
/*!40101 SET character_set_client = @saved_cs_client */;

--
-- Dumping data for table `contacts`
--

LOCK TABLES `contacts` WRITE;
/*!40000 ALTER TABLE `contacts` DISABLE KEYS */;
/*!40000 ALTER TABLE `contacts` ENABLE KEYS */;
UNLOCK TABLES;

--
-- Table structure for table `countries`
--

DROP TABLE IF EXISTS `countries`;
/*!40101 SET @saved_cs_client     = @@character_set_client */;
/*!50503 SET character_set_client = utf8mb4 */;
CREATE TABLE `countries` (
  `id` bigint unsigned NOT NULL AUTO_INCREMENT,
  `name` varchar(120) COLLATE utf8mb4_unicode_ci NOT NULL,
  `nationality` varchar(120) COLLATE utf8mb4_unicode_ci DEFAULT NULL,
  `order` tinyint NOT NULL DEFAULT '0',
  `image` varchar(191) COLLATE utf8mb4_unicode_ci DEFAULT NULL,
  `is_default` tinyint unsigned NOT NULL DEFAULT '0',
  `status` varchar(60) COLLATE utf8mb4_unicode_ci NOT NULL DEFAULT 'published',
  `created_at` timestamp NULL DEFAULT NULL,
  `updated_at` timestamp NULL DEFAULT NULL,
  `code` varchar(10) COLLATE utf8mb4_unicode_ci DEFAULT NULL,
  PRIMARY KEY (`id`),
  KEY `idx_countries_name` (`name`),
  KEY `idx_countries_status` (`status`)
) ENGINE=InnoDB DEFAULT CHARSET=utf8mb4 COLLATE=utf8mb4_unicode_ci;
/*!40101 SET character_set_client = @saved_cs_client */;

--
-- Dumping data for table `countries`
--

LOCK TABLES `countries` WRITE;
/*!40000 ALTER TABLE `countries` DISABLE KEYS */;
/*!40000 ALTER TABLE `countries` ENABLE KEYS */;
UNLOCK TABLES;

--
-- Table structure for table `countries_translations`
--

DROP TABLE IF EXISTS `countries_translations`;
/*!40101 SET @saved_cs_client     = @@character_set_client */;
/*!50503 SET character_set_client = utf8mb4 */;
CREATE TABLE `countries_translations` (
  `lang_code` varchar(20) COLLATE utf8mb4_unicode_ci NOT NULL,
  `countries_id` bigint unsigned NOT NULL,
  `name` varchar(120) COLLATE utf8mb4_unicode_ci DEFAULT NULL,
  `nationality` varchar(120) COLLATE utf8mb4_unicode_ci DEFAULT NULL,
  PRIMARY KEY (`lang_code`,`countries_id`),
  KEY `idx_countries_trans_country_lang` (`countries_id`,`lang_code`),
  KEY `idx_countries_trans_name` (`name`),
  KEY `idx_countries_trans_countries_id` (`countries_id`)
) ENGINE=InnoDB DEFAULT CHARSET=utf8mb4 COLLATE=utf8mb4_unicode_ci;
/*!40101 SET character_set_client = @saved_cs_client */;

--
-- Dumping data for table `countries_translations`
--

LOCK TABLES `countries_translations` WRITE;
/*!40000 ALTER TABLE `countries_translations` DISABLE KEYS */;
/*!40000 ALTER TABLE `countries_translations` ENABLE KEYS */;
UNLOCK TABLES;

--
-- Table structure for table `dashboard_widget_settings`
--

DROP TABLE IF EXISTS `dashboard_widget_settings`;
/*!40101 SET @saved_cs_client     = @@character_set_client */;
/*!50503 SET character_set_client = utf8mb4 */;
CREATE TABLE `dashboard_widget_settings` (
  `id` bigint unsigned NOT NULL AUTO_INCREMENT,
  `settings` text COLLATE utf8mb4_unicode_ci,
  `user_id` bigint unsigned NOT NULL,
  `widget_id` bigint unsigned NOT NULL,
  `order` tinyint unsigned NOT NULL DEFAULT '0',
  `status` tinyint unsigned NOT NULL DEFAULT '1',
  `created_at` timestamp NULL DEFAULT NULL,
  `updated_at` timestamp NULL DEFAULT NULL,
  PRIMARY KEY (`id`),
  KEY `dashboard_widget_settings_user_id_index` (`user_id`),
  KEY `dashboard_widget_settings_widget_id_index` (`widget_id`)
) ENGINE=InnoDB DEFAULT CHARSET=utf8mb4 COLLATE=utf8mb4_unicode_ci;
/*!40101 SET character_set_client = @saved_cs_client */;

--
-- Dumping data for table `dashboard_widget_settings`
--

LOCK TABLES `dashboard_widget_settings` WRITE;
/*!40000 ALTER TABLE `dashboard_widget_settings` DISABLE KEYS */;
/*!40000 ALTER TABLE `dashboard_widget_settings` ENABLE KEYS */;
UNLOCK TABLES;

--
-- Table structure for table `dashboard_widgets`
--

DROP TABLE IF EXISTS `dashboard_widgets`;
/*!40101 SET @saved_cs_client     = @@character_set_client */;
/*!50503 SET character_set_client = utf8mb4 */;
CREATE TABLE `dashboard_widgets` (
  `id` bigint unsigned NOT NULL AUTO_INCREMENT,
  `name` varchar(120) COLLATE utf8mb4_unicode_ci NOT NULL,
  `created_at` timestamp NULL DEFAULT NULL,
  `updated_at` timestamp NULL DEFAULT NULL,
  PRIMARY KEY (`id`)
) ENGINE=InnoDB DEFAULT CHARSET=utf8mb4 COLLATE=utf8mb4_unicode_ci;
/*!40101 SET character_set_client = @saved_cs_client */;

--
-- Dumping data for table `dashboard_widgets`
--

LOCK TABLES `dashboard_widgets` WRITE;
/*!40000 ALTER TABLE `dashboard_widgets` DISABLE KEYS */;
/*!40000 ALTER TABLE `dashboard_widgets` ENABLE KEYS */;
UNLOCK TABLES;

--
-- Table structure for table `device_tokens`
--

DROP TABLE IF EXISTS `device_tokens`;
/*!40101 SET @saved_cs_client     = @@character_set_client */;
/*!50503 SET character_set_client = utf8mb4 */;
CREATE TABLE `device_tokens` (
  `id` bigint unsigned NOT NULL AUTO_INCREMENT,
  `token` varchar(191) COLLATE utf8mb4_unicode_ci NOT NULL,
  `platform` varchar(191) COLLATE utf8mb4_unicode_ci DEFAULT NULL,
  `app_version` varchar(191) COLLATE utf8mb4_unicode_ci DEFAULT NULL,
  `device_id` varchar(191) COLLATE utf8mb4_unicode_ci DEFAULT NULL,
  `user_type` varchar(191) COLLATE utf8mb4_unicode_ci DEFAULT NULL,
  `user_id` bigint unsigned DEFAULT NULL,
  `is_active` tinyint(1) NOT NULL DEFAULT '1',
  `last_used_at` timestamp NULL DEFAULT NULL,
  `created_at` timestamp NULL DEFAULT NULL,
  `updated_at` timestamp NULL DEFAULT NULL,
  PRIMARY KEY (`id`),
  UNIQUE KEY `device_tokens_token_unique` (`token`),
  KEY `device_tokens_user_type_user_id_index` (`user_type`,`user_id`),
  KEY `device_tokens_platform_is_active_index` (`platform`,`is_active`),
  KEY `device_tokens_is_active_index` (`is_active`)
) ENGINE=InnoDB DEFAULT CHARSET=utf8mb4 COLLATE=utf8mb4_unicode_ci;
/*!40101 SET character_set_client = @saved_cs_client */;

--
-- Dumping data for table `device_tokens`
--

LOCK TABLES `device_tokens` WRITE;
/*!40000 ALTER TABLE `device_tokens` DISABLE KEYS */;
/*!40000 ALTER TABLE `device_tokens` ENABLE KEYS */;
UNLOCK TABLES;

--
-- Table structure for table `ec_abandoned_carts`
--

DROP TABLE IF EXISTS `ec_abandoned_carts`;
/*!40101 SET @saved_cs_client     = @@character_set_client */;
/*!50503 SET character_set_client = utf8mb4 */;
CREATE TABLE `ec_abandoned_carts` (
  `id` bigint unsigned NOT NULL AUTO_INCREMENT,
  `customer_id` bigint unsigned DEFAULT NULL,
  `session_id` varchar(191) COLLATE utf8mb4_unicode_ci DEFAULT NULL,
  `cart_data` json NOT NULL,
  `total_amount` decimal(15,2) NOT NULL DEFAULT '0.00',
  `items_count` int NOT NULL DEFAULT '0',
  `email` varchar(191) COLLATE utf8mb4_unicode_ci DEFAULT NULL,
  `phone` varchar(191) COLLATE utf8mb4_unicode_ci DEFAULT NULL,
  `customer_name` varchar(191) COLLATE utf8mb4_unicode_ci DEFAULT NULL,
  `abandoned_at` timestamp NULL DEFAULT NULL,
  `reminder_sent_at` timestamp NULL DEFAULT NULL,
  `reminders_sent` int NOT NULL DEFAULT '0',
  `last_email_sequence` tinyint unsigned NOT NULL DEFAULT '0',
  `recovery_token` varchar(64) COLLATE utf8mb4_unicode_ci DEFAULT NULL,
  `coupon_code` varchar(32) COLLATE utf8mb4_unicode_ci DEFAULT NULL,
  `clicked_at` timestamp NULL DEFAULT NULL,
  `unsubscribe_token` varchar(64) COLLATE utf8mb4_unicode_ci DEFAULT NULL,
  `unsubscribed_at` timestamp NULL DEFAULT NULL,
  `is_recovered` tinyint(1) NOT NULL DEFAULT '0',
  `recovered_at` timestamp NULL DEFAULT NULL,
  `recovered_order_id` bigint unsigned DEFAULT NULL,
  `created_at` timestamp NULL DEFAULT NULL,
  `updated_at` timestamp NULL DEFAULT NULL,
  PRIMARY KEY (`id`),
  UNIQUE KEY `ec_abandoned_carts_recovery_token_unique` (`recovery_token`),
  UNIQUE KEY `ec_abandoned_carts_unsubscribe_token_unique` (`unsubscribe_token`),
  KEY `ec_abandoned_carts_abandoned_at_is_recovered_index` (`abandoned_at`,`is_recovered`),
  KEY `ec_abandoned_carts_created_at_is_recovered_index` (`created_at`,`is_recovered`),
  KEY `ec_abandoned_carts_customer_id_index` (`customer_id`),
  KEY `ec_abandoned_carts_session_id_index` (`session_id`),
  KEY `ec_abandoned_carts_email_index` (`email`),
  KEY `ec_abandoned_carts_recovered_order_id_index` (`recovered_order_id`)
) ENGINE=InnoDB DEFAULT CHARSET=utf8mb4 COLLATE=utf8mb4_unicode_ci;
/*!40101 SET character_set_client = @saved_cs_client */;

--
-- Dumping data for table `ec_abandoned_carts`
--

LOCK TABLES `ec_abandoned_carts` WRITE;
/*!40000 ALTER TABLE `ec_abandoned_carts` DISABLE KEYS */;
/*!40000 ALTER TABLE `ec_abandoned_carts` ENABLE KEYS */;
UNLOCK TABLES;

--
-- Table structure for table `ec_brands`
--

DROP TABLE IF EXISTS `ec_brands`;
/*!40101 SET @saved_cs_client     = @@character_set_client */;
/*!50503 SET character_set_client = utf8mb4 */;
CREATE TABLE `ec_brands` (
  `id` bigint unsigned NOT NULL AUTO_INCREMENT,
  `name` varchar(191) COLLATE utf8mb4_unicode_ci NOT NULL,
  `description` mediumtext COLLATE utf8mb4_unicode_ci,
  `website` varchar(191) COLLATE utf8mb4_unicode_ci DEFAULT NULL,
  `logo` varchar(191) COLLATE utf8mb4_unicode_ci DEFAULT NULL,
  `status` varchar(60) COLLATE utf8mb4_unicode_ci NOT NULL DEFAULT 'published',
  `order` tinyint unsigned NOT NULL DEFAULT '0',
  `is_featured` tinyint unsigned NOT NULL DEFAULT '0',
  `created_at` timestamp NULL DEFAULT NULL,
  `updated_at` timestamp NULL DEFAULT NULL,
  PRIMARY KEY (`id`)
) ENGINE=InnoDB AUTO_INCREMENT=7 DEFAULT CHARSET=utf8mb4 COLLATE=utf8mb4_unicode_ci;
/*!40101 SET character_set_client = @saved_cs_client */;

--
-- Dumping data for table `ec_brands`
--

LOCK TABLES `ec_brands` WRITE;
/*!40000 ALTER TABLE `ec_brands` DISABLE KEYS */;
INSERT INTO `ec_brands` VALUES (1,'Fashion live',NULL,NULL,'brands/brand-01.png','published',0,1,'2025-12-25 18:49:35','2025-12-25 18:49:35'),(2,'Hand crafted',NULL,NULL,'brands/brand-02.png','published',1,0,'2025-12-25 18:49:35','2025-12-25 18:49:35'),(3,'Mestonix',NULL,NULL,'brands/brand-03.png','published',2,0,'2025-12-25 18:49:35','2025-12-25 18:49:35'),(4,'Sunshine',NULL,NULL,'brands/brand-04.png','published',3,1,'2025-12-25 18:49:35','2025-12-25 18:49:35'),(5,'Pure',NULL,NULL,'brands/brand-05.png','published',4,0,'2025-12-25 18:49:35','2025-12-25 18:49:35'),(6,'Anfold',NULL,NULL,'brands/brand-06.png','published',5,1,'2025-12-25 18:49:35','2025-12-25 18:49:35');
/*!40000 ALTER TABLE `ec_brands` ENABLE KEYS */;
UNLOCK TABLES;

--
-- Table structure for table `ec_brands_translations`
--

DROP TABLE IF EXISTS `ec_brands_translations`;
/*!40101 SET @saved_cs_client     = @@character_set_client */;
/*!50503 SET character_set_client = utf8mb4 */;
CREATE TABLE `ec_brands_translations` (
  `lang_code` varchar(191) COLLATE utf8mb4_unicode_ci NOT NULL,
  `ec_brands_id` bigint unsigned NOT NULL,
  `name` varchar(191) COLLATE utf8mb4_unicode_ci DEFAULT NULL,
  `description` mediumtext COLLATE utf8mb4_unicode_ci,
  PRIMARY KEY (`lang_code`,`ec_brands_id`),
  KEY `idx_brands_fk` (`ec_brands_id`),
  KEY `idx_brands_brands_lang` (`ec_brands_id`,`lang_code`)
) ENGINE=InnoDB DEFAULT CHARSET=utf8mb4 COLLATE=utf8mb4_unicode_ci;
/*!40101 SET character_set_client = @saved_cs_client */;

--
-- Dumping data for table `ec_brands_translations`
--

LOCK TABLES `ec_brands_translations` WRITE;
/*!40000 ALTER TABLE `ec_brands_translations` DISABLE KEYS */;
/*!40000 ALTER TABLE `ec_brands_translations` ENABLE KEYS */;
UNLOCK TABLES;

--
-- Table structure for table `ec_cart`
--

DROP TABLE IF EXISTS `ec_cart`;
/*!40101 SET @saved_cs_client     = @@character_set_client */;
/*!50503 SET character_set_client = utf8mb4 */;
CREATE TABLE `ec_cart` (
  `identifier` varchar(60) COLLATE utf8mb4_unicode_ci NOT NULL,
  `instance` varchar(60) COLLATE utf8mb4_unicode_ci NOT NULL,
  `content` longtext COLLATE utf8mb4_unicode_ci NOT NULL,
  `created_at` timestamp NULL DEFAULT NULL,
  `updated_at` timestamp NULL DEFAULT NULL,
  PRIMARY KEY (`identifier`,`instance`)
) ENGINE=InnoDB DEFAULT CHARSET=utf8mb4 COLLATE=utf8mb4_unicode_ci;
/*!40101 SET character_set_client = @saved_cs_client */;

--
-- Dumping data for table `ec_cart`
--

LOCK TABLES `ec_cart` WRITE;
/*!40000 ALTER TABLE `ec_cart` DISABLE KEYS */;
/*!40000 ALTER TABLE `ec_cart` ENABLE KEYS */;
UNLOCK TABLES;

--
-- Table structure for table `ec_currencies`
--

DROP TABLE IF EXISTS `ec_currencies`;
/*!40101 SET @saved_cs_client     = @@character_set_client */;
/*!50503 SET character_set_client = utf8mb4 */;
CREATE TABLE `ec_currencies` (
  `id` bigint unsigned NOT NULL AUTO_INCREMENT,
  `title` varchar(191) COLLATE utf8mb4_unicode_ci NOT NULL,
  `symbol` varchar(10) COLLATE utf8mb4_unicode_ci NOT NULL,
  `is_prefix_symbol` tinyint unsigned NOT NULL DEFAULT '0',
  `decimals` tinyint unsigned DEFAULT '0',
  `number_format_style` varchar(50) COLLATE utf8mb4_unicode_ci NOT NULL DEFAULT 'western',
  `space_between_price_and_currency` tinyint(1) NOT NULL DEFAULT '0',
  `order` int unsigned DEFAULT '0',
  `is_default` tinyint NOT NULL DEFAULT '0',
  `exchange_rate` double NOT NULL DEFAULT '1',
  `created_at` timestamp NULL DEFAULT NULL,
  `updated_at` timestamp NULL DEFAULT NULL,
  PRIMARY KEY (`id`)
) ENGINE=InnoDB AUTO_INCREMENT=5 DEFAULT CHARSET=utf8mb4 COLLATE=utf8mb4_unicode_ci;
/*!40101 SET character_set_client = @saved_cs_client */;

--
-- Dumping data for table `ec_currencies`
--

LOCK TABLES `ec_currencies` WRITE;
/*!40000 ALTER TABLE `ec_currencies` DISABLE KEYS */;
INSERT INTO `ec_currencies` VALUES (1,'USD','$',1,2,'western',0,0,1,1,'2025-12-25 18:49:26','2025-12-25 18:49:26'),(2,'EUR','€',0,2,'western',0,1,0,0.84,'2025-12-25 18:49:26','2025-12-25 18:49:26'),(3,'VND','₫',0,0,'western',0,2,0,23203,'2025-12-25 18:49:26','2025-12-25 18:49:26'),(4,'NGN','₦',1,2,'western',0,2,0,895.52,'2025-12-25 18:49:26','2025-12-25 18:49:26');
/*!40000 ALTER TABLE `ec_currencies` ENABLE KEYS */;
UNLOCK TABLES;

--
-- Table structure for table `ec_customer_addresses`
--

DROP TABLE IF EXISTS `ec_customer_addresses`;
/*!40101 SET @saved_cs_client     = @@character_set_client */;
/*!50503 SET character_set_client = utf8mb4 */;
CREATE TABLE `ec_customer_addresses` (
  `id` bigint unsigned NOT NULL AUTO_INCREMENT,
  `name` varchar(191) COLLATE utf8mb4_unicode_ci NOT NULL,
  `email` varchar(60) COLLATE utf8mb4_unicode_ci DEFAULT NULL,
  `phone` varchar(20) COLLATE utf8mb4_unicode_ci DEFAULT NULL,
  `country` varchar(120) COLLATE utf8mb4_unicode_ci DEFAULT NULL,
  `state` varchar(120) COLLATE utf8mb4_unicode_ci DEFAULT NULL,
  `city` varchar(120) COLLATE utf8mb4_unicode_ci DEFAULT NULL,
  `address` varchar(191) COLLATE utf8mb4_unicode_ci DEFAULT NULL,
  `customer_id` bigint unsigned NOT NULL,
  `is_default` tinyint unsigned NOT NULL DEFAULT '0',
  `created_at` timestamp NULL DEFAULT NULL,
  `updated_at` timestamp NULL DEFAULT NULL,
  `zip_code` varchar(20) COLLATE utf8mb4_unicode_ci DEFAULT NULL,
  PRIMARY KEY (`id`)
) ENGINE=InnoDB AUTO_INCREMENT=13 DEFAULT CHARSET=utf8mb4 COLLATE=utf8mb4_unicode_ci;
/*!40101 SET character_set_client = @saved_cs_client */;

--
-- Dumping data for table `ec_customer_addresses`
--

LOCK TABLES `ec_customer_addresses` WRITE;
/*!40000 ALTER TABLE `ec_customer_addresses` DISABLE KEYS */;
INSERT INTO `ec_customer_addresses` VALUES (1,'Allison Denesik','customer@botble.com','+19193685279','TR','Florida','East Bertrandton','46160 Bernadette Manor Suite 823',1,1,'2025-12-25 18:49:54','2025-12-25 18:49:54','11079'),(2,'Allison Denesik','customer@botble.com','+12698786346','US','Oklahoma','Schillerville','2232 Nolan Light Suite 040',1,0,'2025-12-25 18:49:54','2025-12-25 18:49:54','23889'),(3,'Gertrude Reynolds','john.smith@botble.com','+12314372800','AS','Rhode Island','South Rickeymouth','3189 Manley Pass',2,1,'2025-12-25 18:49:54','2025-12-25 18:49:54','41741-5623'),(4,'Gertrude Reynolds','john.smith@botble.com','+15805002278','ST','California','North Lenorabury','856 Mathilde Shoals',2,0,'2025-12-25 18:49:54','2025-12-25 18:49:54','89346-7900'),(5,'Dorothy Koss','ikuvalis@example.com','+19147555312','CC','Wyoming','Vestachester','3060 Wilkinson Overpass Apt. 895',3,1,'2025-12-25 18:49:54','2025-12-25 18:49:54','12227-8867'),(6,'Izaiah Jacobson','grady.chaim@example.org','+19593489750','AZ','Alaska','Camyllefurt','5635 Reinhold Roads',4,1,'2025-12-25 18:49:54','2025-12-25 18:49:54','27891-3140'),(7,'Brendon Yundt','heaney.rubie@example.net','+17856608367','VE','New Mexico','Port Lurline','66123 Conn Springs Suite 592',5,1,'2025-12-25 18:49:54','2025-12-25 18:49:54','29062'),(8,'Agnes Maggio','langworth.gerson@example.net','+17204940221','RE','West Virginia','Port Jeffreyton','3992 Bechtelar Village',6,1,'2025-12-25 18:49:55','2025-12-25 18:49:55','00771-0793'),(9,'Enos Hammes','morris57@example.org','+18313620946','ET','Washington','Mavisshire','1639 Armando Summit Suite 682',7,1,'2025-12-25 18:49:55','2025-12-25 18:49:55','14137'),(10,'Karina Smith','austin.johnson@example.com','+15203356856','KP','South Dakota','Streichbury','9722 Volkman Inlet',8,1,'2025-12-25 18:49:55','2025-12-25 18:49:55','93401'),(11,'Daisha Koelpin','emmie.schaden@example.net','+12409950605','AM','Georgia','North Waylonland','46228 Jessika Canyon',9,1,'2025-12-25 18:49:55','2025-12-25 18:49:55','97979-4025'),(12,'Uriel Borer','titus.mueller@example.net','+14435142496','AO','Vermont','West Ebbastad','3341 Wilmer Shores Suite 131',10,1,'2025-12-25 18:49:56','2025-12-25 18:49:56','67361');
/*!40000 ALTER TABLE `ec_customer_addresses` ENABLE KEYS */;
UNLOCK TABLES;

--
-- Table structure for table `ec_customer_deletion_requests`
--

DROP TABLE IF EXISTS `ec_customer_deletion_requests`;
/*!40101 SET @saved_cs_client     = @@character_set_client */;
/*!50503 SET character_set_client = utf8mb4 */;
CREATE TABLE `ec_customer_deletion_requests` (
  `id` bigint unsigned NOT NULL AUTO_INCREMENT,
  `customer_id` bigint unsigned NOT NULL,
  `customer_name` varchar(191) COLLATE utf8mb4_unicode_ci DEFAULT NULL,
  `customer_phone` varchar(191) COLLATE utf8mb4_unicode_ci DEFAULT NULL,
  `customer_email` varchar(191) COLLATE utf8mb4_unicode_ci DEFAULT NULL,
  `token` varchar(191) COLLATE utf8mb4_unicode_ci NOT NULL,
  `verification_code` varchar(6) COLLATE utf8mb4_unicode_ci DEFAULT NULL,
  `code_expires_at` timestamp NULL DEFAULT NULL,
  `status` varchar(50) COLLATE utf8mb4_unicode_ci NOT NULL DEFAULT 'waiting_for_confirmation',
  `reason` text COLLATE utf8mb4_unicode_ci,
  `confirmed_at` datetime DEFAULT NULL,
  `created_at` timestamp NULL DEFAULT NULL,
  `updated_at` timestamp NULL DEFAULT NULL,
  PRIMARY KEY (`id`),
  UNIQUE KEY `ec_customer_deletion_requests_token_unique` (`token`)
) ENGINE=InnoDB DEFAULT CHARSET=utf8mb4 COLLATE=utf8mb4_unicode_ci;
/*!40101 SET character_set_client = @saved_cs_client */;

--
-- Dumping data for table `ec_customer_deletion_requests`
--

LOCK TABLES `ec_customer_deletion_requests` WRITE;
/*!40000 ALTER TABLE `ec_customer_deletion_requests` DISABLE KEYS */;
/*!40000 ALTER TABLE `ec_customer_deletion_requests` ENABLE KEYS */;
UNLOCK TABLES;

--
-- Table structure for table `ec_customer_password_resets`
--

DROP TABLE IF EXISTS `ec_customer_password_resets`;
/*!40101 SET @saved_cs_client     = @@character_set_client */;
/*!50503 SET character_set_client = utf8mb4 */;
CREATE TABLE `ec_customer_password_resets` (
  `email` varchar(191) COLLATE utf8mb4_unicode_ci NOT NULL,
  `token` varchar(191) COLLATE utf8mb4_unicode_ci NOT NULL,
  `created_at` timestamp NULL DEFAULT NULL,
  KEY `ec_customer_password_resets_email_index` (`email`),
  KEY `ec_customer_password_resets_token_index` (`token`)
) ENGINE=InnoDB DEFAULT CHARSET=utf8mb4 COLLATE=utf8mb4_unicode_ci;
/*!40101 SET character_set_client = @saved_cs_client */;

--
-- Dumping data for table `ec_customer_password_resets`
--

LOCK TABLES `ec_customer_password_resets` WRITE;
/*!40000 ALTER TABLE `ec_customer_password_resets` DISABLE KEYS */;
/*!40000 ALTER TABLE `ec_customer_password_resets` ENABLE KEYS */;
UNLOCK TABLES;

--
-- Table structure for table `ec_customer_recently_viewed_products`
--

DROP TABLE IF EXISTS `ec_customer_recently_viewed_products`;
/*!40101 SET @saved_cs_client     = @@character_set_client */;
/*!50503 SET character_set_client = utf8mb4 */;
CREATE TABLE `ec_customer_recently_viewed_products` (
  `customer_id` bigint unsigned NOT NULL,
  `product_id` bigint unsigned NOT NULL,
  PRIMARY KEY (`customer_id`,`product_id`)
) ENGINE=InnoDB DEFAULT CHARSET=utf8mb4 COLLATE=utf8mb4_unicode_ci;
/*!40101 SET character_set_client = @saved_cs_client */;

--
-- Dumping data for table `ec_customer_recently_viewed_products`
--

LOCK TABLES `ec_customer_recently_viewed_products` WRITE;
/*!40000 ALTER TABLE `ec_customer_recently_viewed_products` DISABLE KEYS */;
/*!40000 ALTER TABLE `ec_customer_recently_viewed_products` ENABLE KEYS */;
UNLOCK TABLES;

--
-- Table structure for table `ec_customer_used_coupons`
--

DROP TABLE IF EXISTS `ec_customer_used_coupons`;
/*!40101 SET @saved_cs_client     = @@character_set_client */;
/*!50503 SET character_set_client = utf8mb4 */;
CREATE TABLE `ec_customer_used_coupons` (
  `discount_id` bigint unsigned NOT NULL,
  `customer_id` bigint unsigned NOT NULL,
  PRIMARY KEY (`discount_id`,`customer_id`)
) ENGINE=InnoDB DEFAULT CHARSET=utf8mb4 COLLATE=utf8mb4_unicode_ci;
/*!40101 SET character_set_client = @saved_cs_client */;

--
-- Dumping data for table `ec_customer_used_coupons`
--

LOCK TABLES `ec_customer_used_coupons` WRITE;
/*!40000 ALTER TABLE `ec_customer_used_coupons` DISABLE KEYS */;
/*!40000 ALTER TABLE `ec_customer_used_coupons` ENABLE KEYS */;
UNLOCK TABLES;

--
-- Table structure for table `ec_customers`
--

DROP TABLE IF EXISTS `ec_customers`;
/*!40101 SET @saved_cs_client     = @@character_set_client */;
/*!50503 SET character_set_client = utf8mb4 */;
CREATE TABLE `ec_customers` (
  `id` bigint unsigned NOT NULL AUTO_INCREMENT,
  `name` varchar(191) COLLATE utf8mb4_unicode_ci NOT NULL,
  `email` varchar(191) COLLATE utf8mb4_unicode_ci DEFAULT NULL,
  `password` varchar(191) COLLATE utf8mb4_unicode_ci NOT NULL,
  `avatar` varchar(191) COLLATE utf8mb4_unicode_ci DEFAULT NULL,
  `dob` date DEFAULT NULL,
  `phone` varchar(20) COLLATE utf8mb4_unicode_ci DEFAULT NULL,
  `remember_token` varchar(100) COLLATE utf8mb4_unicode_ci DEFAULT NULL,
  `created_at` timestamp NULL DEFAULT NULL,
  `updated_at` timestamp NULL DEFAULT NULL,
  `confirmed_at` datetime DEFAULT NULL,
  `email_verify_token` varchar(120) COLLATE utf8mb4_unicode_ci DEFAULT NULL,
  `status` varchar(60) COLLATE utf8mb4_unicode_ci NOT NULL DEFAULT 'activated',
  `private_notes` text COLLATE utf8mb4_unicode_ci,
  PRIMARY KEY (`id`)
) ENGINE=InnoDB AUTO_INCREMENT=11 DEFAULT CHARSET=utf8mb4 COLLATE=utf8mb4_unicode_ci;
/*!40101 SET character_set_client = @saved_cs_client */;

--
-- Dumping data for table `ec_customers`
--

LOCK TABLES `ec_customers` WRITE;
/*!40000 ALTER TABLE `ec_customers` DISABLE KEYS */;
INSERT INTO `ec_customers` VALUES (1,'Allison Denesik','customer@botble.com','$2y$12$0M8ltwDJM2kXGXiLueAFXeQnfZkPlj8EMQmt9BCQ4vSp0aX8EsFzG','customers/8.jpg','1997-11-26','+14847014011',NULL,'2025-12-25 18:49:53','2025-12-25 18:49:54','2025-12-26 01:49:54',NULL,'activated',NULL),(2,'Gertrude Reynolds','john.smith@botble.com','$2y$12$QlwER88gOcWsQx5KQcSWTOctra.gQ2Im589oayabjzw5g6TeipR6m','customers/4.jpg','1977-11-29','+14014403374',NULL,'2025-12-25 18:49:54','2025-12-25 18:49:54','2025-12-26 01:49:54',NULL,'activated',NULL),(3,'Dorothy Koss','ikuvalis@example.com','$2y$12$uIz5vPE0GRjWuZcmGyslGuFuUKDamkJ.UCxYNdFUaia26NzwyDnMK','customers/1.jpg','1998-12-15','+12344792272',NULL,'2025-12-25 18:49:54','2025-12-25 18:49:54','2025-12-26 01:49:54',NULL,'activated',NULL),(4,'Izaiah Jacobson','grady.chaim@example.org','$2y$12$x35AGaRkk0VyujRGaAzfbuYvCAZMgLOtRAi0qKuPILfBpsyTNkWza','customers/2.jpg','2004-12-24','+13046407212',NULL,'2025-12-25 18:49:54','2025-12-25 18:49:54','2025-12-26 01:49:54',NULL,'activated',NULL),(5,'Brendon Yundt','heaney.rubie@example.net','$2y$12$Tx..BVt.bp6nzVb7HPyYXOpS.UDepl2ktbAPStqcsTcdZ1i1YtQVi','customers/3.jpg','1991-12-25','+12678969368',NULL,'2025-12-25 18:49:54','2025-12-25 18:49:54','2025-12-26 01:49:54',NULL,'activated',NULL),(6,'Agnes Maggio','langworth.gerson@example.net','$2y$12$03VNrZnCVdYuFy06ZGedP.MM9/dnO6zEtCczJjSPc2gMkfbM78iK2','customers/4.jpg','1987-12-06','+13092670979',NULL,'2025-12-25 18:49:55','2025-12-25 18:49:55','2025-12-26 01:49:55',NULL,'activated',NULL),(7,'Enos Hammes','morris57@example.org','$2y$12$lh/QaIbR3w1nC85T56Ywi.GHBv/1m9su2TUzKHXLbpd1v9eJcUCHG','customers/5.jpg','1982-12-04','+15514546492',NULL,'2025-12-25 18:49:55','2025-12-25 18:49:55','2025-12-26 01:49:55',NULL,'activated',NULL),(8,'Karina Smith','austin.johnson@example.com','$2y$12$aJM21FwCdIOHYqDA8Zg9X.dnAF3exlc93Y/IOXrF9GrVAqyX8gq96','customers/6.jpg','2001-12-19','+17755901107',NULL,'2025-12-25 18:49:55','2025-12-25 18:49:55','2025-12-26 01:49:55',NULL,'activated',NULL),(9,'Daisha Koelpin','emmie.schaden@example.net','$2y$12$Q7Lboai7yXLws12n59CSju07SwYftLFISbXS4.3V1oijX0evp/j8q','customers/7.jpg','1977-12-16','+19107208300',NULL,'2025-12-25 18:49:55','2025-12-25 18:49:55','2025-12-26 01:49:55',NULL,'activated',NULL),(10,'Uriel Borer','titus.mueller@example.net','$2y$12$9eUke1eNkh89dXcBKaY82OvaYuX/9gKUbT8/gSPCjq06Srf0dcUva','customers/8.jpg','2001-12-13','+16234316506',NULL,'2025-12-25 18:49:56','2025-12-25 18:49:56','2025-12-26 01:49:56',NULL,'activated',NULL);
/*!40000 ALTER TABLE `ec_customers` ENABLE KEYS */;
UNLOCK TABLES;

--
-- Table structure for table `ec_discount_customers`
--

DROP TABLE IF EXISTS `ec_discount_customers`;
/*!40101 SET @saved_cs_client     = @@character_set_client */;
/*!50503 SET character_set_client = utf8mb4 */;
CREATE TABLE `ec_discount_customers` (
  `discount_id` bigint unsigned NOT NULL,
  `customer_id` bigint unsigned NOT NULL,
  PRIMARY KEY (`discount_id`,`customer_id`)
) ENGINE=InnoDB DEFAULT CHARSET=utf8mb4 COLLATE=utf8mb4_unicode_ci;
/*!40101 SET character_set_client = @saved_cs_client */;

--
-- Dumping data for table `ec_discount_customers`
--

LOCK TABLES `ec_discount_customers` WRITE;
/*!40000 ALTER TABLE `ec_discount_customers` DISABLE KEYS */;
/*!40000 ALTER TABLE `ec_discount_customers` ENABLE KEYS */;
UNLOCK TABLES;

--
-- Table structure for table `ec_discount_product_categories`
--

DROP TABLE IF EXISTS `ec_discount_product_categories`;
/*!40101 SET @saved_cs_client     = @@character_set_client */;
/*!50503 SET character_set_client = utf8mb4 */;
CREATE TABLE `ec_discount_product_categories` (
  `discount_id` bigint unsigned NOT NULL,
  `product_category_id` bigint unsigned NOT NULL,
  PRIMARY KEY (`discount_id`,`product_category_id`)
) ENGINE=InnoDB DEFAULT CHARSET=utf8mb4 COLLATE=utf8mb4_unicode_ci;
/*!40101 SET character_set_client = @saved_cs_client */;

--
-- Dumping data for table `ec_discount_product_categories`
--

LOCK TABLES `ec_discount_product_categories` WRITE;
/*!40000 ALTER TABLE `ec_discount_product_categories` DISABLE KEYS */;
/*!40000 ALTER TABLE `ec_discount_product_categories` ENABLE KEYS */;
UNLOCK TABLES;

--
-- Table structure for table `ec_discount_product_collections`
--

DROP TABLE IF EXISTS `ec_discount_product_collections`;
/*!40101 SET @saved_cs_client     = @@character_set_client */;
/*!50503 SET character_set_client = utf8mb4 */;
CREATE TABLE `ec_discount_product_collections` (
  `discount_id` bigint unsigned NOT NULL,
  `product_collection_id` bigint unsigned NOT NULL,
  PRIMARY KEY (`discount_id`,`product_collection_id`)
) ENGINE=InnoDB DEFAULT CHARSET=utf8mb4 COLLATE=utf8mb4_unicode_ci;
/*!40101 SET character_set_client = @saved_cs_client */;

--
-- Dumping data for table `ec_discount_product_collections`
--

LOCK TABLES `ec_discount_product_collections` WRITE;
/*!40000 ALTER TABLE `ec_discount_product_collections` DISABLE KEYS */;
/*!40000 ALTER TABLE `ec_discount_product_collections` ENABLE KEYS */;
UNLOCK TABLES;

--
-- Table structure for table `ec_discount_products`
--

DROP TABLE IF EXISTS `ec_discount_products`;
/*!40101 SET @saved_cs_client     = @@character_set_client */;
/*!50503 SET character_set_client = utf8mb4 */;
CREATE TABLE `ec_discount_products` (
  `discount_id` bigint unsigned NOT NULL,
  `product_id` bigint unsigned NOT NULL,
  PRIMARY KEY (`discount_id`,`product_id`)
) ENGINE=InnoDB DEFAULT CHARSET=utf8mb4 COLLATE=utf8mb4_unicode_ci;
/*!40101 SET character_set_client = @saved_cs_client */;

--
-- Dumping data for table `ec_discount_products`
--

LOCK TABLES `ec_discount_products` WRITE;
/*!40000 ALTER TABLE `ec_discount_products` DISABLE KEYS */;
/*!40000 ALTER TABLE `ec_discount_products` ENABLE KEYS */;
UNLOCK TABLES;

--
-- Table structure for table `ec_discounts`
--

DROP TABLE IF EXISTS `ec_discounts`;
/*!40101 SET @saved_cs_client     = @@character_set_client */;
/*!50503 SET character_set_client = utf8mb4 */;
CREATE TABLE `ec_discounts` (
  `id` bigint unsigned NOT NULL AUTO_INCREMENT,
  `title` varchar(120) COLLATE utf8mb4_unicode_ci DEFAULT NULL,
  `code` varchar(20) COLLATE utf8mb4_unicode_ci DEFAULT NULL,
  `start_date` datetime DEFAULT NULL,
  `end_date` datetime DEFAULT NULL,
  `quantity` int DEFAULT NULL,
  `total_used` int unsigned NOT NULL DEFAULT '0',
  `value` double DEFAULT NULL,
  `type` varchar(60) COLLATE utf8mb4_unicode_ci DEFAULT 'coupon',
  `can_use_with_promotion` tinyint(1) NOT NULL DEFAULT '0',
  `can_use_with_flash_sale` tinyint(1) NOT NULL DEFAULT '0',
  `discount_on` varchar(20) COLLATE utf8mb4_unicode_ci DEFAULT NULL,
  `product_quantity` int unsigned DEFAULT NULL,
  `type_option` varchar(100) COLLATE utf8mb4_unicode_ci NOT NULL DEFAULT 'amount',
  `target` varchar(100) COLLATE utf8mb4_unicode_ci NOT NULL DEFAULT 'all-orders',
  `min_order_price` decimal(15,2) DEFAULT NULL,
  `apply_via_url` tinyint(1) NOT NULL DEFAULT '0',
  `display_at_checkout` tinyint(1) NOT NULL DEFAULT '0',
  `created_at` timestamp NULL DEFAULT NULL,
  `updated_at` timestamp NULL DEFAULT NULL,
  `description` varchar(400) COLLATE utf8mb4_unicode_ci DEFAULT NULL,
  PRIMARY KEY (`id`),
  UNIQUE KEY `ec_discounts_code_unique` (`code`)
) ENGINE=InnoDB AUTO_INCREMENT=11 DEFAULT CHARSET=utf8mb4 COLLATE=utf8mb4_unicode_ci;
/*!40101 SET character_set_client = @saved_cs_client */;

--
-- Dumping data for table `ec_discounts`
--

LOCK TABLES `ec_discounts` WRITE;
/*!40000 ALTER TABLE `ec_discounts` DISABLE KEYS */;
INSERT INTO `ec_discounts` VALUES (1,'Discount 1','BQDTL6358PS3','2025-12-25 01:49:58',NULL,NULL,0,509,'coupon',0,0,NULL,NULL,'shipping','all-orders',NULL,0,1,'2025-12-25 18:49:58','2025-12-25 18:49:58',NULL),(2,'Discount 2','JUOCGSHQYLQO','2025-12-25 01:49:58','2026-01-21 01:49:58',NULL,0,629,'coupon',0,0,NULL,NULL,'shipping','all-orders',NULL,0,1,'2025-12-25 18:49:58','2025-12-25 18:49:58',NULL),(3,'Discount 3','AXSWS5EKEKHQ','2025-12-25 01:49:58',NULL,NULL,0,57,'coupon',0,0,NULL,NULL,'percentage','all-orders',NULL,0,1,'2025-12-25 18:49:58','2025-12-25 18:49:58',NULL),(4,'Discount 4','OWMHYAQKS8VR','2025-12-25 01:49:58',NULL,NULL,0,82,'coupon',0,0,NULL,NULL,'percentage','all-orders',NULL,0,1,'2025-12-25 18:49:58','2025-12-25 18:49:58',NULL),(5,'Discount 5','64NFCZWCQJJX','2025-12-25 01:49:58',NULL,NULL,0,3,'coupon',0,0,NULL,NULL,'percentage','all-orders',NULL,0,1,'2025-12-25 18:49:58','2025-12-25 18:49:58',NULL),(6,'Discount 6','L6IH1LFIBR86','2025-12-25 01:49:58',NULL,NULL,0,275,'coupon',0,0,NULL,NULL,'amount','all-orders',NULL,0,1,'2025-12-25 18:49:58','2025-12-25 18:49:58',NULL),(7,'Discount 7','FNWOTDP1GKOJ','2025-12-25 01:49:58','2026-01-12 01:49:58',NULL,0,10,'coupon',0,0,NULL,NULL,'percentage','all-orders',NULL,0,1,'2025-12-25 18:49:58','2025-12-25 18:49:58',NULL),(8,'Discount 8','I9FX5I2NLS0M','2025-12-25 01:49:58','2026-01-12 01:49:58',NULL,0,128,'coupon',0,0,NULL,NULL,'same-price','all-orders',NULL,0,1,'2025-12-25 18:49:58','2025-12-25 18:49:58',NULL),(9,'Discount 9','7QXHIJM4Y9TL','2025-12-25 01:49:58','2026-01-12 01:49:58',NULL,0,217,'coupon',0,0,NULL,NULL,'amount','all-orders',NULL,0,1,'2025-12-25 18:49:58','2025-12-25 18:49:58',NULL),(10,'Discount 10','RLHMSECFHLCZ','2025-12-25 01:49:58',NULL,NULL,0,29,'coupon',0,0,NULL,NULL,'same-price','all-orders',NULL,0,1,'2025-12-25 18:49:58','2025-12-25 18:49:58',NULL);
/*!40000 ALTER TABLE `ec_discounts` ENABLE KEYS */;
UNLOCK TABLES;

--
-- Table structure for table `ec_flash_sale_products`
--

DROP TABLE IF EXISTS `ec_flash_sale_products`;
/*!40101 SET @saved_cs_client     = @@character_set_client */;
/*!50503 SET character_set_client = utf8mb4 */;
CREATE TABLE `ec_flash_sale_products` (
  `flash_sale_id` bigint unsigned NOT NULL,
  `product_id` bigint unsigned NOT NULL,
  `price` double unsigned DEFAULT NULL,
  `quantity` int unsigned DEFAULT NULL,
  `sold` int unsigned NOT NULL DEFAULT '0',
  KEY `ec_flash_sale_products_product_id_flash_sale_id_index` (`product_id`,`flash_sale_id`)
) ENGINE=InnoDB DEFAULT CHARSET=utf8mb4 COLLATE=utf8mb4_unicode_ci;
/*!40101 SET character_set_client = @saved_cs_client */;

--
-- Dumping data for table `ec_flash_sale_products`
--

LOCK TABLES `ec_flash_sale_products` WRITE;
/*!40000 ALTER TABLE `ec_flash_sale_products` DISABLE KEYS */;
INSERT INTO `ec_flash_sale_products` VALUES (1,1,237.9,13,3),(1,2,169.36,14,3),(1,3,231,10,4),(1,4,227.9928,13,2),(1,5,100.45,16,4),(1,6,420.64,12,5),(1,7,189.21,7,1),(1,8,239.2575,17,1),(1,9,174.84,18,5),(1,10,205.02,14,5),(2,1,100,10,5);
/*!40000 ALTER TABLE `ec_flash_sale_products` ENABLE KEYS */;
UNLOCK TABLES;

--
-- Table structure for table `ec_flash_sales`
--

DROP TABLE IF EXISTS `ec_flash_sales`;
/*!40101 SET @saved_cs_client     = @@character_set_client */;
/*!50503 SET character_set_client = utf8mb4 */;
CREATE TABLE `ec_flash_sales` (
  `id` bigint unsigned NOT NULL AUTO_INCREMENT,
  `name` varchar(191) COLLATE utf8mb4_unicode_ci NOT NULL,
  `end_date` datetime NOT NULL,
  `status` varchar(60) COLLATE utf8mb4_unicode_ci NOT NULL DEFAULT 'published',
  `created_at` timestamp NULL DEFAULT NULL,
  `updated_at` timestamp NULL DEFAULT NULL,
  PRIMARY KEY (`id`)
) ENGINE=InnoDB AUTO_INCREMENT=3 DEFAULT CHARSET=utf8mb4 COLLATE=utf8mb4_unicode_ci;
/*!40101 SET character_set_client = @saved_cs_client */;

--
-- Dumping data for table `ec_flash_sales`
--

LOCK TABLES `ec_flash_sales` WRITE;
/*!40000 ALTER TABLE `ec_flash_sales` DISABLE KEYS */;
INSERT INTO `ec_flash_sales` VALUES (1,'Winter Sale','2026-08-20 00:00:00','published','2025-12-25 18:49:58','2025-12-25 18:49:58'),(2,'Cosmetics Sale','2027-04-14 00:00:00','published','2025-12-25 18:49:58','2025-12-25 18:49:58');
/*!40000 ALTER TABLE `ec_flash_sales` ENABLE KEYS */;
UNLOCK TABLES;

--
-- Table structure for table `ec_flash_sales_translations`
--

DROP TABLE IF EXISTS `ec_flash_sales_translations`;
/*!40101 SET @saved_cs_client     = @@character_set_client */;
/*!50503 SET character_set_client = utf8mb4 */;
CREATE TABLE `ec_flash_sales_translations` (
  `lang_code` varchar(191) COLLATE utf8mb4_unicode_ci NOT NULL,
  `ec_flash_sales_id` bigint unsigned NOT NULL,
  `name` varchar(191) COLLATE utf8mb4_unicode_ci DEFAULT NULL,
  PRIMARY KEY (`lang_code`,`ec_flash_sales_id`),
  KEY `idx_flash_sales_fk` (`ec_flash_sales_id`),
  KEY `idx_flash_sales_flash_sales_lang` (`ec_flash_sales_id`,`lang_code`)
) ENGINE=InnoDB DEFAULT CHARSET=utf8mb4 COLLATE=utf8mb4_unicode_ci;
/*!40101 SET character_set_client = @saved_cs_client */;

--
-- Dumping data for table `ec_flash_sales_translations`
--

LOCK TABLES `ec_flash_sales_translations` WRITE;
/*!40000 ALTER TABLE `ec_flash_sales_translations` DISABLE KEYS */;
/*!40000 ALTER TABLE `ec_flash_sales_translations` ENABLE KEYS */;
UNLOCK TABLES;

--
-- Table structure for table `ec_global_option_value`
--

DROP TABLE IF EXISTS `ec_global_option_value`;
/*!40101 SET @saved_cs_client     = @@character_set_client */;
/*!50503 SET character_set_client = utf8mb4 */;
CREATE TABLE `ec_global_option_value` (
  `id` bigint unsigned NOT NULL AUTO_INCREMENT,
  `option_id` bigint unsigned NOT NULL COMMENT 'option id',
  `option_value` tinytext COLLATE utf8mb4_unicode_ci COMMENT 'option value',
  `affect_price` double DEFAULT NULL COMMENT 'value of price of this option affect',
  `order` int NOT NULL DEFAULT '9999',
  `affect_type` tinyint NOT NULL DEFAULT '0' COMMENT '0. fixed 1. percent',
  `created_at` timestamp NULL DEFAULT NULL,
  `updated_at` timestamp NULL DEFAULT NULL,
  PRIMARY KEY (`id`)
) ENGINE=InnoDB AUTO_INCREMENT=13 DEFAULT CHARSET=utf8mb4 COLLATE=utf8mb4_unicode_ci;
/*!40101 SET character_set_client = @saved_cs_client */;

--
-- Dumping data for table `ec_global_option_value`
--

LOCK TABLES `ec_global_option_value` WRITE;
/*!40000 ALTER TABLE `ec_global_option_value` DISABLE KEYS */;
INSERT INTO `ec_global_option_value` VALUES (1,1,'1 Year',0,9999,0,'2025-12-25 18:49:35','2025-12-25 18:49:35'),(2,1,'2 Year',10,9999,0,'2025-12-25 18:49:35','2025-12-25 18:49:35'),(3,1,'3 Year',20,9999,0,'2025-12-25 18:49:35','2025-12-25 18:49:35'),(4,2,'4GB',0,9999,0,'2025-12-25 18:49:35','2025-12-25 18:49:35'),(5,2,'8GB',10,9999,0,'2025-12-25 18:49:35','2025-12-25 18:49:35'),(6,2,'16GB',20,9999,0,'2025-12-25 18:49:35','2025-12-25 18:49:35'),(7,3,'Core i5',0,9999,0,'2025-12-25 18:49:35','2025-12-25 18:49:35'),(8,3,'Core i7',10,9999,0,'2025-12-25 18:49:35','2025-12-25 18:49:35'),(9,3,'Core i9',20,9999,0,'2025-12-25 18:49:35','2025-12-25 18:49:35'),(10,4,'128GB',0,9999,0,'2025-12-25 18:49:35','2025-12-25 18:49:35'),(11,4,'256GB',10,9999,0,'2025-12-25 18:49:35','2025-12-25 18:49:35'),(12,4,'512GB',20,9999,0,'2025-12-25 18:49:35','2025-12-25 18:49:35');
/*!40000 ALTER TABLE `ec_global_option_value` ENABLE KEYS */;
UNLOCK TABLES;

--
-- Table structure for table `ec_global_option_value_translations`
--

DROP TABLE IF EXISTS `ec_global_option_value_translations`;
/*!40101 SET @saved_cs_client     = @@character_set_client */;
/*!50503 SET character_set_client = utf8mb4 */;
CREATE TABLE `ec_global_option_value_translations` (
  `lang_code` varchar(191) COLLATE utf8mb4_unicode_ci NOT NULL,
  `ec_global_option_value_id` bigint unsigned NOT NULL,
  `option_value` varchar(191) COLLATE utf8mb4_unicode_ci DEFAULT NULL,
  PRIMARY KEY (`lang_code`,`ec_global_option_value_id`),
  KEY `idx_global_option_value_fk` (`ec_global_option_value_id`),
  KEY `idx_global_option_value_global_option_value_lang` (`ec_global_option_value_id`,`lang_code`)
) ENGINE=InnoDB DEFAULT CHARSET=utf8mb4 COLLATE=utf8mb4_unicode_ci;
/*!40101 SET character_set_client = @saved_cs_client */;

--
-- Dumping data for table `ec_global_option_value_translations`
--

LOCK TABLES `ec_global_option_value_translations` WRITE;
/*!40000 ALTER TABLE `ec_global_option_value_translations` DISABLE KEYS */;
/*!40000 ALTER TABLE `ec_global_option_value_translations` ENABLE KEYS */;
UNLOCK TABLES;

--
-- Table structure for table `ec_global_options`
--

DROP TABLE IF EXISTS `ec_global_options`;
/*!40101 SET @saved_cs_client     = @@character_set_client */;
/*!50503 SET character_set_client = utf8mb4 */;
CREATE TABLE `ec_global_options` (
  `id` bigint unsigned NOT NULL AUTO_INCREMENT,
  `name` varchar(191) COLLATE utf8mb4_unicode_ci NOT NULL COMMENT 'Name of options',
  `option_type` varchar(191) COLLATE utf8mb4_unicode_ci NOT NULL COMMENT 'option type',
  `required` tinyint(1) NOT NULL DEFAULT '0' COMMENT 'Checked if this option is required',
  `created_at` timestamp NULL DEFAULT NULL,
  `updated_at` timestamp NULL DEFAULT NULL,
  PRIMARY KEY (`id`)
) ENGINE=InnoDB AUTO_INCREMENT=5 DEFAULT CHARSET=utf8mb4 COLLATE=utf8mb4_unicode_ci;
/*!40101 SET character_set_client = @saved_cs_client */;

--
-- Dumping data for table `ec_global_options`
--

LOCK TABLES `ec_global_options` WRITE;
/*!40000 ALTER TABLE `ec_global_options` DISABLE KEYS */;
INSERT INTO `ec_global_options` VALUES (1,'Warranty','Botble\\Ecommerce\\Option\\OptionType\\RadioButton',1,'2025-12-25 18:49:35','2025-12-25 18:49:35'),(2,'RAM','Botble\\Ecommerce\\Option\\OptionType\\RadioButton',1,'2025-12-25 18:49:35','2025-12-25 18:49:35'),(3,'CPU','Botble\\Ecommerce\\Option\\OptionType\\RadioButton',1,'2025-12-25 18:49:35','2025-12-25 18:49:35'),(4,'HDD','Botble\\Ecommerce\\Option\\OptionType\\Dropdown',0,'2025-12-25 18:49:35','2025-12-25 18:49:35');
/*!40000 ALTER TABLE `ec_global_options` ENABLE KEYS */;
UNLOCK TABLES;

--
-- Table structure for table `ec_global_options_translations`
--

DROP TABLE IF EXISTS `ec_global_options_translations`;
/*!40101 SET @saved_cs_client     = @@character_set_client */;
/*!50503 SET character_set_client = utf8mb4 */;
CREATE TABLE `ec_global_options_translations` (
  `lang_code` varchar(191) COLLATE utf8mb4_unicode_ci NOT NULL,
  `ec_global_options_id` bigint unsigned NOT NULL,
  `name` varchar(191) COLLATE utf8mb4_unicode_ci DEFAULT NULL,
  PRIMARY KEY (`lang_code`,`ec_global_options_id`),
  KEY `idx_global_options_fk` (`ec_global_options_id`),
  KEY `idx_global_options_global_options_lang` (`ec_global_options_id`,`lang_code`)
) ENGINE=InnoDB DEFAULT CHARSET=utf8mb4 COLLATE=utf8mb4_unicode_ci;
/*!40101 SET character_set_client = @saved_cs_client */;

--
-- Dumping data for table `ec_global_options_translations`
--

LOCK TABLES `ec_global_options_translations` WRITE;
/*!40000 ALTER TABLE `ec_global_options_translations` DISABLE KEYS */;
/*!40000 ALTER TABLE `ec_global_options_translations` ENABLE KEYS */;
UNLOCK TABLES;

--
-- Table structure for table `ec_grouped_products`
--

DROP TABLE IF EXISTS `ec_grouped_products`;
/*!40101 SET @saved_cs_client     = @@character_set_client */;
/*!50503 SET character_set_client = utf8mb4 */;
CREATE TABLE `ec_grouped_products` (
  `id` bigint unsigned NOT NULL AUTO_INCREMENT,
  `parent_product_id` bigint unsigned NOT NULL,
  `product_id` bigint unsigned NOT NULL,
  `fixed_qty` int NOT NULL DEFAULT '1',
  PRIMARY KEY (`id`)
) ENGINE=InnoDB DEFAULT CHARSET=utf8mb4 COLLATE=utf8mb4_unicode_ci;
/*!40101 SET character_set_client = @saved_cs_client */;

--
-- Dumping data for table `ec_grouped_products`
--

LOCK TABLES `ec_grouped_products` WRITE;
/*!40000 ALTER TABLE `ec_grouped_products` DISABLE KEYS */;
/*!40000 ALTER TABLE `ec_grouped_products` ENABLE KEYS */;
UNLOCK TABLES;

--
-- Table structure for table `ec_invoice_items`
--

DROP TABLE IF EXISTS `ec_invoice_items`;
/*!40101 SET @saved_cs_client     = @@character_set_client */;
/*!50503 SET character_set_client = utf8mb4 */;
CREATE TABLE `ec_invoice_items` (
  `id` bigint unsigned NOT NULL AUTO_INCREMENT,
  `invoice_id` bigint unsigned NOT NULL,
  `reference_type` varchar(191) COLLATE utf8mb4_unicode_ci NOT NULL,
  `reference_id` bigint unsigned NOT NULL,
  `name` varchar(191) COLLATE utf8mb4_unicode_ci NOT NULL,
  `description` varchar(400) COLLATE utf8mb4_unicode_ci DEFAULT NULL,
  `image` varchar(191) COLLATE utf8mb4_unicode_ci DEFAULT NULL,
  `qty` int unsigned NOT NULL,
  `price` decimal(15,2) NOT NULL DEFAULT '0.00',
  `sub_total` decimal(15,2) unsigned NOT NULL,
  `tax_amount` decimal(15,2) unsigned NOT NULL DEFAULT '0.00',
  `discount_amount` decimal(15,2) unsigned NOT NULL DEFAULT '0.00',
  `amount` decimal(15,2) unsigned NOT NULL,
  `options` text COLLATE utf8mb4_unicode_ci,
  `created_at` timestamp NULL DEFAULT NULL,
  `updated_at` timestamp NULL DEFAULT NULL,
  PRIMARY KEY (`id`),
  KEY `ec_invoice_items_reference_type_reference_id_index` (`reference_type`,`reference_id`)
) ENGINE=InnoDB DEFAULT CHARSET=utf8mb4 COLLATE=utf8mb4_unicode_ci;
/*!40101 SET character_set_client = @saved_cs_client */;

--
-- Dumping data for table `ec_invoice_items`
--

LOCK TABLES `ec_invoice_items` WRITE;
/*!40000 ALTER TABLE `ec_invoice_items` DISABLE KEYS */;
/*!40000 ALTER TABLE `ec_invoice_items` ENABLE KEYS */;
UNLOCK TABLES;

--
-- Table structure for table `ec_invoices`
--

DROP TABLE IF EXISTS `ec_invoices`;
/*!40101 SET @saved_cs_client     = @@character_set_client */;
/*!50503 SET character_set_client = utf8mb4 */;
CREATE TABLE `ec_invoices` (
  `id` bigint unsigned NOT NULL AUTO_INCREMENT,
  `reference_type` varchar(191) COLLATE utf8mb4_unicode_ci NOT NULL,
  `reference_id` bigint unsigned NOT NULL,
  `code` varchar(191) COLLATE utf8mb4_unicode_ci NOT NULL,
  `customer_name` varchar(191) COLLATE utf8mb4_unicode_ci DEFAULT NULL,
  `company_name` varchar(191) COLLATE utf8mb4_unicode_ci DEFAULT NULL,
  `company_logo` varchar(191) COLLATE utf8mb4_unicode_ci DEFAULT NULL,
  `customer_email` varchar(191) COLLATE utf8mb4_unicode_ci DEFAULT NULL,
  `customer_phone` varchar(191) COLLATE utf8mb4_unicode_ci DEFAULT NULL,
  `customer_address` varchar(191) COLLATE utf8mb4_unicode_ci DEFAULT NULL,
  `customer_country` varchar(191) COLLATE utf8mb4_unicode_ci DEFAULT NULL,
  `customer_state` varchar(191) COLLATE utf8mb4_unicode_ci DEFAULT NULL,
  `customer_city` varchar(191) COLLATE utf8mb4_unicode_ci DEFAULT NULL,
  `customer_zip_code` varchar(191) COLLATE utf8mb4_unicode_ci DEFAULT NULL,
  `customer_address_line` varchar(191) COLLATE utf8mb4_unicode_ci DEFAULT NULL,
  `customer_tax_id` varchar(191) COLLATE utf8mb4_unicode_ci DEFAULT NULL,
  `sub_total` decimal(15,2) unsigned NOT NULL,
  `tax_amount` decimal(15,2) DEFAULT '0.00',
  `shipping_amount` decimal(15,2) unsigned NOT NULL DEFAULT '0.00',
  `payment_fee` decimal(15,2) DEFAULT '0.00',
  `discount_amount` decimal(15,2) unsigned NOT NULL DEFAULT '0.00',
  `shipping_option` varchar(60) COLLATE utf8mb4_unicode_ci DEFAULT NULL,
  `shipping_method` varchar(60) COLLATE utf8mb4_unicode_ci NOT NULL DEFAULT 'default',
  `coupon_code` varchar(120) COLLATE utf8mb4_unicode_ci DEFAULT NULL,
  `discount_description` varchar(191) COLLATE utf8mb4_unicode_ci DEFAULT NULL,
  `amount` decimal(15,2) unsigned NOT NULL,
  `description` text COLLATE utf8mb4_unicode_ci,
  `payment_id` bigint unsigned DEFAULT NULL,
  `status` varchar(191) COLLATE utf8mb4_unicode_ci NOT NULL DEFAULT 'pending',
  `paid_at` timestamp NULL DEFAULT NULL,
  `created_at` timestamp NULL DEFAULT NULL,
  `updated_at` timestamp NULL DEFAULT NULL,
  PRIMARY KEY (`id`),
  UNIQUE KEY `ec_invoices_code_unique` (`code`),
  KEY `ec_invoices_reference_type_reference_id_index` (`reference_type`,`reference_id`),
  KEY `ec_invoices_payment_id_index` (`payment_id`),
  KEY `ec_invoices_status_index` (`status`),
  KEY `ec_invoices_reference_id_reference_type_index` (`reference_id`,`reference_type`)
) ENGINE=InnoDB DEFAULT CHARSET=utf8mb4 COLLATE=utf8mb4_unicode_ci;
/*!40101 SET character_set_client = @saved_cs_client */;

--
-- Dumping data for table `ec_invoices`
--

LOCK TABLES `ec_invoices` WRITE;
/*!40000 ALTER TABLE `ec_invoices` DISABLE KEYS */;
/*!40000 ALTER TABLE `ec_invoices` ENABLE KEYS */;
UNLOCK TABLES;

--
-- Table structure for table `ec_option_value`
--

DROP TABLE IF EXISTS `ec_option_value`;
/*!40101 SET @saved_cs_client     = @@character_set_client */;
/*!50503 SET character_set_client = utf8mb4 */;
CREATE TABLE `ec_option_value` (
  `id` bigint unsigned NOT NULL AUTO_INCREMENT,
  `option_id` bigint unsigned NOT NULL COMMENT 'option id',
  `option_value` tinytext COLLATE utf8mb4_unicode_ci COMMENT 'option value',
  `affect_price` double DEFAULT NULL COMMENT 'value of price of this option affect',
  `order` int NOT NULL DEFAULT '9999',
  `affect_type` tinyint NOT NULL DEFAULT '0' COMMENT '0. fixed 1. percent',
  `created_at` timestamp NULL DEFAULT NULL,
  `updated_at` timestamp NULL DEFAULT NULL,
  PRIMARY KEY (`id`)
) ENGINE=InnoDB DEFAULT CHARSET=utf8mb4 COLLATE=utf8mb4_unicode_ci;
/*!40101 SET character_set_client = @saved_cs_client */;

--
-- Dumping data for table `ec_option_value`
--

LOCK TABLES `ec_option_value` WRITE;
/*!40000 ALTER TABLE `ec_option_value` DISABLE KEYS */;
/*!40000 ALTER TABLE `ec_option_value` ENABLE KEYS */;
UNLOCK TABLES;

--
-- Table structure for table `ec_option_value_translations`
--

DROP TABLE IF EXISTS `ec_option_value_translations`;
/*!40101 SET @saved_cs_client     = @@character_set_client */;
/*!50503 SET character_set_client = utf8mb4 */;
CREATE TABLE `ec_option_value_translations` (
  `lang_code` varchar(191) COLLATE utf8mb4_unicode_ci NOT NULL,
  `ec_option_value_id` bigint unsigned NOT NULL,
  `option_value` varchar(191) COLLATE utf8mb4_unicode_ci DEFAULT NULL,
  PRIMARY KEY (`lang_code`,`ec_option_value_id`),
  KEY `idx_option_value_fk` (`ec_option_value_id`),
  KEY `idx_option_value_option_value_lang` (`ec_option_value_id`,`lang_code`)
) ENGINE=InnoDB DEFAULT CHARSET=utf8mb4 COLLATE=utf8mb4_unicode_ci;
/*!40101 SET character_set_client = @saved_cs_client */;

--
-- Dumping data for table `ec_option_value_translations`
--

LOCK TABLES `ec_option_value_translations` WRITE;
/*!40000 ALTER TABLE `ec_option_value_translations` DISABLE KEYS */;
/*!40000 ALTER TABLE `ec_option_value_translations` ENABLE KEYS */;
UNLOCK TABLES;

--
-- Table structure for table `ec_options`
--

DROP TABLE IF EXISTS `ec_options`;
/*!40101 SET @saved_cs_client     = @@character_set_client */;
/*!50503 SET character_set_client = utf8mb4 */;
CREATE TABLE `ec_options` (
  `id` bigint unsigned NOT NULL AUTO_INCREMENT,
  `name` varchar(191) COLLATE utf8mb4_unicode_ci NOT NULL COMMENT 'Name of options',
  `option_type` varchar(191) COLLATE utf8mb4_unicode_ci DEFAULT NULL COMMENT 'option type',
  `product_id` bigint unsigned NOT NULL DEFAULT '0',
  `order` int NOT NULL DEFAULT '9999',
  `required` tinyint(1) NOT NULL DEFAULT '0' COMMENT 'Checked if this option is required',
  `created_at` timestamp NULL DEFAULT NULL,
  `updated_at` timestamp NULL DEFAULT NULL,
  PRIMARY KEY (`id`)
) ENGINE=InnoDB DEFAULT CHARSET=utf8mb4 COLLATE=utf8mb4_unicode_ci;
/*!40101 SET character_set_client = @saved_cs_client */;

--
-- Dumping data for table `ec_options`
--

LOCK TABLES `ec_options` WRITE;
/*!40000 ALTER TABLE `ec_options` DISABLE KEYS */;
/*!40000 ALTER TABLE `ec_options` ENABLE KEYS */;
UNLOCK TABLES;

--
-- Table structure for table `ec_options_translations`
--

DROP TABLE IF EXISTS `ec_options_translations`;
/*!40101 SET @saved_cs_client     = @@character_set_client */;
/*!50503 SET character_set_client = utf8mb4 */;
CREATE TABLE `ec_options_translations` (
  `lang_code` varchar(191) COLLATE utf8mb4_unicode_ci NOT NULL,
  `ec_options_id` bigint unsigned NOT NULL,
  `name` varchar(191) COLLATE utf8mb4_unicode_ci DEFAULT NULL,
  PRIMARY KEY (`lang_code`,`ec_options_id`),
  KEY `idx_options_fk` (`ec_options_id`),
  KEY `idx_options_options_lang` (`ec_options_id`,`lang_code`)
) ENGINE=InnoDB DEFAULT CHARSET=utf8mb4 COLLATE=utf8mb4_unicode_ci;
/*!40101 SET character_set_client = @saved_cs_client */;

--
-- Dumping data for table `ec_options_translations`
--

LOCK TABLES `ec_options_translations` WRITE;
/*!40000 ALTER TABLE `ec_options_translations` DISABLE KEYS */;
/*!40000 ALTER TABLE `ec_options_translations` ENABLE KEYS */;
UNLOCK TABLES;

--
-- Table structure for table `ec_order_addresses`
--

DROP TABLE IF EXISTS `ec_order_addresses`;
/*!40101 SET @saved_cs_client     = @@character_set_client */;
/*!50503 SET character_set_client = utf8mb4 */;
CREATE TABLE `ec_order_addresses` (
  `id` bigint unsigned NOT NULL AUTO_INCREMENT,
  `name` varchar(191) COLLATE utf8mb4_unicode_ci NOT NULL,
  `phone` varchar(20) COLLATE utf8mb4_unicode_ci DEFAULT NULL,
  `email` varchar(191) COLLATE utf8mb4_unicode_ci DEFAULT NULL,
  `country` varchar(120) COLLATE utf8mb4_unicode_ci DEFAULT NULL,
  `state` varchar(120) COLLATE utf8mb4_unicode_ci DEFAULT NULL,
  `city` varchar(120) COLLATE utf8mb4_unicode_ci DEFAULT NULL,
  `address` varchar(191) COLLATE utf8mb4_unicode_ci DEFAULT NULL,
  `order_id` bigint unsigned NOT NULL,
  `zip_code` varchar(20) COLLATE utf8mb4_unicode_ci DEFAULT NULL,
  `type` varchar(60) COLLATE utf8mb4_unicode_ci NOT NULL DEFAULT 'shipping_address',
  PRIMARY KEY (`id`),
  UNIQUE KEY `ec_order_addresses_order_id_type_unique` (`order_id`,`type`)
) ENGINE=InnoDB DEFAULT CHARSET=utf8mb4 COLLATE=utf8mb4_unicode_ci;
/*!40101 SET character_set_client = @saved_cs_client */;

--
-- Dumping data for table `ec_order_addresses`
--

LOCK TABLES `ec_order_addresses` WRITE;
/*!40000 ALTER TABLE `ec_order_addresses` DISABLE KEYS */;
/*!40000 ALTER TABLE `ec_order_addresses` ENABLE KEYS */;
UNLOCK TABLES;

--
-- Table structure for table `ec_order_histories`
--

DROP TABLE IF EXISTS `ec_order_histories`;
/*!40101 SET @saved_cs_client     = @@character_set_client */;
/*!50503 SET character_set_client = utf8mb4 */;
CREATE TABLE `ec_order_histories` (
  `id` bigint unsigned NOT NULL AUTO_INCREMENT,
  `action` varchar(120) COLLATE utf8mb4_unicode_ci NOT NULL,
  `description` varchar(400) COLLATE utf8mb4_unicode_ci DEFAULT NULL,
  `user_id` bigint unsigned DEFAULT NULL,
  `order_id` bigint unsigned NOT NULL,
  `extras` text COLLATE utf8mb4_unicode_ci,
  `created_at` timestamp NULL DEFAULT NULL,
  `updated_at` timestamp NULL DEFAULT NULL,
  PRIMARY KEY (`id`)
) ENGINE=InnoDB DEFAULT CHARSET=utf8mb4 COLLATE=utf8mb4_unicode_ci;
/*!40101 SET character_set_client = @saved_cs_client */;

--
-- Dumping data for table `ec_order_histories`
--

LOCK TABLES `ec_order_histories` WRITE;
/*!40000 ALTER TABLE `ec_order_histories` DISABLE KEYS */;
/*!40000 ALTER TABLE `ec_order_histories` ENABLE KEYS */;
UNLOCK TABLES;

--
-- Table structure for table `ec_order_metadata`
--

DROP TABLE IF EXISTS `ec_order_metadata`;
/*!40101 SET @saved_cs_client     = @@character_set_client */;
/*!50503 SET character_set_client = utf8mb4 */;
CREATE TABLE `ec_order_metadata` (
  `id` bigint unsigned NOT NULL AUTO_INCREMENT,
  `order_id` bigint unsigned NOT NULL,
  `meta_key` varchar(191) COLLATE utf8mb4_unicode_ci NOT NULL,
  `meta_value` text COLLATE utf8mb4_unicode_ci,
  `created_at` timestamp NULL DEFAULT NULL,
  `updated_at` timestamp NULL DEFAULT NULL,
  PRIMARY KEY (`id`),
  KEY `ec_order_metadata_order_id_meta_key_index` (`order_id`,`meta_key`),
  KEY `ec_order_metadata_order_id_index` (`order_id`)
) ENGINE=InnoDB DEFAULT CHARSET=utf8mb4 COLLATE=utf8mb4_unicode_ci;
/*!40101 SET character_set_client = @saved_cs_client */;

--
-- Dumping data for table `ec_order_metadata`
--

LOCK TABLES `ec_order_metadata` WRITE;
/*!40000 ALTER TABLE `ec_order_metadata` DISABLE KEYS */;
/*!40000 ALTER TABLE `ec_order_metadata` ENABLE KEYS */;
UNLOCK TABLES;

--
-- Table structure for table `ec_order_product`
--

DROP TABLE IF EXISTS `ec_order_product`;
/*!40101 SET @saved_cs_client     = @@character_set_client */;
/*!50503 SET character_set_client = utf8mb4 */;
CREATE TABLE `ec_order_product` (
  `id` bigint unsigned NOT NULL AUTO_INCREMENT,
  `order_id` bigint unsigned NOT NULL,
  `qty` int NOT NULL,
  `price` decimal(15,2) NOT NULL,
  `tax_amount` decimal(15,2) DEFAULT '0.00',
  `options` text COLLATE utf8mb4_unicode_ci,
  `product_options` text COLLATE utf8mb4_unicode_ci COMMENT 'product option data',
  `product_id` bigint unsigned DEFAULT NULL,
  `product_name` varchar(191) COLLATE utf8mb4_unicode_ci NOT NULL,
  `product_image` varchar(191) COLLATE utf8mb4_unicode_ci DEFAULT NULL,
  `weight` double DEFAULT '0',
  `restock_quantity` int unsigned DEFAULT '0',
  `created_at` timestamp NULL DEFAULT NULL,
  `updated_at` timestamp NULL DEFAULT NULL,
  `product_type` varchar(60) COLLATE utf8mb4_unicode_ci NOT NULL DEFAULT 'physical',
  `times_downloaded` int NOT NULL DEFAULT '0',
  `license_code` text COLLATE utf8mb4_unicode_ci,
  `downloaded_at` timestamp NULL DEFAULT NULL,
  PRIMARY KEY (`id`),
  KEY `ec_order_product_order_id_product_id_index` (`order_id`,`product_id`)
) ENGINE=InnoDB DEFAULT CHARSET=utf8mb4 COLLATE=utf8mb4_unicode_ci;
/*!40101 SET character_set_client = @saved_cs_client */;

--
-- Dumping data for table `ec_order_product`
--

LOCK TABLES `ec_order_product` WRITE;
/*!40000 ALTER TABLE `ec_order_product` DISABLE KEYS */;
/*!40000 ALTER TABLE `ec_order_product` ENABLE KEYS */;
UNLOCK TABLES;

--
-- Table structure for table `ec_order_referrals`
--

DROP TABLE IF EXISTS `ec_order_referrals`;
/*!40101 SET @saved_cs_client     = @@character_set_client */;
/*!50503 SET character_set_client = utf8mb4 */;
CREATE TABLE `ec_order_referrals` (
  `id` bigint unsigned NOT NULL AUTO_INCREMENT,
  `ip` varchar(39) COLLATE utf8mb4_unicode_ci DEFAULT NULL,
  `landing_domain` varchar(191) COLLATE utf8mb4_unicode_ci DEFAULT NULL,
  `landing_page` varchar(191) COLLATE utf8mb4_unicode_ci DEFAULT NULL,
  `landing_params` varchar(191) COLLATE utf8mb4_unicode_ci DEFAULT NULL,
  `referral` varchar(191) COLLATE utf8mb4_unicode_ci DEFAULT NULL,
  `gclid` varchar(191) COLLATE utf8mb4_unicode_ci DEFAULT NULL,
  `fclid` varchar(191) COLLATE utf8mb4_unicode_ci DEFAULT NULL,
  `utm_source` varchar(191) COLLATE utf8mb4_unicode_ci DEFAULT NULL,
  `utm_campaign` varchar(191) COLLATE utf8mb4_unicode_ci DEFAULT NULL,
  `utm_medium` varchar(191) COLLATE utf8mb4_unicode_ci DEFAULT NULL,
  `utm_term` varchar(191) COLLATE utf8mb4_unicode_ci DEFAULT NULL,
  `utm_content` varchar(191) COLLATE utf8mb4_unicode_ci DEFAULT NULL,
  `referrer_url` text COLLATE utf8mb4_unicode_ci,
  `referrer_domain` varchar(191) COLLATE utf8mb4_unicode_ci DEFAULT NULL,
  `order_id` bigint unsigned DEFAULT NULL,
  `created_at` timestamp NULL DEFAULT NULL,
  `updated_at` timestamp NULL DEFAULT NULL,
  PRIMARY KEY (`id`),
  KEY `ec_order_referrals_order_id_index` (`order_id`)
) ENGINE=InnoDB DEFAULT CHARSET=utf8mb4 COLLATE=utf8mb4_unicode_ci;
/*!40101 SET character_set_client = @saved_cs_client */;

--
-- Dumping data for table `ec_order_referrals`
--

LOCK TABLES `ec_order_referrals` WRITE;
/*!40000 ALTER TABLE `ec_order_referrals` DISABLE KEYS */;
/*!40000 ALTER TABLE `ec_order_referrals` ENABLE KEYS */;
UNLOCK TABLES;

--
-- Table structure for table `ec_order_return_histories`
--

DROP TABLE IF EXISTS `ec_order_return_histories`;
/*!40101 SET @saved_cs_client     = @@character_set_client */;
/*!50503 SET character_set_client = utf8mb4 */;
CREATE TABLE `ec_order_return_histories` (
  `id` bigint unsigned NOT NULL AUTO_INCREMENT,
  `user_id` bigint unsigned DEFAULT NULL,
  `order_return_id` bigint unsigned NOT NULL,
  `action` varchar(191) COLLATE utf8mb4_unicode_ci NOT NULL,
  `description` varchar(400) COLLATE utf8mb4_unicode_ci DEFAULT NULL,
  `reason` varchar(191) COLLATE utf8mb4_unicode_ci DEFAULT NULL,
  `created_at` timestamp NULL DEFAULT NULL,
  `updated_at` timestamp NULL DEFAULT NULL,
  PRIMARY KEY (`id`)
) ENGINE=InnoDB DEFAULT CHARSET=utf8mb4 COLLATE=utf8mb4_unicode_ci;
/*!40101 SET character_set_client = @saved_cs_client */;

--
-- Dumping data for table `ec_order_return_histories`
--

LOCK TABLES `ec_order_return_histories` WRITE;
/*!40000 ALTER TABLE `ec_order_return_histories` DISABLE KEYS */;
/*!40000 ALTER TABLE `ec_order_return_histories` ENABLE KEYS */;
UNLOCK TABLES;

--
-- Table structure for table `ec_order_return_items`
--

DROP TABLE IF EXISTS `ec_order_return_items`;
/*!40101 SET @saved_cs_client     = @@character_set_client */;
/*!50503 SET character_set_client = utf8mb4 */;
CREATE TABLE `ec_order_return_items` (
  `id` bigint unsigned NOT NULL AUTO_INCREMENT,
  `order_return_id` bigint unsigned NOT NULL COMMENT 'Order return id',
  `order_product_id` bigint unsigned NOT NULL COMMENT 'Order product id',
  `product_id` bigint unsigned NOT NULL COMMENT 'Product id',
  `product_name` varchar(191) COLLATE utf8mb4_unicode_ci NOT NULL,
  `product_image` varchar(191) COLLATE utf8mb4_unicode_ci DEFAULT NULL,
  `qty` int NOT NULL COMMENT 'Quantity return',
  `price` decimal(15,2) NOT NULL COMMENT 'Price Product',
  `reason` text COLLATE utf8mb4_unicode_ci,
  `created_at` timestamp NULL DEFAULT NULL,
  `updated_at` timestamp NULL DEFAULT NULL,
  `refund_amount` decimal(12,2) DEFAULT '0.00',
  PRIMARY KEY (`id`)
) ENGINE=InnoDB DEFAULT CHARSET=utf8mb4 COLLATE=utf8mb4_unicode_ci;
/*!40101 SET character_set_client = @saved_cs_client */;

--
-- Dumping data for table `ec_order_return_items`
--

LOCK TABLES `ec_order_return_items` WRITE;
/*!40000 ALTER TABLE `ec_order_return_items` DISABLE KEYS */;
/*!40000 ALTER TABLE `ec_order_return_items` ENABLE KEYS */;
UNLOCK TABLES;

--
-- Table structure for table `ec_order_returns`
--

DROP TABLE IF EXISTS `ec_order_returns`;
/*!40101 SET @saved_cs_client     = @@character_set_client */;
/*!50503 SET character_set_client = utf8mb4 */;
CREATE TABLE `ec_order_returns` (
  `id` bigint unsigned NOT NULL AUTO_INCREMENT,
  `code` varchar(191) COLLATE utf8mb4_unicode_ci DEFAULT NULL,
  `order_id` bigint unsigned NOT NULL COMMENT 'Order ID',
  `store_id` bigint unsigned DEFAULT NULL COMMENT 'Store ID',
  `user_id` bigint unsigned NOT NULL COMMENT 'Customer ID',
  `reason` text COLLATE utf8mb4_unicode_ci COMMENT 'Reason return order',
  `order_status` varchar(191) COLLATE utf8mb4_unicode_ci DEFAULT NULL COMMENT 'Order current status',
  `return_status` varchar(191) COLLATE utf8mb4_unicode_ci NOT NULL COMMENT 'Return status',
  `created_at` timestamp NULL DEFAULT NULL,
  `updated_at` timestamp NULL DEFAULT NULL,
  PRIMARY KEY (`id`),
  UNIQUE KEY `ec_order_returns_code_unique` (`code`)
) ENGINE=InnoDB DEFAULT CHARSET=utf8mb4 COLLATE=utf8mb4_unicode_ci;
/*!40101 SET character_set_client = @saved_cs_client */;

--
-- Dumping data for table `ec_order_returns`
--

LOCK TABLES `ec_order_returns` WRITE;
/*!40000 ALTER TABLE `ec_order_returns` DISABLE KEYS */;
/*!40000 ALTER TABLE `ec_order_returns` ENABLE KEYS */;
UNLOCK TABLES;

--
-- Table structure for table `ec_order_tax_information`
--

DROP TABLE IF EXISTS `ec_order_tax_information`;
/*!40101 SET @saved_cs_client     = @@character_set_client */;
/*!50503 SET character_set_client = utf8mb4 */;
CREATE TABLE `ec_order_tax_information` (
  `id` bigint unsigned NOT NULL AUTO_INCREMENT,
  `order_id` bigint unsigned NOT NULL,
  `company_name` varchar(120) COLLATE utf8mb4_unicode_ci NOT NULL,
  `company_address` varchar(191) COLLATE utf8mb4_unicode_ci NOT NULL,
  `company_tax_code` varchar(20) COLLATE utf8mb4_unicode_ci NOT NULL,
  `company_email` varchar(60) COLLATE utf8mb4_unicode_ci NOT NULL,
  `created_at` timestamp NULL DEFAULT NULL,
  `updated_at` timestamp NULL DEFAULT NULL,
  PRIMARY KEY (`id`),
  KEY `ec_order_tax_information_order_id_index` (`order_id`)
) ENGINE=InnoDB DEFAULT CHARSET=utf8mb4 COLLATE=utf8mb4_unicode_ci;
/*!40101 SET character_set_client = @saved_cs_client */;

--
-- Dumping data for table `ec_order_tax_information`
--

LOCK TABLES `ec_order_tax_information` WRITE;
/*!40000 ALTER TABLE `ec_order_tax_information` DISABLE KEYS */;
/*!40000 ALTER TABLE `ec_order_tax_information` ENABLE KEYS */;
UNLOCK TABLES;

--
-- Table structure for table `ec_orders`
--

DROP TABLE IF EXISTS `ec_orders`;
/*!40101 SET @saved_cs_client     = @@character_set_client */;
/*!50503 SET character_set_client = utf8mb4 */;
CREATE TABLE `ec_orders` (
  `id` bigint unsigned NOT NULL AUTO_INCREMENT,
  `code` varchar(191) COLLATE utf8mb4_unicode_ci DEFAULT NULL,
  `user_id` bigint unsigned DEFAULT NULL,
  `shipping_option` varchar(60) COLLATE utf8mb4_unicode_ci DEFAULT NULL,
  `shipping_method` varchar(60) COLLATE utf8mb4_unicode_ci NOT NULL DEFAULT 'default',
  `status` varchar(120) COLLATE utf8mb4_unicode_ci NOT NULL DEFAULT 'pending',
  `amount` decimal(15,2) NOT NULL,
  `tax_amount` decimal(15,2) DEFAULT '0.00',
  `shipping_amount` decimal(15,2) DEFAULT NULL,
  `payment_fee` decimal(15,2) DEFAULT '0.00',
  `description` text COLLATE utf8mb4_unicode_ci,
  `coupon_code` varchar(120) COLLATE utf8mb4_unicode_ci DEFAULT NULL,
  `discount_amount` decimal(15,2) DEFAULT NULL,
  `sub_total` decimal(15,2) NOT NULL,
  `is_confirmed` tinyint(1) NOT NULL DEFAULT '0',
  `discount_description` varchar(191) COLLATE utf8mb4_unicode_ci DEFAULT NULL,
  `is_finished` tinyint(1) DEFAULT '0',
  `cancellation_reason` varchar(191) COLLATE utf8mb4_unicode_ci DEFAULT NULL,
  `cancellation_reason_description` varchar(191) COLLATE utf8mb4_unicode_ci DEFAULT NULL,
  `completed_at` timestamp NULL DEFAULT NULL,
  `token` varchar(120) COLLATE utf8mb4_unicode_ci DEFAULT NULL,
  `payment_id` bigint unsigned DEFAULT NULL,
  `created_at` timestamp NULL DEFAULT NULL,
  `updated_at` timestamp NULL DEFAULT NULL,
  `proof_file` varchar(191) COLLATE utf8mb4_unicode_ci DEFAULT NULL,
  `private_notes` text COLLATE utf8mb4_unicode_ci,
  PRIMARY KEY (`id`),
  UNIQUE KEY `ec_orders_code_unique` (`code`),
  KEY `ec_orders_user_id_status_created_at_index` (`user_id`,`status`,`created_at`),
  KEY `ec_orders_status_created_at_index` (`status`,`created_at`),
  KEY `ec_orders_user_id_is_finished_index` (`user_id`,`is_finished`)
) ENGINE=InnoDB DEFAULT CHARSET=utf8mb4 COLLATE=utf8mb4_unicode_ci;
/*!40101 SET character_set_client = @saved_cs_client */;

--
-- Dumping data for table `ec_orders`
--

LOCK TABLES `ec_orders` WRITE;
/*!40000 ALTER TABLE `ec_orders` DISABLE KEYS */;
/*!40000 ALTER TABLE `ec_orders` ENABLE KEYS */;
UNLOCK TABLES;

--
-- Table structure for table `ec_product_attribute_sets`
--

DROP TABLE IF EXISTS `ec_product_attribute_sets`;
/*!40101 SET @saved_cs_client     = @@character_set_client */;
/*!50503 SET character_set_client = utf8mb4 */;
CREATE TABLE `ec_product_attribute_sets` (
  `id` bigint unsigned NOT NULL AUTO_INCREMENT,
  `title` varchar(120) COLLATE utf8mb4_unicode_ci NOT NULL,
  `slug` varchar(120) COLLATE utf8mb4_unicode_ci DEFAULT NULL,
  `display_layout` varchar(191) COLLATE utf8mb4_unicode_ci NOT NULL DEFAULT 'dropdown',
  `is_searchable` tinyint unsigned NOT NULL DEFAULT '1',
  `is_comparable` tinyint unsigned NOT NULL DEFAULT '1',
  `is_use_in_product_listing` tinyint unsigned NOT NULL DEFAULT '0',
  `status` varchar(60) COLLATE utf8mb4_unicode_ci NOT NULL DEFAULT 'published',
  `order` tinyint unsigned NOT NULL DEFAULT '0',
  `created_at` timestamp NULL DEFAULT NULL,
  `updated_at` timestamp NULL DEFAULT NULL,
  `use_image_from_product_variation` tinyint unsigned NOT NULL DEFAULT '0',
  PRIMARY KEY (`id`),
  KEY `idx_order_id` (`order`,`id`)
) ENGINE=InnoDB AUTO_INCREMENT=3 DEFAULT CHARSET=utf8mb4 COLLATE=utf8mb4_unicode_ci;
/*!40101 SET character_set_client = @saved_cs_client */;

--
-- Dumping data for table `ec_product_attribute_sets`
--

LOCK TABLES `ec_product_attribute_sets` WRITE;
/*!40000 ALTER TABLE `ec_product_attribute_sets` DISABLE KEYS */;
INSERT INTO `ec_product_attribute_sets` VALUES (1,'Color','color','visual',1,1,1,'published',0,'2025-12-25 18:49:35','2025-12-25 18:49:35',1),(2,'Size','size','text',1,1,1,'published',1,'2025-12-25 18:49:35','2025-12-25 18:49:35',0);
/*!40000 ALTER TABLE `ec_product_attribute_sets` ENABLE KEYS */;
UNLOCK TABLES;

--
-- Table structure for table `ec_product_attribute_sets_translations`
--

DROP TABLE IF EXISTS `ec_product_attribute_sets_translations`;
/*!40101 SET @saved_cs_client     = @@character_set_client */;
/*!50503 SET character_set_client = utf8mb4 */;
CREATE TABLE `ec_product_attribute_sets_translations` (
  `lang_code` varchar(191) COLLATE utf8mb4_unicode_ci NOT NULL,
  `ec_product_attribute_sets_id` bigint unsigned NOT NULL,
  `title` varchar(191) COLLATE utf8mb4_unicode_ci DEFAULT NULL,
  PRIMARY KEY (`lang_code`,`ec_product_attribute_sets_id`),
  KEY `idx_product_attribute_sets_fk` (`ec_product_attribute_sets_id`),
  KEY `idx_product_attribute_sets_product_attribute_sets_lang` (`ec_product_attribute_sets_id`,`lang_code`)
) ENGINE=InnoDB DEFAULT CHARSET=utf8mb4 COLLATE=utf8mb4_unicode_ci;
/*!40101 SET character_set_client = @saved_cs_client */;

--
-- Dumping data for table `ec_product_attribute_sets_translations`
--

LOCK TABLES `ec_product_attribute_sets_translations` WRITE;
/*!40000 ALTER TABLE `ec_product_attribute_sets_translations` DISABLE KEYS */;
/*!40000 ALTER TABLE `ec_product_attribute_sets_translations` ENABLE KEYS */;
UNLOCK TABLES;

--
-- Table structure for table `ec_product_attributes`
--

DROP TABLE IF EXISTS `ec_product_attributes`;
/*!40101 SET @saved_cs_client     = @@character_set_client */;
/*!50503 SET character_set_client = utf8mb4 */;
CREATE TABLE `ec_product_attributes` (
  `id` bigint unsigned NOT NULL AUTO_INCREMENT,
  `attribute_set_id` bigint unsigned NOT NULL,
  `title` varchar(120) COLLATE utf8mb4_unicode_ci NOT NULL,
  `slug` varchar(120) COLLATE utf8mb4_unicode_ci DEFAULT NULL,
  `color` varchar(120) COLLATE utf8mb4_unicode_ci DEFAULT NULL,
  `image` varchar(191) COLLATE utf8mb4_unicode_ci DEFAULT NULL,
  `is_default` tinyint unsigned NOT NULL DEFAULT '0',
  `order` tinyint unsigned NOT NULL DEFAULT '0',
  `created_at` timestamp NULL DEFAULT NULL,
  `updated_at` timestamp NULL DEFAULT NULL,
  PRIMARY KEY (`id`),
  KEY `attribute_set_status_index` (`attribute_set_id`),
  KEY `idx_attribute_set_id` (`attribute_set_id`),
  KEY `idx_attribute_set_order_id` (`attribute_set_id`,`order`,`id`)
) ENGINE=InnoDB AUTO_INCREMENT=11 DEFAULT CHARSET=utf8mb4 COLLATE=utf8mb4_unicode_ci;
/*!40101 SET character_set_client = @saved_cs_client */;

--
-- Dumping data for table `ec_product_attributes`
--

LOCK TABLES `ec_product_attributes` WRITE;
/*!40000 ALTER TABLE `ec_product_attributes` DISABLE KEYS */;
INSERT INTO `ec_product_attributes` VALUES (1,1,'Green','green','#5FB7D4',NULL,1,1,'2025-12-25 18:49:35','2025-12-25 18:49:35'),(2,1,'Blue','blue','#333333',NULL,0,2,'2025-12-25 18:49:35','2025-12-25 18:49:35'),(3,1,'Red','red','#DA323F',NULL,0,3,'2025-12-25 18:49:35','2025-12-25 18:49:35'),(4,1,'Black','black','#2F366C',NULL,0,4,'2025-12-25 18:49:35','2025-12-25 18:49:35'),(5,1,'Brown','brown','#87554B',NULL,0,5,'2025-12-25 18:49:35','2025-12-25 18:49:35'),(6,2,'S','s',NULL,NULL,1,1,'2025-12-25 18:49:35','2025-12-25 18:49:35'),(7,2,'M','m',NULL,NULL,0,2,'2025-12-25 18:49:35','2025-12-25 18:49:35'),(8,2,'L','l',NULL,NULL,0,3,'2025-12-25 18:49:35','2025-12-25 18:49:35'),(9,2,'XL','xl',NULL,NULL,0,4,'2025-12-25 18:49:35','2025-12-25 18:49:35'),(10,2,'XXL','xxl',NULL,NULL,0,5,'2025-12-25 18:49:35','2025-12-25 18:49:35');
/*!40000 ALTER TABLE `ec_product_attributes` ENABLE KEYS */;
UNLOCK TABLES;

--
-- Table structure for table `ec_product_attributes_translations`
--

DROP TABLE IF EXISTS `ec_product_attributes_translations`;
/*!40101 SET @saved_cs_client     = @@character_set_client */;
/*!50503 SET character_set_client = utf8mb4 */;
CREATE TABLE `ec_product_attributes_translations` (
  `lang_code` varchar(191) COLLATE utf8mb4_unicode_ci NOT NULL,
  `ec_product_attributes_id` bigint unsigned NOT NULL,
  `title` varchar(191) COLLATE utf8mb4_unicode_ci DEFAULT NULL,
  PRIMARY KEY (`lang_code`,`ec_product_attributes_id`),
  KEY `idx_product_attributes_fk` (`ec_product_attributes_id`),
  KEY `idx_product_attributes_product_attributes_lang` (`ec_product_attributes_id`,`lang_code`)
) ENGINE=InnoDB DEFAULT CHARSET=utf8mb4 COLLATE=utf8mb4_unicode_ci;
/*!40101 SET character_set_client = @saved_cs_client */;

--
-- Dumping data for table `ec_product_attributes_translations`
--

LOCK TABLES `ec_product_attributes_translations` WRITE;
/*!40000 ALTER TABLE `ec_product_attributes_translations` DISABLE KEYS */;
/*!40000 ALTER TABLE `ec_product_attributes_translations` ENABLE KEYS */;
UNLOCK TABLES;

--
-- Table structure for table `ec_product_categories`
--

DROP TABLE IF EXISTS `ec_product_categories`;
/*!40101 SET @saved_cs_client     = @@character_set_client */;
/*!50503 SET character_set_client = utf8mb4 */;
CREATE TABLE `ec_product_categories` (
  `id` bigint unsigned NOT NULL AUTO_INCREMENT,
  `name` varchar(191) COLLATE utf8mb4_unicode_ci NOT NULL,
  `slug` varchar(191) COLLATE utf8mb4_unicode_ci DEFAULT NULL,
  `parent_id` bigint unsigned NOT NULL DEFAULT '0',
  `description` mediumtext COLLATE utf8mb4_unicode_ci,
  `status` varchar(60) COLLATE utf8mb4_unicode_ci NOT NULL DEFAULT 'published',
  `order` int unsigned NOT NULL DEFAULT '0',
  `image` varchar(191) COLLATE utf8mb4_unicode_ci DEFAULT NULL,
  `is_featured` tinyint unsigned NOT NULL DEFAULT '0',
  `created_at` timestamp NULL DEFAULT NULL,
  `updated_at` timestamp NULL DEFAULT NULL,
  `icon` varchar(191) COLLATE utf8mb4_unicode_ci DEFAULT NULL,
  `icon_image` varchar(191) COLLATE utf8mb4_unicode_ci DEFAULT NULL,
  PRIMARY KEY (`id`),
  KEY `ec_product_categories_parent_id_status_created_at_index` (`parent_id`,`status`,`created_at`),
  KEY `ec_product_categories_parent_id_status_index` (`parent_id`,`status`),
  KEY `idx_categories_status_order` (`status`,`order`),
  KEY `idx_categories_order` (`order`),
  KEY `ec_product_categories_slug_index` (`slug`),
  KEY `idx_ec_product_categories_status` (`status`),
  KEY `idx_ec_product_categories_parent_id` (`parent_id`),
  KEY `idx_ec_product_categories_status_parent_order` (`status`,`parent_id`,`order`),
  KEY `idx_ec_product_categories_is_featured` (`is_featured`),
  KEY `idx_ec_product_categories_name` (`name`),
  KEY `idx_ec_product_categories_slug` (`slug`)
) ENGINE=InnoDB AUTO_INCREMENT=18 DEFAULT CHARSET=utf8mb4 COLLATE=utf8mb4_unicode_ci;
/*!40101 SET character_set_client = @saved_cs_client */;

--
-- Dumping data for table `ec_product_categories`
--

LOCK TABLES `ec_product_categories` WRITE;
/*!40000 ALTER TABLE `ec_product_categories` DISABLE KEYS */;
INSERT INTO `ec_product_categories` VALUES (1,'Pro Glasses',NULL,0,NULL,'published',0,'banners/banner-2-01.jpg',1,'2025-12-25 18:49:35','2025-12-25 18:49:35',NULL,NULL),(2,'Casual Shoes',NULL,0,NULL,'published',0,'banners/banner-2-02.jpg',1,'2025-12-25 18:49:35','2025-12-25 18:49:35',NULL,NULL),(3,'Winter Jacket',NULL,2,NULL,'published',0,'banners/banner-2-03.jpg',1,'2025-12-25 18:49:35','2025-12-25 18:49:35',NULL,NULL),(4,'New Added',NULL,2,NULL,'published',0,'banners/banner-2-04.jpg',1,'2025-12-25 18:49:35','2025-12-25 18:49:35',NULL,NULL),(5,'Wooden',NULL,2,NULL,'published',0,NULL,1,'2025-12-25 18:49:35','2025-12-25 18:49:35',NULL,NULL),(6,'Furniture',NULL,2,NULL,'published',0,NULL,1,'2025-12-25 18:49:35','2025-12-25 18:49:35',NULL,NULL),(7,'Clock',NULL,2,NULL,'published',0,NULL,1,'2025-12-25 18:49:35','2025-12-25 18:49:35',NULL,NULL),(8,'Gifts',NULL,2,NULL,'published',0,NULL,1,'2025-12-25 18:49:35','2025-12-25 18:49:35',NULL,NULL),(9,'Crafts',NULL,2,NULL,'published',0,NULL,1,'2025-12-25 18:49:35','2025-12-25 18:49:35',NULL,NULL),(10,'Gift Sets',NULL,0,NULL,'published',0,'features/feature-icon-01.png',1,'2025-12-25 18:49:35','2025-12-25 18:49:35',NULL,NULL),(11,'Plastic Gifts',NULL,0,NULL,'published',0,'features/feature-icon-02.png',1,'2025-12-25 18:49:35','2025-12-25 18:49:35',NULL,NULL),(12,'Handy Cream',NULL,0,NULL,'published',0,'features/feature-icon-03.png',1,'2025-12-25 18:49:35','2025-12-25 18:49:35',NULL,NULL),(13,'Cosmetics',NULL,0,NULL,'published',0,'features/feature-icon-04.png',1,'2025-12-25 18:49:35','2025-12-25 18:49:35',NULL,NULL),(14,'Silk Accessories',NULL,0,NULL,'published',0,'features/feature-icon-05.png',1,'2025-12-25 18:49:35','2025-12-25 18:49:35',NULL,NULL),(15,'Finest Skincare Lotions',NULL,0,NULL,'published',0,'features/feature-icon-06.png',1,'2025-12-25 18:49:35','2025-12-25 18:49:35',NULL,NULL),(16,'Bags & Purses',NULL,0,NULL,'published',0,NULL,1,'2025-12-25 18:49:35','2025-12-25 18:49:35',NULL,NULL),(17,'Sunglasses',NULL,0,NULL,'published',0,NULL,1,'2025-12-25 18:49:35','2025-12-25 18:49:35',NULL,NULL);
/*!40000 ALTER TABLE `ec_product_categories` ENABLE KEYS */;
UNLOCK TABLES;

--
-- Table structure for table `ec_product_categories_translations`
--

DROP TABLE IF EXISTS `ec_product_categories_translations`;
/*!40101 SET @saved_cs_client     = @@character_set_client */;
/*!50503 SET character_set_client = utf8mb4 */;
CREATE TABLE `ec_product_categories_translations` (
  `lang_code` varchar(191) COLLATE utf8mb4_unicode_ci NOT NULL,
  `ec_product_categories_id` bigint unsigned NOT NULL,
  `name` varchar(191) COLLATE utf8mb4_unicode_ci DEFAULT NULL,
  `slug` varchar(191) COLLATE utf8mb4_unicode_ci DEFAULT NULL,
  `description` mediumtext COLLATE utf8mb4_unicode_ci,
  PRIMARY KEY (`lang_code`,`ec_product_categories_id`),
  KEY `idx_product_categories_fk` (`ec_product_categories_id`),
  KEY `idx_product_categories_product_categories_lang` (`ec_product_categories_id`,`lang_code`)
) ENGINE=InnoDB DEFAULT CHARSET=utf8mb4 COLLATE=utf8mb4_unicode_ci;
/*!40101 SET character_set_client = @saved_cs_client */;

--
-- Dumping data for table `ec_product_categories_translations`
--

LOCK TABLES `ec_product_categories_translations` WRITE;
/*!40000 ALTER TABLE `ec_product_categories_translations` DISABLE KEYS */;
/*!40000 ALTER TABLE `ec_product_categories_translations` ENABLE KEYS */;
UNLOCK TABLES;

--
-- Table structure for table `ec_product_categorizables`
--

DROP TABLE IF EXISTS `ec_product_categorizables`;
/*!40101 SET @saved_cs_client     = @@character_set_client */;
/*!50503 SET character_set_client = utf8mb4 */;
CREATE TABLE `ec_product_categorizables` (
  `category_id` bigint unsigned NOT NULL,
  `reference_id` bigint unsigned NOT NULL,
  `reference_type` varchar(120) COLLATE utf8mb4_unicode_ci NOT NULL,
  PRIMARY KEY (`category_id`,`reference_id`,`reference_type`),
  KEY `ec_product_categorizables_category_id_index` (`category_id`),
  KEY `ec_product_categorizables_reference_id_index` (`reference_id`),
  KEY `ec_product_categorizables_reference_type_index` (`reference_type`)
) ENGINE=InnoDB DEFAULT CHARSET=utf8mb4 COLLATE=utf8mb4_unicode_ci;
/*!40101 SET character_set_client = @saved_cs_client */;

--
-- Dumping data for table `ec_product_categorizables`
--

LOCK TABLES `ec_product_categorizables` WRITE;
/*!40000 ALTER TABLE `ec_product_categorizables` DISABLE KEYS */;
/*!40000 ALTER TABLE `ec_product_categorizables` ENABLE KEYS */;
UNLOCK TABLES;

--
-- Table structure for table `ec_product_category_product`
--

DROP TABLE IF EXISTS `ec_product_category_product`;
/*!40101 SET @saved_cs_client     = @@character_set_client */;
/*!50503 SET character_set_client = utf8mb4 */;
CREATE TABLE `ec_product_category_product` (
  `category_id` bigint unsigned NOT NULL,
  `product_id` bigint unsigned NOT NULL,
  PRIMARY KEY (`product_id`,`category_id`),
  KEY `ec_product_category_product_category_id_index` (`category_id`),
  KEY `ec_product_category_product_product_id_index` (`product_id`),
  KEY `idx_product_category` (`product_id`,`category_id`),
  KEY `idx_product_id_category_id` (`product_id`,`category_id`)
) ENGINE=InnoDB DEFAULT CHARSET=utf8mb4 COLLATE=utf8mb4_unicode_ci;
/*!40101 SET character_set_client = @saved_cs_client */;

--
-- Dumping data for table `ec_product_category_product`
--

LOCK TABLES `ec_product_category_product` WRITE;
/*!40000 ALTER TABLE `ec_product_category_product` DISABLE KEYS */;
INSERT INTO `ec_product_category_product` VALUES (1,1),(1,41),(1,46),(1,54),(1,59),(2,25),(2,28),(2,34),(2,49),(2,58),(3,3),(3,9),(3,10),(3,38),(3,70),(4,16),(4,18),(5,23),(5,29),(5,45),(5,64),(5,69),(6,12),(6,24),(6,26),(6,31),(6,53),(6,63),(6,74),(7,8),(7,35),(7,37),(7,39),(7,66),(7,75),(8,17),(8,42),(8,62),(9,6),(9,40),(9,43),(9,65),(10,20),(10,33),(10,44),(10,51),(11,5),(11,7),(11,11),(11,14),(11,32),(11,47),(11,50),(11,60),(11,61),(11,67),(11,68),(12,19),(12,55),(12,56),(12,57),(12,72),(13,2),(13,4),(13,21),(13,22),(13,30),(13,71),(14,13),(14,15),(14,27),(14,36),(14,48),(14,52),(14,73);
/*!40000 ALTER TABLE `ec_product_category_product` ENABLE KEYS */;
UNLOCK TABLES;

--
-- Table structure for table `ec_product_collection_products`
--

DROP TABLE IF EXISTS `ec_product_collection_products`;
/*!40101 SET @saved_cs_client     = @@character_set_client */;
/*!50503 SET character_set_client = utf8mb4 */;
CREATE TABLE `ec_product_collection_products` (
  `product_collection_id` bigint unsigned NOT NULL,
  `product_id` bigint unsigned NOT NULL,
  PRIMARY KEY (`product_id`,`product_collection_id`),
  KEY `ec_product_collection_products_product_collection_id_index` (`product_collection_id`),
  KEY `ec_product_collection_products_product_id_index` (`product_id`),
  KEY `idx_product_id_collection_id` (`product_id`,`product_collection_id`)
) ENGINE=InnoDB DEFAULT CHARSET=utf8mb4 COLLATE=utf8mb4_unicode_ci;
/*!40101 SET character_set_client = @saved_cs_client */;

--
-- Dumping data for table `ec_product_collection_products`
--

LOCK TABLES `ec_product_collection_products` WRITE;
/*!40000 ALTER TABLE `ec_product_collection_products` DISABLE KEYS */;
INSERT INTO `ec_product_collection_products` VALUES (1,2),(1,8),(1,12),(1,16),(1,18),(1,24),(1,31),(1,34),(1,36),(1,38),(1,39),(1,45),(1,49),(1,50),(1,52),(1,53),(1,57),(1,67),(1,68),(1,73),(2,3),(2,6),(2,10),(2,11),(2,15),(2,17),(2,20),(2,21),(2,26),(2,27),(2,28),(2,29),(2,32),(2,37),(2,40),(2,41),(2,43),(2,47),(2,51),(2,54),(2,58),(2,60),(2,63),(2,64),(2,65),(2,69),(2,70),(2,71),(2,74),(2,75),(3,1),(3,4),(3,5),(3,7),(3,9),(3,13),(3,14),(3,19),(3,22),(3,23),(3,25),(3,30),(3,33),(3,35),(3,42),(3,44),(3,46),(3,48),(3,55),(3,56),(3,59),(3,61),(3,62),(3,66),(3,72);
/*!40000 ALTER TABLE `ec_product_collection_products` ENABLE KEYS */;
UNLOCK TABLES;

--
-- Table structure for table `ec_product_collections`
--

DROP TABLE IF EXISTS `ec_product_collections`;
/*!40101 SET @saved_cs_client     = @@character_set_client */;
/*!50503 SET character_set_client = utf8mb4 */;
CREATE TABLE `ec_product_collections` (
  `id` bigint unsigned NOT NULL AUTO_INCREMENT,
  `name` varchar(191) COLLATE utf8mb4_unicode_ci NOT NULL,
  `slug` varchar(191) COLLATE utf8mb4_unicode_ci NOT NULL,
  `description` varchar(400) COLLATE utf8mb4_unicode_ci DEFAULT NULL,
  `image` varchar(191) COLLATE utf8mb4_unicode_ci DEFAULT NULL,
  `status` varchar(60) COLLATE utf8mb4_unicode_ci NOT NULL DEFAULT 'published',
  `created_at` timestamp NULL DEFAULT NULL,
  `updated_at` timestamp NULL DEFAULT NULL,
  `is_featured` tinyint unsigned NOT NULL DEFAULT '0',
  PRIMARY KEY (`id`)
) ENGINE=InnoDB AUTO_INCREMENT=8 DEFAULT CHARSET=utf8mb4 COLLATE=utf8mb4_unicode_ci;
/*!40101 SET character_set_client = @saved_cs_client */;

--
-- Dumping data for table `ec_product_collections`
--

LOCK TABLES `ec_product_collections` WRITE;
/*!40000 ALTER TABLE `ec_product_collections` DISABLE KEYS */;
INSERT INTO `ec_product_collections` VALUES (1,'New Arrival','new-arrival',NULL,NULL,'published','2025-12-25 18:49:35','2025-12-25 18:49:35',0),(2,'Best Sellers','best-sellers',NULL,NULL,'published','2025-12-25 18:49:35','2025-12-25 18:49:35',0),(3,'Special Offer','special-offer',NULL,NULL,'published','2025-12-25 18:49:35','2025-12-25 18:49:35',0),(4,'Reactive Providence Hair Color','reactive-providence-hair-color',NULL,'banners/thumb-01.jpg','published','2025-12-25 18:49:35','2025-12-25 18:49:35',0),(5,'New Modern &amp; Stylist Makeup','new-modern-stylist-makeup',NULL,'banners/thumb-02.jpg','published','2025-12-25 18:49:35','2025-12-25 18:49:35',0),(6,'Intensive Glow C+ Serum','intensive-glow-c-serum',NULL,'banners/thumb-03.jpg','published','2025-12-25 18:49:35','2025-12-25 18:49:35',0),(7,'Vogue','vogue',NULL,'banners/thumb-04.jpg','published','2025-12-25 18:49:35','2025-12-25 18:49:35',0);
/*!40000 ALTER TABLE `ec_product_collections` ENABLE KEYS */;
UNLOCK TABLES;

--
-- Table structure for table `ec_product_collections_translations`
--

DROP TABLE IF EXISTS `ec_product_collections_translations`;
/*!40101 SET @saved_cs_client     = @@character_set_client */;
/*!50503 SET character_set_client = utf8mb4 */;
CREATE TABLE `ec_product_collections_translations` (
  `lang_code` varchar(191) COLLATE utf8mb4_unicode_ci NOT NULL,
  `ec_product_collections_id` bigint unsigned NOT NULL,
  `name` varchar(191) COLLATE utf8mb4_unicode_ci DEFAULT NULL,
  `description` varchar(400) COLLATE utf8mb4_unicode_ci DEFAULT NULL,
  PRIMARY KEY (`lang_code`,`ec_product_collections_id`),
  KEY `idx_product_collections_fk` (`ec_product_collections_id`),
  KEY `idx_product_collections_product_collections_lang` (`ec_product_collections_id`,`lang_code`)
) ENGINE=InnoDB DEFAULT CHARSET=utf8mb4 COLLATE=utf8mb4_unicode_ci;
/*!40101 SET character_set_client = @saved_cs_client */;

--
-- Dumping data for table `ec_product_collections_translations`
--

LOCK TABLES `ec_product_collections_translations` WRITE;
/*!40000 ALTER TABLE `ec_product_collections_translations` DISABLE KEYS */;
/*!40000 ALTER TABLE `ec_product_collections_translations` ENABLE KEYS */;
UNLOCK TABLES;

--
-- Table structure for table `ec_product_cross_sale_relations`
--

DROP TABLE IF EXISTS `ec_product_cross_sale_relations`;
/*!40101 SET @saved_cs_client     = @@character_set_client */;
/*!50503 SET character_set_client = utf8mb4 */;
CREATE TABLE `ec_product_cross_sale_relations` (
  `from_product_id` bigint unsigned NOT NULL,
  `to_product_id` bigint unsigned NOT NULL,
  `is_variant` tinyint(1) NOT NULL DEFAULT '0',
  `price` decimal(15,2) DEFAULT '0.00',
  `price_type` varchar(191) COLLATE utf8mb4_unicode_ci NOT NULL DEFAULT 'fixed',
  `apply_to_all_variations` tinyint(1) NOT NULL DEFAULT '1',
  PRIMARY KEY (`from_product_id`,`to_product_id`),
  KEY `ec_product_cross_sale_relations_from_product_id_index` (`from_product_id`),
  KEY `ec_product_cross_sale_relations_to_product_id_index` (`to_product_id`),
  KEY `idx_product_cross_sale` (`from_product_id`,`to_product_id`)
) ENGINE=InnoDB DEFAULT CHARSET=utf8mb4 COLLATE=utf8mb4_unicode_ci;
/*!40101 SET character_set_client = @saved_cs_client */;

--
-- Dumping data for table `ec_product_cross_sale_relations`
--

LOCK TABLES `ec_product_cross_sale_relations` WRITE;
/*!40000 ALTER TABLE `ec_product_cross_sale_relations` DISABLE KEYS */;
INSERT INTO `ec_product_cross_sale_relations` VALUES (1,30,0,0.00,'fixed',1),(1,31,0,0.00,'fixed',1),(1,36,0,0.00,'fixed',1),(1,66,0,0.00,'fixed',1),(2,1,0,0.00,'fixed',1),(2,29,0,0.00,'fixed',1),(2,53,0,0.00,'fixed',1),(2,54,0,0.00,'fixed',1),(3,13,0,0.00,'fixed',1),(3,27,0,0.00,'fixed',1),(3,36,0,0.00,'fixed',1),(3,72,0,0.00,'fixed',1),(4,43,0,0.00,'fixed',1),(4,44,0,0.00,'fixed',1),(4,56,0,0.00,'fixed',1),(4,71,0,0.00,'fixed',1),(5,3,0,0.00,'fixed',1),(5,10,0,0.00,'fixed',1),(5,24,0,0.00,'fixed',1),(5,58,0,0.00,'fixed',1),(6,34,0,0.00,'fixed',1),(6,54,0,0.00,'fixed',1),(6,55,0,0.00,'fixed',1),(6,65,0,0.00,'fixed',1),(7,1,0,0.00,'fixed',1),(7,12,0,0.00,'fixed',1),(7,68,0,0.00,'fixed',1),(7,74,0,0.00,'fixed',1),(8,32,0,0.00,'fixed',1),(8,35,0,0.00,'fixed',1),(8,43,0,0.00,'fixed',1),(8,70,0,0.00,'fixed',1),(9,15,0,0.00,'fixed',1),(9,18,0,0.00,'fixed',1),(9,26,0,0.00,'fixed',1),(9,64,0,0.00,'fixed',1),(10,2,0,0.00,'fixed',1),(10,14,0,0.00,'fixed',1),(10,25,0,0.00,'fixed',1),(10,49,0,0.00,'fixed',1),(11,5,0,0.00,'fixed',1),(11,63,0,0.00,'fixed',1),(11,70,0,0.00,'fixed',1),(11,71,0,0.00,'fixed',1),(12,22,0,0.00,'fixed',1),(12,30,0,0.00,'fixed',1),(12,31,0,0.00,'fixed',1),(12,58,0,0.00,'fixed',1),(13,7,0,0.00,'fixed',1),(13,49,0,0.00,'fixed',1),(13,57,0,0.00,'fixed',1),(13,66,0,0.00,'fixed',1),(14,31,0,0.00,'fixed',1),(14,53,0,0.00,'fixed',1),(14,56,0,0.00,'fixed',1),(14,74,0,0.00,'fixed',1),(15,10,0,0.00,'fixed',1),(15,41,0,0.00,'fixed',1),(15,47,0,0.00,'fixed',1),(15,54,0,0.00,'fixed',1),(16,29,0,0.00,'fixed',1),(16,32,0,0.00,'fixed',1),(16,35,0,0.00,'fixed',1),(16,45,0,0.00,'fixed',1),(17,8,0,0.00,'fixed',1),(17,22,0,0.00,'fixed',1),(17,44,0,0.00,'fixed',1),(17,75,0,0.00,'fixed',1),(18,10,0,0.00,'fixed',1),(18,13,0,0.00,'fixed',1),(18,28,0,0.00,'fixed',1),(18,39,0,0.00,'fixed',1),(19,18,0,0.00,'fixed',1),(19,23,0,0.00,'fixed',1),(19,47,0,0.00,'fixed',1),(19,50,0,0.00,'fixed',1),(20,22,0,0.00,'fixed',1),(20,30,0,0.00,'fixed',1),(20,37,0,0.00,'fixed',1),(20,70,0,0.00,'fixed',1),(21,4,0,0.00,'fixed',1),(21,5,0,0.00,'fixed',1),(21,27,0,0.00,'fixed',1),(21,46,0,0.00,'fixed',1),(22,6,0,0.00,'fixed',1),(22,20,0,0.00,'fixed',1),(22,43,0,0.00,'fixed',1),(22,57,0,0.00,'fixed',1),(23,2,0,0.00,'fixed',1),(23,26,0,0.00,'fixed',1),(23,49,0,0.00,'fixed',1),(23,66,0,0.00,'fixed',1),(24,7,0,0.00,'fixed',1),(24,48,0,0.00,'fixed',1),(24,63,0,0.00,'fixed',1),(24,74,0,0.00,'fixed',1),(25,18,0,0.00,'fixed',1),(25,60,0,0.00,'fixed',1),(25,69,0,0.00,'fixed',1),(25,71,0,0.00,'fixed',1),(26,11,0,0.00,'fixed',1),(26,46,0,0.00,'fixed',1),(26,52,0,0.00,'fixed',1),(26,59,0,0.00,'fixed',1),(27,43,0,0.00,'fixed',1),(27,46,0,0.00,'fixed',1),(27,52,0,0.00,'fixed',1),(28,2,0,0.00,'fixed',1),(28,24,0,0.00,'fixed',1),(28,40,0,0.00,'fixed',1),(28,43,0,0.00,'fixed',1),(29,37,0,0.00,'fixed',1),(29,46,0,0.00,'fixed',1),(29,66,0,0.00,'fixed',1),(30,6,0,0.00,'fixed',1),(30,24,0,0.00,'fixed',1),(30,31,0,0.00,'fixed',1),(30,41,0,0.00,'fixed',1),(31,7,0,0.00,'fixed',1),(31,22,0,0.00,'fixed',1),(31,53,0,0.00,'fixed',1),(31,64,0,0.00,'fixed',1),(32,3,0,0.00,'fixed',1),(32,12,0,0.00,'fixed',1),(32,18,0,0.00,'fixed',1),(32,37,0,0.00,'fixed',1),(33,18,0,0.00,'fixed',1),(33,53,0,0.00,'fixed',1),(33,60,0,0.00,'fixed',1),(33,65,0,0.00,'fixed',1),(34,24,0,0.00,'fixed',1),(34,38,0,0.00,'fixed',1),(34,45,0,0.00,'fixed',1),(34,74,0,0.00,'fixed',1),(35,17,0,0.00,'fixed',1),(35,32,0,0.00,'fixed',1),(35,60,0,0.00,'fixed',1),(35,65,0,0.00,'fixed',1),(36,9,0,0.00,'fixed',1),(36,66,0,0.00,'fixed',1),(36,68,0,0.00,'fixed',1),(36,69,0,0.00,'fixed',1),(37,4,0,0.00,'fixed',1),(37,9,0,0.00,'fixed',1),(37,54,0,0.00,'fixed',1),(37,56,0,0.00,'fixed',1),(38,4,0,0.00,'fixed',1),(38,35,0,0.00,'fixed',1),(38,39,0,0.00,'fixed',1),(38,62,0,0.00,'fixed',1),(39,6,0,0.00,'fixed',1),(39,36,0,0.00,'fixed',1),(39,67,0,0.00,'fixed',1),(39,71,0,0.00,'fixed',1),(40,5,0,0.00,'fixed',1),(40,26,0,0.00,'fixed',1),(40,50,0,0.00,'fixed',1),(40,52,0,0.00,'fixed',1),(41,10,0,0.00,'fixed',1),(41,45,0,0.00,'fixed',1),(41,63,0,0.00,'fixed',1),(41,75,0,0.00,'fixed',1),(42,23,0,0.00,'fixed',1),(42,31,0,0.00,'fixed',1),(42,41,0,0.00,'fixed',1),(42,60,0,0.00,'fixed',1),(43,25,0,0.00,'fixed',1),(43,33,0,0.00,'fixed',1),(43,53,0,0.00,'fixed',1),(43,68,0,0.00,'fixed',1),(44,42,0,0.00,'fixed',1),(44,46,0,0.00,'fixed',1),(44,52,0,0.00,'fixed',1),(44,68,0,0.00,'fixed',1),(45,10,0,0.00,'fixed',1),(45,23,0,0.00,'fixed',1),(45,44,0,0.00,'fixed',1),(45,73,0,0.00,'fixed',1),(46,4,0,0.00,'fixed',1),(46,64,0,0.00,'fixed',1),(46,66,0,0.00,'fixed',1),(46,68,0,0.00,'fixed',1),(47,33,0,0.00,'fixed',1),(47,34,0,0.00,'fixed',1),(47,37,0,0.00,'fixed',1),(47,44,0,0.00,'fixed',1),(48,22,0,0.00,'fixed',1),(48,49,0,0.00,'fixed',1),(48,54,0,0.00,'fixed',1),(48,55,0,0.00,'fixed',1),(49,9,0,0.00,'fixed',1),(49,40,0,0.00,'fixed',1),(49,53,0,0.00,'fixed',1),(49,63,0,0.00,'fixed',1),(50,12,0,0.00,'fixed',1),(50,36,0,0.00,'fixed',1),(50,54,0,0.00,'fixed',1),(50,64,0,0.00,'fixed',1),(51,38,0,0.00,'fixed',1),(51,45,0,0.00,'fixed',1),(51,65,0,0.00,'fixed',1),(51,67,0,0.00,'fixed',1),(52,4,0,0.00,'fixed',1),(52,27,0,0.00,'fixed',1),(52,61,0,0.00,'fixed',1),(52,68,0,0.00,'fixed',1),(53,18,0,0.00,'fixed',1),(53,22,0,0.00,'fixed',1),(53,60,0,0.00,'fixed',1),(53,70,0,0.00,'fixed',1),(54,47,0,0.00,'fixed',1),(54,55,0,0.00,'fixed',1),(54,56,0,0.00,'fixed',1),(54,58,0,0.00,'fixed',1),(55,27,0,0.00,'fixed',1),(55,50,0,0.00,'fixed',1),(55,62,0,0.00,'fixed',1),(55,74,0,0.00,'fixed',1),(56,11,0,0.00,'fixed',1),(56,26,0,0.00,'fixed',1),(56,30,0,0.00,'fixed',1),(56,53,0,0.00,'fixed',1),(57,25,0,0.00,'fixed',1),(57,40,0,0.00,'fixed',1),(57,42,0,0.00,'fixed',1),(57,72,0,0.00,'fixed',1),(58,38,0,0.00,'fixed',1),(58,65,0,0.00,'fixed',1),(58,66,0,0.00,'fixed',1),(58,69,0,0.00,'fixed',1),(59,19,0,0.00,'fixed',1),(59,27,0,0.00,'fixed',1),(59,32,0,0.00,'fixed',1),(59,41,0,0.00,'fixed',1),(60,20,0,0.00,'fixed',1),(60,25,0,0.00,'fixed',1),(60,30,0,0.00,'fixed',1),(60,73,0,0.00,'fixed',1),(61,14,0,0.00,'fixed',1),(61,38,0,0.00,'fixed',1),(61,74,0,0.00,'fixed',1),(62,15,0,0.00,'fixed',1),(62,45,0,0.00,'fixed',1),(62,52,0,0.00,'fixed',1),(62,56,0,0.00,'fixed',1),(63,11,0,0.00,'fixed',1),(63,20,0,0.00,'fixed',1),(63,37,0,0.00,'fixed',1),(63,41,0,0.00,'fixed',1),(64,14,0,0.00,'fixed',1),(64,32,0,0.00,'fixed',1),(64,39,0,0.00,'fixed',1),(64,61,0,0.00,'fixed',1),(65,25,0,0.00,'fixed',1),(65,33,0,0.00,'fixed',1),(65,38,0,0.00,'fixed',1),(65,52,0,0.00,'fixed',1),(66,21,0,0.00,'fixed',1),(66,35,0,0.00,'fixed',1),(66,41,0,0.00,'fixed',1),(66,44,0,0.00,'fixed',1),(67,6,0,0.00,'fixed',1),(67,33,0,0.00,'fixed',1),(67,54,0,0.00,'fixed',1),(67,74,0,0.00,'fixed',1),(68,34,0,0.00,'fixed',1),(68,43,0,0.00,'fixed',1),(68,53,0,0.00,'fixed',1),(68,66,0,0.00,'fixed',1),(69,30,0,0.00,'fixed',1),(69,48,0,0.00,'fixed',1),(69,52,0,0.00,'fixed',1),(69,74,0,0.00,'fixed',1),(70,2,0,0.00,'fixed',1),(70,3,0,0.00,'fixed',1),(70,14,0,0.00,'fixed',1),(70,68,0,0.00,'fixed',1),(71,33,0,0.00,'fixed',1),(71,35,0,0.00,'fixed',1),(71,39,0,0.00,'fixed',1),(71,47,0,0.00,'fixed',1),(72,5,0,0.00,'fixed',1),(72,12,0,0.00,'fixed',1),(72,32,0,0.00,'fixed',1),(72,71,0,0.00,'fixed',1),(73,31,0,0.00,'fixed',1),(73,58,0,0.00,'fixed',1),(73,70,0,0.00,'fixed',1),(73,71,0,0.00,'fixed',1),(74,17,0,0.00,'fixed',1),(74,19,0,0.00,'fixed',1),(74,31,0,0.00,'fixed',1),(74,56,0,0.00,'fixed',1),(75,25,0,0.00,'fixed',1),(75,41,0,0.00,'fixed',1),(75,63,0,0.00,'fixed',1),(75,66,0,0.00,'fixed',1);
/*!40000 ALTER TABLE `ec_product_cross_sale_relations` ENABLE KEYS */;
UNLOCK TABLES;

--
-- Table structure for table `ec_product_files`
--

DROP TABLE IF EXISTS `ec_product_files`;
/*!40101 SET @saved_cs_client     = @@character_set_client */;
/*!50503 SET character_set_client = utf8mb4 */;
CREATE TABLE `ec_product_files` (
  `id` bigint unsigned NOT NULL AUTO_INCREMENT,
  `product_id` bigint unsigned DEFAULT NULL,
  `url` varchar(400) COLLATE utf8mb4_unicode_ci DEFAULT NULL,
  `extras` mediumtext COLLATE utf8mb4_unicode_ci,
  `created_at` timestamp NULL DEFAULT NULL,
  `updated_at` timestamp NULL DEFAULT NULL,
  PRIMARY KEY (`id`),
  KEY `ec_product_files_product_id_index` (`product_id`)
) ENGINE=InnoDB AUTO_INCREMENT=388 DEFAULT CHARSET=utf8mb4 COLLATE=utf8mb4_unicode_ci;
/*!40101 SET character_set_client = @saved_cs_client */;

--
-- Dumping data for table `ec_product_files`
--

LOCK TABLES `ec_product_files` WRITE;
/*!40000 ALTER TABLE `ec_product_files` DISABLE KEYS */;
INSERT INTO `ec_product_files` VALUES (1,76,'ecommerce/digital-product-files/product-48.jpg','{\"filename\":\"product-48.jpg\",\"url\":\"ecommerce\\/digital-product-files\\/product-48.jpg\",\"mime_type\":\"image\\/jpeg\",\"size\":9730,\"modified\":\"2025-12-26 01:49:43\",\"name\":\"product-48\",\"extension\":\"jpg\"}','2025-12-25 18:49:43','2025-12-25 18:49:43'),(2,76,'ecommerce/digital-product-files/product-78.jpg','{\"filename\":\"product-78.jpg\",\"url\":\"ecommerce\\/digital-product-files\\/product-78.jpg\",\"mime_type\":\"image\\/jpeg\",\"size\":9730,\"modified\":\"2025-12-26 01:49:43\",\"name\":\"product-78\",\"extension\":\"jpg\"}','2025-12-25 18:49:43','2025-12-25 18:49:43'),(3,76,'ecommerce/digital-product-files/product-92.jpg','{\"filename\":\"product-92.jpg\",\"url\":\"ecommerce\\/digital-product-files\\/product-92.jpg\",\"mime_type\":\"image\\/jpeg\",\"size\":9730,\"modified\":\"2025-12-26 01:49:43\",\"name\":\"product-92\",\"extension\":\"jpg\"}','2025-12-25 18:49:43','2025-12-25 18:49:43'),(4,76,'ecommerce/digital-product-files/product-75.jpg','{\"filename\":\"product-75.jpg\",\"url\":\"ecommerce\\/digital-product-files\\/product-75.jpg\",\"mime_type\":\"image\\/jpeg\",\"size\":9730,\"modified\":\"2025-12-26 01:49:43\",\"name\":\"product-75\",\"extension\":\"jpg\"}','2025-12-25 18:49:43','2025-12-25 18:49:43'),(5,76,'ecommerce/digital-product-files/product-23.jpg','{\"filename\":\"product-23.jpg\",\"url\":\"ecommerce\\/digital-product-files\\/product-23.jpg\",\"mime_type\":\"image\\/jpeg\",\"size\":9730,\"modified\":\"2025-12-26 01:49:43\",\"name\":\"product-23\",\"extension\":\"jpg\"}','2025-12-25 18:49:43','2025-12-25 18:49:43'),(6,76,'ecommerce/digital-product-files/product-95.jpg','{\"filename\":\"product-95.jpg\",\"url\":\"ecommerce\\/digital-product-files\\/product-95.jpg\",\"mime_type\":\"image\\/jpeg\",\"size\":9730,\"modified\":\"2025-12-26 01:49:43\",\"name\":\"product-95\",\"extension\":\"jpg\"}','2025-12-25 18:49:43','2025-12-25 18:49:43'),(7,76,'ecommerce/digital-product-files/product-24.jpg','{\"filename\":\"product-24.jpg\",\"url\":\"ecommerce\\/digital-product-files\\/product-24.jpg\",\"mime_type\":\"image\\/jpeg\",\"size\":9730,\"modified\":\"2025-12-26 01:49:43\",\"name\":\"product-24\",\"extension\":\"jpg\"}','2025-12-25 18:49:43','2025-12-25 18:49:43'),(8,76,'ecommerce/digital-product-files/product-55.jpg','{\"filename\":\"product-55.jpg\",\"url\":\"ecommerce\\/digital-product-files\\/product-55.jpg\",\"mime_type\":\"image\\/jpeg\",\"size\":9730,\"modified\":\"2025-12-26 01:49:43\",\"name\":\"product-55\",\"extension\":\"jpg\"}','2025-12-25 18:49:43','2025-12-25 18:49:43'),(9,76,'ecommerce/digital-product-files/product-63.jpg','{\"filename\":\"product-63.jpg\",\"url\":\"ecommerce\\/digital-product-files\\/product-63.jpg\",\"mime_type\":\"image\\/jpeg\",\"size\":9730,\"modified\":\"2025-12-26 01:49:43\",\"name\":\"product-63\",\"extension\":\"jpg\"}','2025-12-25 18:49:43','2025-12-25 18:49:43'),(10,76,'ecommerce/digital-product-files/product-34.jpg','{\"filename\":\"product-34.jpg\",\"url\":\"ecommerce\\/digital-product-files\\/product-34.jpg\",\"mime_type\":\"image\\/jpeg\",\"size\":9730,\"modified\":\"2025-12-26 01:49:43\",\"name\":\"product-34\",\"extension\":\"jpg\"}','2025-12-25 18:49:43','2025-12-25 18:49:43'),(11,76,'ecommerce/digital-product-files/product-56.jpg','{\"filename\":\"product-56.jpg\",\"url\":\"ecommerce\\/digital-product-files\\/product-56.jpg\",\"mime_type\":\"image\\/jpeg\",\"size\":9730,\"modified\":\"2025-12-26 01:49:43\",\"name\":\"product-56\",\"extension\":\"jpg\"}','2025-12-25 18:49:43','2025-12-25 18:49:43'),(12,76,'ecommerce/digital-product-files/product-35.jpg','{\"filename\":\"product-35.jpg\",\"url\":\"ecommerce\\/digital-product-files\\/product-35.jpg\",\"mime_type\":\"image\\/jpeg\",\"size\":9730,\"modified\":\"2025-12-26 01:49:43\",\"name\":\"product-35\",\"extension\":\"jpg\"}','2025-12-25 18:49:43','2025-12-25 18:49:43'),(13,77,'ecommerce/digital-product-files/product-48.jpg','{\"filename\":\"product-48.jpg\",\"url\":\"ecommerce\\/digital-product-files\\/product-48.jpg\",\"mime_type\":\"image\\/jpeg\",\"size\":9730,\"modified\":\"2025-12-26 01:49:43\",\"name\":\"product-48\",\"extension\":\"jpg\"}','2025-12-25 18:49:43','2025-12-25 18:49:43'),(14,77,'ecommerce/digital-product-files/product-78.jpg','{\"filename\":\"product-78.jpg\",\"url\":\"ecommerce\\/digital-product-files\\/product-78.jpg\",\"mime_type\":\"image\\/jpeg\",\"size\":9730,\"modified\":\"2025-12-26 01:49:43\",\"name\":\"product-78\",\"extension\":\"jpg\"}','2025-12-25 18:49:43','2025-12-25 18:49:43'),(15,77,'ecommerce/digital-product-files/product-92.jpg','{\"filename\":\"product-92.jpg\",\"url\":\"ecommerce\\/digital-product-files\\/product-92.jpg\",\"mime_type\":\"image\\/jpeg\",\"size\":9730,\"modified\":\"2025-12-26 01:49:43\",\"name\":\"product-92\",\"extension\":\"jpg\"}','2025-12-25 18:49:43','2025-12-25 18:49:43'),(16,77,'ecommerce/digital-product-files/product-75.jpg','{\"filename\":\"product-75.jpg\",\"url\":\"ecommerce\\/digital-product-files\\/product-75.jpg\",\"mime_type\":\"image\\/jpeg\",\"size\":9730,\"modified\":\"2025-12-26 01:49:43\",\"name\":\"product-75\",\"extension\":\"jpg\"}','2025-12-25 18:49:43','2025-12-25 18:49:43'),(17,77,'ecommerce/digital-product-files/product-23.jpg','{\"filename\":\"product-23.jpg\",\"url\":\"ecommerce\\/digital-product-files\\/product-23.jpg\",\"mime_type\":\"image\\/jpeg\",\"size\":9730,\"modified\":\"2025-12-26 01:49:43\",\"name\":\"product-23\",\"extension\":\"jpg\"}','2025-12-25 18:49:43','2025-12-25 18:49:43'),(18,77,'ecommerce/digital-product-files/product-95.jpg','{\"filename\":\"product-95.jpg\",\"url\":\"ecommerce\\/digital-product-files\\/product-95.jpg\",\"mime_type\":\"image\\/jpeg\",\"size\":9730,\"modified\":\"2025-12-26 01:49:43\",\"name\":\"product-95\",\"extension\":\"jpg\"}','2025-12-25 18:49:43','2025-12-25 18:49:43'),(19,77,'ecommerce/digital-product-files/product-24.jpg','{\"filename\":\"product-24.jpg\",\"url\":\"ecommerce\\/digital-product-files\\/product-24.jpg\",\"mime_type\":\"image\\/jpeg\",\"size\":9730,\"modified\":\"2025-12-26 01:49:43\",\"name\":\"product-24\",\"extension\":\"jpg\"}','2025-12-25 18:49:43','2025-12-25 18:49:43'),(20,77,'ecommerce/digital-product-files/product-55.jpg','{\"filename\":\"product-55.jpg\",\"url\":\"ecommerce\\/digital-product-files\\/product-55.jpg\",\"mime_type\":\"image\\/jpeg\",\"size\":9730,\"modified\":\"2025-12-26 01:49:43\",\"name\":\"product-55\",\"extension\":\"jpg\"}','2025-12-25 18:49:43','2025-12-25 18:49:43'),(21,77,'ecommerce/digital-product-files/product-63.jpg','{\"filename\":\"product-63.jpg\",\"url\":\"ecommerce\\/digital-product-files\\/product-63.jpg\",\"mime_type\":\"image\\/jpeg\",\"size\":9730,\"modified\":\"2025-12-26 01:49:43\",\"name\":\"product-63\",\"extension\":\"jpg\"}','2025-12-25 18:49:43','2025-12-25 18:49:43'),(22,77,'ecommerce/digital-product-files/product-34.jpg','{\"filename\":\"product-34.jpg\",\"url\":\"ecommerce\\/digital-product-files\\/product-34.jpg\",\"mime_type\":\"image\\/jpeg\",\"size\":9730,\"modified\":\"2025-12-26 01:49:43\",\"name\":\"product-34\",\"extension\":\"jpg\"}','2025-12-25 18:49:43','2025-12-25 18:49:43'),(23,77,'ecommerce/digital-product-files/product-56.jpg','{\"filename\":\"product-56.jpg\",\"url\":\"ecommerce\\/digital-product-files\\/product-56.jpg\",\"mime_type\":\"image\\/jpeg\",\"size\":9730,\"modified\":\"2025-12-26 01:49:43\",\"name\":\"product-56\",\"extension\":\"jpg\"}','2025-12-25 18:49:43','2025-12-25 18:49:43'),(24,77,'ecommerce/digital-product-files/product-35.jpg','{\"filename\":\"product-35.jpg\",\"url\":\"ecommerce\\/digital-product-files\\/product-35.jpg\",\"mime_type\":\"image\\/jpeg\",\"size\":9730,\"modified\":\"2025-12-26 01:49:43\",\"name\":\"product-35\",\"extension\":\"jpg\"}','2025-12-25 18:49:43','2025-12-25 18:49:43'),(25,78,'ecommerce/digital-product-files/product-48.jpg','{\"filename\":\"product-48.jpg\",\"url\":\"ecommerce\\/digital-product-files\\/product-48.jpg\",\"mime_type\":\"image\\/jpeg\",\"size\":9730,\"modified\":\"2025-12-26 01:49:43\",\"name\":\"product-48\",\"extension\":\"jpg\"}','2025-12-25 18:49:43','2025-12-25 18:49:43'),(26,78,'ecommerce/digital-product-files/product-78.jpg','{\"filename\":\"product-78.jpg\",\"url\":\"ecommerce\\/digital-product-files\\/product-78.jpg\",\"mime_type\":\"image\\/jpeg\",\"size\":9730,\"modified\":\"2025-12-26 01:49:43\",\"name\":\"product-78\",\"extension\":\"jpg\"}','2025-12-25 18:49:43','2025-12-25 18:49:43'),(27,78,'ecommerce/digital-product-files/product-92.jpg','{\"filename\":\"product-92.jpg\",\"url\":\"ecommerce\\/digital-product-files\\/product-92.jpg\",\"mime_type\":\"image\\/jpeg\",\"size\":9730,\"modified\":\"2025-12-26 01:49:43\",\"name\":\"product-92\",\"extension\":\"jpg\"}','2025-12-25 18:49:43','2025-12-25 18:49:43'),(28,78,'ecommerce/digital-product-files/product-75.jpg','{\"filename\":\"product-75.jpg\",\"url\":\"ecommerce\\/digital-product-files\\/product-75.jpg\",\"mime_type\":\"image\\/jpeg\",\"size\":9730,\"modified\":\"2025-12-26 01:49:43\",\"name\":\"product-75\",\"extension\":\"jpg\"}','2025-12-25 18:49:43','2025-12-25 18:49:43'),(29,78,'ecommerce/digital-product-files/product-23.jpg','{\"filename\":\"product-23.jpg\",\"url\":\"ecommerce\\/digital-product-files\\/product-23.jpg\",\"mime_type\":\"image\\/jpeg\",\"size\":9730,\"modified\":\"2025-12-26 01:49:43\",\"name\":\"product-23\",\"extension\":\"jpg\"}','2025-12-25 18:49:43','2025-12-25 18:49:43'),(30,78,'ecommerce/digital-product-files/product-95.jpg','{\"filename\":\"product-95.jpg\",\"url\":\"ecommerce\\/digital-product-files\\/product-95.jpg\",\"mime_type\":\"image\\/jpeg\",\"size\":9730,\"modified\":\"2025-12-26 01:49:43\",\"name\":\"product-95\",\"extension\":\"jpg\"}','2025-12-25 18:49:43','2025-12-25 18:49:43'),(31,78,'ecommerce/digital-product-files/product-24.jpg','{\"filename\":\"product-24.jpg\",\"url\":\"ecommerce\\/digital-product-files\\/product-24.jpg\",\"mime_type\":\"image\\/jpeg\",\"size\":9730,\"modified\":\"2025-12-26 01:49:43\",\"name\":\"product-24\",\"extension\":\"jpg\"}','2025-12-25 18:49:43','2025-12-25 18:49:43'),(32,78,'ecommerce/digital-product-files/product-55.jpg','{\"filename\":\"product-55.jpg\",\"url\":\"ecommerce\\/digital-product-files\\/product-55.jpg\",\"mime_type\":\"image\\/jpeg\",\"size\":9730,\"modified\":\"2025-12-26 01:49:43\",\"name\":\"product-55\",\"extension\":\"jpg\"}','2025-12-25 18:49:43','2025-12-25 18:49:43'),(33,78,'ecommerce/digital-product-files/product-63.jpg','{\"filename\":\"product-63.jpg\",\"url\":\"ecommerce\\/digital-product-files\\/product-63.jpg\",\"mime_type\":\"image\\/jpeg\",\"size\":9730,\"modified\":\"2025-12-26 01:49:43\",\"name\":\"product-63\",\"extension\":\"jpg\"}','2025-12-25 18:49:43','2025-12-25 18:49:43'),(34,78,'ecommerce/digital-product-files/product-34.jpg','{\"filename\":\"product-34.jpg\",\"url\":\"ecommerce\\/digital-product-files\\/product-34.jpg\",\"mime_type\":\"image\\/jpeg\",\"size\":9730,\"modified\":\"2025-12-26 01:49:43\",\"name\":\"product-34\",\"extension\":\"jpg\"}','2025-12-25 18:49:43','2025-12-25 18:49:43'),(35,78,'ecommerce/digital-product-files/product-56.jpg','{\"filename\":\"product-56.jpg\",\"url\":\"ecommerce\\/digital-product-files\\/product-56.jpg\",\"mime_type\":\"image\\/jpeg\",\"size\":9730,\"modified\":\"2025-12-26 01:49:43\",\"name\":\"product-56\",\"extension\":\"jpg\"}','2025-12-25 18:49:43','2025-12-25 18:49:43'),(36,78,'ecommerce/digital-product-files/product-35.jpg','{\"filename\":\"product-35.jpg\",\"url\":\"ecommerce\\/digital-product-files\\/product-35.jpg\",\"mime_type\":\"image\\/jpeg\",\"size\":9730,\"modified\":\"2025-12-26 01:49:43\",\"name\":\"product-35\",\"extension\":\"jpg\"}','2025-12-25 18:49:43','2025-12-25 18:49:43'),(37,88,'ecommerce/digital-product-files/product-34.jpg','{\"filename\":\"product-34.jpg\",\"url\":\"ecommerce\\/digital-product-files\\/product-34.jpg\",\"mime_type\":\"image\\/jpeg\",\"size\":9730,\"modified\":\"2025-12-26 01:49:43\",\"name\":\"product-34\",\"extension\":\"jpg\"}','2025-12-25 18:49:43','2025-12-25 18:49:43'),(38,88,'ecommerce/digital-product-files/product-5.jpg','{\"filename\":\"product-5.jpg\",\"url\":\"ecommerce\\/digital-product-files\\/product-5.jpg\",\"mime_type\":\"image\\/jpeg\",\"size\":9730,\"modified\":\"2025-12-26 01:49:43\",\"name\":\"product-5\",\"extension\":\"jpg\"}','2025-12-25 18:49:43','2025-12-25 18:49:43'),(39,88,'ecommerce/digital-product-files/product-71.jpg','{\"filename\":\"product-71.jpg\",\"url\":\"ecommerce\\/digital-product-files\\/product-71.jpg\",\"mime_type\":\"image\\/jpeg\",\"size\":9730,\"modified\":\"2025-12-26 01:49:43\",\"name\":\"product-71\",\"extension\":\"jpg\"}','2025-12-25 18:49:43','2025-12-25 18:49:43'),(40,88,'ecommerce/digital-product-files/product-69.jpg','{\"filename\":\"product-69.jpg\",\"url\":\"ecommerce\\/digital-product-files\\/product-69.jpg\",\"mime_type\":\"image\\/jpeg\",\"size\":9730,\"modified\":\"2025-12-26 01:49:43\",\"name\":\"product-69\",\"extension\":\"jpg\"}','2025-12-25 18:49:43','2025-12-25 18:49:43'),(41,88,'ecommerce/digital-product-files/product-89.jpg','{\"filename\":\"product-89.jpg\",\"url\":\"ecommerce\\/digital-product-files\\/product-89.jpg\",\"mime_type\":\"image\\/jpeg\",\"size\":9730,\"modified\":\"2025-12-26 01:49:43\",\"name\":\"product-89\",\"extension\":\"jpg\"}','2025-12-25 18:49:43','2025-12-25 18:49:43'),(42,89,'ecommerce/digital-product-files/product-34.jpg','{\"filename\":\"product-34.jpg\",\"url\":\"ecommerce\\/digital-product-files\\/product-34.jpg\",\"mime_type\":\"image\\/jpeg\",\"size\":9730,\"modified\":\"2025-12-26 01:49:43\",\"name\":\"product-34\",\"extension\":\"jpg\"}','2025-12-25 18:49:43','2025-12-25 18:49:43'),(43,89,'ecommerce/digital-product-files/product-5.jpg','{\"filename\":\"product-5.jpg\",\"url\":\"ecommerce\\/digital-product-files\\/product-5.jpg\",\"mime_type\":\"image\\/jpeg\",\"size\":9730,\"modified\":\"2025-12-26 01:49:43\",\"name\":\"product-5\",\"extension\":\"jpg\"}','2025-12-25 18:49:43','2025-12-25 18:49:43'),(44,89,'ecommerce/digital-product-files/product-71.jpg','{\"filename\":\"product-71.jpg\",\"url\":\"ecommerce\\/digital-product-files\\/product-71.jpg\",\"mime_type\":\"image\\/jpeg\",\"size\":9730,\"modified\":\"2025-12-26 01:49:43\",\"name\":\"product-71\",\"extension\":\"jpg\"}','2025-12-25 18:49:43','2025-12-25 18:49:43'),(45,89,'ecommerce/digital-product-files/product-69.jpg','{\"filename\":\"product-69.jpg\",\"url\":\"ecommerce\\/digital-product-files\\/product-69.jpg\",\"mime_type\":\"image\\/jpeg\",\"size\":9730,\"modified\":\"2025-12-26 01:49:43\",\"name\":\"product-69\",\"extension\":\"jpg\"}','2025-12-25 18:49:43','2025-12-25 18:49:43'),(46,89,'ecommerce/digital-product-files/product-89.jpg','{\"filename\":\"product-89.jpg\",\"url\":\"ecommerce\\/digital-product-files\\/product-89.jpg\",\"mime_type\":\"image\\/jpeg\",\"size\":9730,\"modified\":\"2025-12-26 01:49:43\",\"name\":\"product-89\",\"extension\":\"jpg\"}','2025-12-25 18:49:43','2025-12-25 18:49:43'),(47,98,'ecommerce/digital-product-files/product-88.jpg','{\"filename\":\"product-88.jpg\",\"url\":\"ecommerce\\/digital-product-files\\/product-88.jpg\",\"mime_type\":\"image\\/jpeg\",\"size\":9730,\"modified\":\"2025-12-26 01:49:44\",\"name\":\"product-88\",\"extension\":\"jpg\"}','2025-12-25 18:49:44','2025-12-25 18:49:44'),(48,98,'ecommerce/digital-product-files/product-78.jpg','{\"filename\":\"product-78.jpg\",\"url\":\"ecommerce\\/digital-product-files\\/product-78.jpg\",\"mime_type\":\"image\\/jpeg\",\"size\":9730,\"modified\":\"2025-12-26 01:49:44\",\"name\":\"product-78\",\"extension\":\"jpg\"}','2025-12-25 18:49:44','2025-12-25 18:49:44'),(49,98,'ecommerce/digital-product-files/product-25.jpg','{\"filename\":\"product-25.jpg\",\"url\":\"ecommerce\\/digital-product-files\\/product-25.jpg\",\"mime_type\":\"image\\/jpeg\",\"size\":9730,\"modified\":\"2025-12-26 01:49:44\",\"name\":\"product-25\",\"extension\":\"jpg\"}','2025-12-25 18:49:44','2025-12-25 18:49:44'),(50,98,'ecommerce/digital-product-files/product-48.jpg','{\"filename\":\"product-48.jpg\",\"url\":\"ecommerce\\/digital-product-files\\/product-48.jpg\",\"mime_type\":\"image\\/jpeg\",\"size\":9730,\"modified\":\"2025-12-26 01:49:44\",\"name\":\"product-48\",\"extension\":\"jpg\"}','2025-12-25 18:49:44','2025-12-25 18:49:44'),(51,98,'ecommerce/digital-product-files/product-73.jpg','{\"filename\":\"product-73.jpg\",\"url\":\"ecommerce\\/digital-product-files\\/product-73.jpg\",\"mime_type\":\"image\\/jpeg\",\"size\":9730,\"modified\":\"2025-12-26 01:49:44\",\"name\":\"product-73\",\"extension\":\"jpg\"}','2025-12-25 18:49:44','2025-12-25 18:49:44'),(52,98,'ecommerce/digital-product-files/product-33.jpg','{\"filename\":\"product-33.jpg\",\"url\":\"ecommerce\\/digital-product-files\\/product-33.jpg\",\"mime_type\":\"image\\/jpeg\",\"size\":9730,\"modified\":\"2025-12-26 01:49:44\",\"name\":\"product-33\",\"extension\":\"jpg\"}','2025-12-25 18:49:44','2025-12-25 18:49:44'),(53,98,'ecommerce/digital-product-files/product-61.jpg','{\"filename\":\"product-61.jpg\",\"url\":\"ecommerce\\/digital-product-files\\/product-61.jpg\",\"mime_type\":\"image\\/jpeg\",\"size\":9730,\"modified\":\"2025-12-26 01:49:44\",\"name\":\"product-61\",\"extension\":\"jpg\"}','2025-12-25 18:49:44','2025-12-25 18:49:44'),(54,98,'ecommerce/digital-product-files/product-91.jpg','{\"filename\":\"product-91.jpg\",\"url\":\"ecommerce\\/digital-product-files\\/product-91.jpg\",\"mime_type\":\"image\\/jpeg\",\"size\":9730,\"modified\":\"2025-12-26 01:49:44\",\"name\":\"product-91\",\"extension\":\"jpg\"}','2025-12-25 18:49:44','2025-12-25 18:49:44'),(55,99,'ecommerce/digital-product-files/product-88.jpg','{\"filename\":\"product-88.jpg\",\"url\":\"ecommerce\\/digital-product-files\\/product-88.jpg\",\"mime_type\":\"image\\/jpeg\",\"size\":9730,\"modified\":\"2025-12-26 01:49:44\",\"name\":\"product-88\",\"extension\":\"jpg\"}','2025-12-25 18:49:44','2025-12-25 18:49:44'),(56,99,'ecommerce/digital-product-files/product-78.jpg','{\"filename\":\"product-78.jpg\",\"url\":\"ecommerce\\/digital-product-files\\/product-78.jpg\",\"mime_type\":\"image\\/jpeg\",\"size\":9730,\"modified\":\"2025-12-26 01:49:44\",\"name\":\"product-78\",\"extension\":\"jpg\"}','2025-12-25 18:49:44','2025-12-25 18:49:44'),(57,99,'ecommerce/digital-product-files/product-25.jpg','{\"filename\":\"product-25.jpg\",\"url\":\"ecommerce\\/digital-product-files\\/product-25.jpg\",\"mime_type\":\"image\\/jpeg\",\"size\":9730,\"modified\":\"2025-12-26 01:49:44\",\"name\":\"product-25\",\"extension\":\"jpg\"}','2025-12-25 18:49:44','2025-12-25 18:49:44'),(58,99,'ecommerce/digital-product-files/product-48.jpg','{\"filename\":\"product-48.jpg\",\"url\":\"ecommerce\\/digital-product-files\\/product-48.jpg\",\"mime_type\":\"image\\/jpeg\",\"size\":9730,\"modified\":\"2025-12-26 01:49:44\",\"name\":\"product-48\",\"extension\":\"jpg\"}','2025-12-25 18:49:44','2025-12-25 18:49:44'),(59,99,'ecommerce/digital-product-files/product-73.jpg','{\"filename\":\"product-73.jpg\",\"url\":\"ecommerce\\/digital-product-files\\/product-73.jpg\",\"mime_type\":\"image\\/jpeg\",\"size\":9730,\"modified\":\"2025-12-26 01:49:44\",\"name\":\"product-73\",\"extension\":\"jpg\"}','2025-12-25 18:49:44','2025-12-25 18:49:44'),(60,99,'ecommerce/digital-product-files/product-33.jpg','{\"filename\":\"product-33.jpg\",\"url\":\"ecommerce\\/digital-product-files\\/product-33.jpg\",\"mime_type\":\"image\\/jpeg\",\"size\":9730,\"modified\":\"2025-12-26 01:49:44\",\"name\":\"product-33\",\"extension\":\"jpg\"}','2025-12-25 18:49:44','2025-12-25 18:49:44'),(61,99,'ecommerce/digital-product-files/product-61.jpg','{\"filename\":\"product-61.jpg\",\"url\":\"ecommerce\\/digital-product-files\\/product-61.jpg\",\"mime_type\":\"image\\/jpeg\",\"size\":9730,\"modified\":\"2025-12-26 01:49:44\",\"name\":\"product-61\",\"extension\":\"jpg\"}','2025-12-25 18:49:44','2025-12-25 18:49:44'),(62,99,'ecommerce/digital-product-files/product-91.jpg','{\"filename\":\"product-91.jpg\",\"url\":\"ecommerce\\/digital-product-files\\/product-91.jpg\",\"mime_type\":\"image\\/jpeg\",\"size\":9730,\"modified\":\"2025-12-26 01:49:44\",\"name\":\"product-91\",\"extension\":\"jpg\"}','2025-12-25 18:49:44','2025-12-25 18:49:44'),(63,100,'ecommerce/digital-product-files/product-88.jpg','{\"filename\":\"product-88.jpg\",\"url\":\"ecommerce\\/digital-product-files\\/product-88.jpg\",\"mime_type\":\"image\\/jpeg\",\"size\":9730,\"modified\":\"2025-12-26 01:49:44\",\"name\":\"product-88\",\"extension\":\"jpg\"}','2025-12-25 18:49:44','2025-12-25 18:49:44'),(64,100,'ecommerce/digital-product-files/product-78.jpg','{\"filename\":\"product-78.jpg\",\"url\":\"ecommerce\\/digital-product-files\\/product-78.jpg\",\"mime_type\":\"image\\/jpeg\",\"size\":9730,\"modified\":\"2025-12-26 01:49:44\",\"name\":\"product-78\",\"extension\":\"jpg\"}','2025-12-25 18:49:44','2025-12-25 18:49:44'),(65,100,'ecommerce/digital-product-files/product-25.jpg','{\"filename\":\"product-25.jpg\",\"url\":\"ecommerce\\/digital-product-files\\/product-25.jpg\",\"mime_type\":\"image\\/jpeg\",\"size\":9730,\"modified\":\"2025-12-26 01:49:44\",\"name\":\"product-25\",\"extension\":\"jpg\"}','2025-12-25 18:49:44','2025-12-25 18:49:44'),(66,100,'ecommerce/digital-product-files/product-48.jpg','{\"filename\":\"product-48.jpg\",\"url\":\"ecommerce\\/digital-product-files\\/product-48.jpg\",\"mime_type\":\"image\\/jpeg\",\"size\":9730,\"modified\":\"2025-12-26 01:49:44\",\"name\":\"product-48\",\"extension\":\"jpg\"}','2025-12-25 18:49:44','2025-12-25 18:49:44'),(67,100,'ecommerce/digital-product-files/product-73.jpg','{\"filename\":\"product-73.jpg\",\"url\":\"ecommerce\\/digital-product-files\\/product-73.jpg\",\"mime_type\":\"image\\/jpeg\",\"size\":9730,\"modified\":\"2025-12-26 01:49:44\",\"name\":\"product-73\",\"extension\":\"jpg\"}','2025-12-25 18:49:44','2025-12-25 18:49:44'),(68,100,'ecommerce/digital-product-files/product-33.jpg','{\"filename\":\"product-33.jpg\",\"url\":\"ecommerce\\/digital-product-files\\/product-33.jpg\",\"mime_type\":\"image\\/jpeg\",\"size\":9730,\"modified\":\"2025-12-26 01:49:44\",\"name\":\"product-33\",\"extension\":\"jpg\"}','2025-12-25 18:49:44','2025-12-25 18:49:44'),(69,100,'ecommerce/digital-product-files/product-61.jpg','{\"filename\":\"product-61.jpg\",\"url\":\"ecommerce\\/digital-product-files\\/product-61.jpg\",\"mime_type\":\"image\\/jpeg\",\"size\":9730,\"modified\":\"2025-12-26 01:49:44\",\"name\":\"product-61\",\"extension\":\"jpg\"}','2025-12-25 18:49:44','2025-12-25 18:49:44'),(70,100,'ecommerce/digital-product-files/product-91.jpg','{\"filename\":\"product-91.jpg\",\"url\":\"ecommerce\\/digital-product-files\\/product-91.jpg\",\"mime_type\":\"image\\/jpeg\",\"size\":9730,\"modified\":\"2025-12-26 01:49:44\",\"name\":\"product-91\",\"extension\":\"jpg\"}','2025-12-25 18:49:44','2025-12-25 18:49:44'),(71,101,'ecommerce/digital-product-files/product-88.jpg','{\"filename\":\"product-88.jpg\",\"url\":\"ecommerce\\/digital-product-files\\/product-88.jpg\",\"mime_type\":\"image\\/jpeg\",\"size\":9730,\"modified\":\"2025-12-26 01:49:44\",\"name\":\"product-88\",\"extension\":\"jpg\"}','2025-12-25 18:49:44','2025-12-25 18:49:44'),(72,101,'ecommerce/digital-product-files/product-78.jpg','{\"filename\":\"product-78.jpg\",\"url\":\"ecommerce\\/digital-product-files\\/product-78.jpg\",\"mime_type\":\"image\\/jpeg\",\"size\":9730,\"modified\":\"2025-12-26 01:49:44\",\"name\":\"product-78\",\"extension\":\"jpg\"}','2025-12-25 18:49:44','2025-12-25 18:49:44'),(73,101,'ecommerce/digital-product-files/product-25.jpg','{\"filename\":\"product-25.jpg\",\"url\":\"ecommerce\\/digital-product-files\\/product-25.jpg\",\"mime_type\":\"image\\/jpeg\",\"size\":9730,\"modified\":\"2025-12-26 01:49:44\",\"name\":\"product-25\",\"extension\":\"jpg\"}','2025-12-25 18:49:44','2025-12-25 18:49:44'),(74,101,'ecommerce/digital-product-files/product-48.jpg','{\"filename\":\"product-48.jpg\",\"url\":\"ecommerce\\/digital-product-files\\/product-48.jpg\",\"mime_type\":\"image\\/jpeg\",\"size\":9730,\"modified\":\"2025-12-26 01:49:44\",\"name\":\"product-48\",\"extension\":\"jpg\"}','2025-12-25 18:49:44','2025-12-25 18:49:44'),(75,101,'ecommerce/digital-product-files/product-73.jpg','{\"filename\":\"product-73.jpg\",\"url\":\"ecommerce\\/digital-product-files\\/product-73.jpg\",\"mime_type\":\"image\\/jpeg\",\"size\":9730,\"modified\":\"2025-12-26 01:49:44\",\"name\":\"product-73\",\"extension\":\"jpg\"}','2025-12-25 18:49:44','2025-12-25 18:49:44'),(76,101,'ecommerce/digital-product-files/product-33.jpg','{\"filename\":\"product-33.jpg\",\"url\":\"ecommerce\\/digital-product-files\\/product-33.jpg\",\"mime_type\":\"image\\/jpeg\",\"size\":9730,\"modified\":\"2025-12-26 01:49:44\",\"name\":\"product-33\",\"extension\":\"jpg\"}','2025-12-25 18:49:44','2025-12-25 18:49:44'),(77,101,'ecommerce/digital-product-files/product-61.jpg','{\"filename\":\"product-61.jpg\",\"url\":\"ecommerce\\/digital-product-files\\/product-61.jpg\",\"mime_type\":\"image\\/jpeg\",\"size\":9730,\"modified\":\"2025-12-26 01:49:44\",\"name\":\"product-61\",\"extension\":\"jpg\"}','2025-12-25 18:49:44','2025-12-25 18:49:44'),(78,101,'ecommerce/digital-product-files/product-91.jpg','{\"filename\":\"product-91.jpg\",\"url\":\"ecommerce\\/digital-product-files\\/product-91.jpg\",\"mime_type\":\"image\\/jpeg\",\"size\":9730,\"modified\":\"2025-12-26 01:49:44\",\"name\":\"product-91\",\"extension\":\"jpg\"}','2025-12-25 18:49:44','2025-12-25 18:49:44'),(79,110,'ecommerce/digital-product-files/product-33.jpg','{\"filename\":\"product-33.jpg\",\"url\":\"ecommerce\\/digital-product-files\\/product-33.jpg\",\"mime_type\":\"image\\/jpeg\",\"size\":9730,\"modified\":\"2025-12-26 01:49:44\",\"name\":\"product-33\",\"extension\":\"jpg\"}','2025-12-25 18:49:44','2025-12-25 18:49:44'),(80,110,'ecommerce/digital-product-files/product-10.jpg','{\"filename\":\"product-10.jpg\",\"url\":\"ecommerce\\/digital-product-files\\/product-10.jpg\",\"mime_type\":\"image\\/jpeg\",\"size\":9730,\"modified\":\"2025-12-26 01:49:44\",\"name\":\"product-10\",\"extension\":\"jpg\"}','2025-12-25 18:49:44','2025-12-25 18:49:44'),(81,110,'ecommerce/digital-product-files/product-55.jpg','{\"filename\":\"product-55.jpg\",\"url\":\"ecommerce\\/digital-product-files\\/product-55.jpg\",\"mime_type\":\"image\\/jpeg\",\"size\":9730,\"modified\":\"2025-12-26 01:49:44\",\"name\":\"product-55\",\"extension\":\"jpg\"}','2025-12-25 18:49:44','2025-12-25 18:49:44'),(82,110,'ecommerce/digital-product-files/product-40.jpg','{\"filename\":\"product-40.jpg\",\"url\":\"ecommerce\\/digital-product-files\\/product-40.jpg\",\"mime_type\":\"image\\/jpeg\",\"size\":9730,\"modified\":\"2025-12-26 01:49:44\",\"name\":\"product-40\",\"extension\":\"jpg\"}','2025-12-25 18:49:44','2025-12-25 18:49:44'),(83,110,'ecommerce/digital-product-files/product-8.jpg','{\"filename\":\"product-8.jpg\",\"url\":\"ecommerce\\/digital-product-files\\/product-8.jpg\",\"mime_type\":\"image\\/jpeg\",\"size\":9730,\"modified\":\"2025-12-26 01:49:44\",\"name\":\"product-8\",\"extension\":\"jpg\"}','2025-12-25 18:49:44','2025-12-25 18:49:44'),(84,111,'ecommerce/digital-product-files/product-33.jpg','{\"filename\":\"product-33.jpg\",\"url\":\"ecommerce\\/digital-product-files\\/product-33.jpg\",\"mime_type\":\"image\\/jpeg\",\"size\":9730,\"modified\":\"2025-12-26 01:49:44\",\"name\":\"product-33\",\"extension\":\"jpg\"}','2025-12-25 18:49:44','2025-12-25 18:49:44'),(85,111,'ecommerce/digital-product-files/product-10.jpg','{\"filename\":\"product-10.jpg\",\"url\":\"ecommerce\\/digital-product-files\\/product-10.jpg\",\"mime_type\":\"image\\/jpeg\",\"size\":9730,\"modified\":\"2025-12-26 01:49:44\",\"name\":\"product-10\",\"extension\":\"jpg\"}','2025-12-25 18:49:44','2025-12-25 18:49:44'),(86,111,'ecommerce/digital-product-files/product-55.jpg','{\"filename\":\"product-55.jpg\",\"url\":\"ecommerce\\/digital-product-files\\/product-55.jpg\",\"mime_type\":\"image\\/jpeg\",\"size\":9730,\"modified\":\"2025-12-26 01:49:44\",\"name\":\"product-55\",\"extension\":\"jpg\"}','2025-12-25 18:49:44','2025-12-25 18:49:44'),(87,111,'ecommerce/digital-product-files/product-40.jpg','{\"filename\":\"product-40.jpg\",\"url\":\"ecommerce\\/digital-product-files\\/product-40.jpg\",\"mime_type\":\"image\\/jpeg\",\"size\":9730,\"modified\":\"2025-12-26 01:49:44\",\"name\":\"product-40\",\"extension\":\"jpg\"}','2025-12-25 18:49:44','2025-12-25 18:49:44'),(88,111,'ecommerce/digital-product-files/product-8.jpg','{\"filename\":\"product-8.jpg\",\"url\":\"ecommerce\\/digital-product-files\\/product-8.jpg\",\"mime_type\":\"image\\/jpeg\",\"size\":9730,\"modified\":\"2025-12-26 01:49:44\",\"name\":\"product-8\",\"extension\":\"jpg\"}','2025-12-25 18:49:44','2025-12-25 18:49:44'),(89,120,'ecommerce/digital-product-files/product-78.jpg','{\"filename\":\"product-78.jpg\",\"url\":\"ecommerce\\/digital-product-files\\/product-78.jpg\",\"mime_type\":\"image\\/jpeg\",\"size\":9730,\"modified\":\"2025-12-26 01:49:44\",\"name\":\"product-78\",\"extension\":\"jpg\"}','2025-12-25 18:49:44','2025-12-25 18:49:44'),(90,120,'ecommerce/digital-product-files/product-88.jpg','{\"filename\":\"product-88.jpg\",\"url\":\"ecommerce\\/digital-product-files\\/product-88.jpg\",\"mime_type\":\"image\\/jpeg\",\"size\":9730,\"modified\":\"2025-12-26 01:49:44\",\"name\":\"product-88\",\"extension\":\"jpg\"}','2025-12-25 18:49:44','2025-12-25 18:49:44'),(91,120,'ecommerce/digital-product-files/product-72.jpg','{\"filename\":\"product-72.jpg\",\"url\":\"ecommerce\\/digital-product-files\\/product-72.jpg\",\"mime_type\":\"image\\/jpeg\",\"size\":9730,\"modified\":\"2025-12-26 01:49:44\",\"name\":\"product-72\",\"extension\":\"jpg\"}','2025-12-25 18:49:44','2025-12-25 18:49:44'),(92,120,'ecommerce/digital-product-files/product-28.jpg','{\"filename\":\"product-28.jpg\",\"url\":\"ecommerce\\/digital-product-files\\/product-28.jpg\",\"mime_type\":\"image\\/jpeg\",\"size\":9730,\"modified\":\"2025-12-26 01:49:44\",\"name\":\"product-28\",\"extension\":\"jpg\"}','2025-12-25 18:49:44','2025-12-25 18:49:44'),(93,120,'ecommerce/digital-product-files/product-82.jpg','{\"filename\":\"product-82.jpg\",\"url\":\"ecommerce\\/digital-product-files\\/product-82.jpg\",\"mime_type\":\"image\\/jpeg\",\"size\":9730,\"modified\":\"2025-12-26 01:49:44\",\"name\":\"product-82\",\"extension\":\"jpg\"}','2025-12-25 18:49:44','2025-12-25 18:49:44'),(94,120,'ecommerce/digital-product-files/product-47.jpg','{\"filename\":\"product-47.jpg\",\"url\":\"ecommerce\\/digital-product-files\\/product-47.jpg\",\"mime_type\":\"image\\/jpeg\",\"size\":9730,\"modified\":\"2025-12-26 01:49:44\",\"name\":\"product-47\",\"extension\":\"jpg\"}','2025-12-25 18:49:44','2025-12-25 18:49:44'),(95,120,'ecommerce/digital-product-files/product-89.jpg','{\"filename\":\"product-89.jpg\",\"url\":\"ecommerce\\/digital-product-files\\/product-89.jpg\",\"mime_type\":\"image\\/jpeg\",\"size\":9730,\"modified\":\"2025-12-26 01:49:44\",\"name\":\"product-89\",\"extension\":\"jpg\"}','2025-12-25 18:49:44','2025-12-25 18:49:44'),(96,120,'ecommerce/digital-product-files/product-80.jpg','{\"filename\":\"product-80.jpg\",\"url\":\"ecommerce\\/digital-product-files\\/product-80.jpg\",\"mime_type\":\"image\\/jpeg\",\"size\":9730,\"modified\":\"2025-12-26 01:49:44\",\"name\":\"product-80\",\"extension\":\"jpg\"}','2025-12-25 18:49:44','2025-12-25 18:49:44'),(97,120,'ecommerce/digital-product-files/product-46.jpg','{\"filename\":\"product-46.jpg\",\"url\":\"ecommerce\\/digital-product-files\\/product-46.jpg\",\"mime_type\":\"image\\/jpeg\",\"size\":9730,\"modified\":\"2025-12-26 01:49:44\",\"name\":\"product-46\",\"extension\":\"jpg\"}','2025-12-25 18:49:44','2025-12-25 18:49:44'),(98,120,'ecommerce/digital-product-files/product-32.jpg','{\"filename\":\"product-32.jpg\",\"url\":\"ecommerce\\/digital-product-files\\/product-32.jpg\",\"mime_type\":\"image\\/jpeg\",\"size\":9730,\"modified\":\"2025-12-26 01:49:45\",\"name\":\"product-32\",\"extension\":\"jpg\"}','2025-12-25 18:49:45','2025-12-25 18:49:45'),(99,121,'ecommerce/digital-product-files/product-78.jpg','{\"filename\":\"product-78.jpg\",\"url\":\"ecommerce\\/digital-product-files\\/product-78.jpg\",\"mime_type\":\"image\\/jpeg\",\"size\":9730,\"modified\":\"2025-12-26 01:49:45\",\"name\":\"product-78\",\"extension\":\"jpg\"}','2025-12-25 18:49:45','2025-12-25 18:49:45'),(100,121,'ecommerce/digital-product-files/product-88.jpg','{\"filename\":\"product-88.jpg\",\"url\":\"ecommerce\\/digital-product-files\\/product-88.jpg\",\"mime_type\":\"image\\/jpeg\",\"size\":9730,\"modified\":\"2025-12-26 01:49:45\",\"name\":\"product-88\",\"extension\":\"jpg\"}','2025-12-25 18:49:45','2025-12-25 18:49:45'),(101,121,'ecommerce/digital-product-files/product-72.jpg','{\"filename\":\"product-72.jpg\",\"url\":\"ecommerce\\/digital-product-files\\/product-72.jpg\",\"mime_type\":\"image\\/jpeg\",\"size\":9730,\"modified\":\"2025-12-26 01:49:45\",\"name\":\"product-72\",\"extension\":\"jpg\"}','2025-12-25 18:49:45','2025-12-25 18:49:45'),(102,121,'ecommerce/digital-product-files/product-28.jpg','{\"filename\":\"product-28.jpg\",\"url\":\"ecommerce\\/digital-product-files\\/product-28.jpg\",\"mime_type\":\"image\\/jpeg\",\"size\":9730,\"modified\":\"2025-12-26 01:49:45\",\"name\":\"product-28\",\"extension\":\"jpg\"}','2025-12-25 18:49:45','2025-12-25 18:49:45'),(103,121,'ecommerce/digital-product-files/product-82.jpg','{\"filename\":\"product-82.jpg\",\"url\":\"ecommerce\\/digital-product-files\\/product-82.jpg\",\"mime_type\":\"image\\/jpeg\",\"size\":9730,\"modified\":\"2025-12-26 01:49:45\",\"name\":\"product-82\",\"extension\":\"jpg\"}','2025-12-25 18:49:45','2025-12-25 18:49:45'),(104,121,'ecommerce/digital-product-files/product-47.jpg','{\"filename\":\"product-47.jpg\",\"url\":\"ecommerce\\/digital-product-files\\/product-47.jpg\",\"mime_type\":\"image\\/jpeg\",\"size\":9730,\"modified\":\"2025-12-26 01:49:45\",\"name\":\"product-47\",\"extension\":\"jpg\"}','2025-12-25 18:49:45','2025-12-25 18:49:45'),(105,121,'ecommerce/digital-product-files/product-89.jpg','{\"filename\":\"product-89.jpg\",\"url\":\"ecommerce\\/digital-product-files\\/product-89.jpg\",\"mime_type\":\"image\\/jpeg\",\"size\":9730,\"modified\":\"2025-12-26 01:49:45\",\"name\":\"product-89\",\"extension\":\"jpg\"}','2025-12-25 18:49:45','2025-12-25 18:49:45'),(106,121,'ecommerce/digital-product-files/product-80.jpg','{\"filename\":\"product-80.jpg\",\"url\":\"ecommerce\\/digital-product-files\\/product-80.jpg\",\"mime_type\":\"image\\/jpeg\",\"size\":9730,\"modified\":\"2025-12-26 01:49:45\",\"name\":\"product-80\",\"extension\":\"jpg\"}','2025-12-25 18:49:45','2025-12-25 18:49:45'),(107,121,'ecommerce/digital-product-files/product-46.jpg','{\"filename\":\"product-46.jpg\",\"url\":\"ecommerce\\/digital-product-files\\/product-46.jpg\",\"mime_type\":\"image\\/jpeg\",\"size\":9730,\"modified\":\"2025-12-26 01:49:45\",\"name\":\"product-46\",\"extension\":\"jpg\"}','2025-12-25 18:49:45','2025-12-25 18:49:45'),(108,121,'ecommerce/digital-product-files/product-32.jpg','{\"filename\":\"product-32.jpg\",\"url\":\"ecommerce\\/digital-product-files\\/product-32.jpg\",\"mime_type\":\"image\\/jpeg\",\"size\":9730,\"modified\":\"2025-12-26 01:49:45\",\"name\":\"product-32\",\"extension\":\"jpg\"}','2025-12-25 18:49:45','2025-12-25 18:49:45'),(109,122,'ecommerce/digital-product-files/product-78.jpg','{\"filename\":\"product-78.jpg\",\"url\":\"ecommerce\\/digital-product-files\\/product-78.jpg\",\"mime_type\":\"image\\/jpeg\",\"size\":9730,\"modified\":\"2025-12-26 01:49:45\",\"name\":\"product-78\",\"extension\":\"jpg\"}','2025-12-25 18:49:45','2025-12-25 18:49:45'),(110,122,'ecommerce/digital-product-files/product-88.jpg','{\"filename\":\"product-88.jpg\",\"url\":\"ecommerce\\/digital-product-files\\/product-88.jpg\",\"mime_type\":\"image\\/jpeg\",\"size\":9730,\"modified\":\"2025-12-26 01:49:45\",\"name\":\"product-88\",\"extension\":\"jpg\"}','2025-12-25 18:49:45','2025-12-25 18:49:45'),(111,122,'ecommerce/digital-product-files/product-72.jpg','{\"filename\":\"product-72.jpg\",\"url\":\"ecommerce\\/digital-product-files\\/product-72.jpg\",\"mime_type\":\"image\\/jpeg\",\"size\":9730,\"modified\":\"2025-12-26 01:49:45\",\"name\":\"product-72\",\"extension\":\"jpg\"}','2025-12-25 18:49:45','2025-12-25 18:49:45'),(112,122,'ecommerce/digital-product-files/product-28.jpg','{\"filename\":\"product-28.jpg\",\"url\":\"ecommerce\\/digital-product-files\\/product-28.jpg\",\"mime_type\":\"image\\/jpeg\",\"size\":9730,\"modified\":\"2025-12-26 01:49:45\",\"name\":\"product-28\",\"extension\":\"jpg\"}','2025-12-25 18:49:45','2025-12-25 18:49:45'),(113,122,'ecommerce/digital-product-files/product-82.jpg','{\"filename\":\"product-82.jpg\",\"url\":\"ecommerce\\/digital-product-files\\/product-82.jpg\",\"mime_type\":\"image\\/jpeg\",\"size\":9730,\"modified\":\"2025-12-26 01:49:45\",\"name\":\"product-82\",\"extension\":\"jpg\"}','2025-12-25 18:49:45','2025-12-25 18:49:45'),(114,122,'ecommerce/digital-product-files/product-47.jpg','{\"filename\":\"product-47.jpg\",\"url\":\"ecommerce\\/digital-product-files\\/product-47.jpg\",\"mime_type\":\"image\\/jpeg\",\"size\":9730,\"modified\":\"2025-12-26 01:49:45\",\"name\":\"product-47\",\"extension\":\"jpg\"}','2025-12-25 18:49:45','2025-12-25 18:49:45'),(115,122,'ecommerce/digital-product-files/product-89.jpg','{\"filename\":\"product-89.jpg\",\"url\":\"ecommerce\\/digital-product-files\\/product-89.jpg\",\"mime_type\":\"image\\/jpeg\",\"size\":9730,\"modified\":\"2025-12-26 01:49:45\",\"name\":\"product-89\",\"extension\":\"jpg\"}','2025-12-25 18:49:45','2025-12-25 18:49:45'),(116,122,'ecommerce/digital-product-files/product-80.jpg','{\"filename\":\"product-80.jpg\",\"url\":\"ecommerce\\/digital-product-files\\/product-80.jpg\",\"mime_type\":\"image\\/jpeg\",\"size\":9730,\"modified\":\"2025-12-26 01:49:45\",\"name\":\"product-80\",\"extension\":\"jpg\"}','2025-12-25 18:49:45','2025-12-25 18:49:45'),(117,122,'ecommerce/digital-product-files/product-46.jpg','{\"filename\":\"product-46.jpg\",\"url\":\"ecommerce\\/digital-product-files\\/product-46.jpg\",\"mime_type\":\"image\\/jpeg\",\"size\":9730,\"modified\":\"2025-12-26 01:49:45\",\"name\":\"product-46\",\"extension\":\"jpg\"}','2025-12-25 18:49:45','2025-12-25 18:49:45'),(118,122,'ecommerce/digital-product-files/product-32.jpg','{\"filename\":\"product-32.jpg\",\"url\":\"ecommerce\\/digital-product-files\\/product-32.jpg\",\"mime_type\":\"image\\/jpeg\",\"size\":9730,\"modified\":\"2025-12-26 01:49:45\",\"name\":\"product-32\",\"extension\":\"jpg\"}','2025-12-25 18:49:45','2025-12-25 18:49:45'),(119,123,'ecommerce/digital-product-files/product-78.jpg','{\"filename\":\"product-78.jpg\",\"url\":\"ecommerce\\/digital-product-files\\/product-78.jpg\",\"mime_type\":\"image\\/jpeg\",\"size\":9730,\"modified\":\"2025-12-26 01:49:45\",\"name\":\"product-78\",\"extension\":\"jpg\"}','2025-12-25 18:49:45','2025-12-25 18:49:45'),(120,123,'ecommerce/digital-product-files/product-88.jpg','{\"filename\":\"product-88.jpg\",\"url\":\"ecommerce\\/digital-product-files\\/product-88.jpg\",\"mime_type\":\"image\\/jpeg\",\"size\":9730,\"modified\":\"2025-12-26 01:49:45\",\"name\":\"product-88\",\"extension\":\"jpg\"}','2025-12-25 18:49:45','2025-12-25 18:49:45'),(121,123,'ecommerce/digital-product-files/product-72.jpg','{\"filename\":\"product-72.jpg\",\"url\":\"ecommerce\\/digital-product-files\\/product-72.jpg\",\"mime_type\":\"image\\/jpeg\",\"size\":9730,\"modified\":\"2025-12-26 01:49:45\",\"name\":\"product-72\",\"extension\":\"jpg\"}','2025-12-25 18:49:45','2025-12-25 18:49:45'),(122,123,'ecommerce/digital-product-files/product-28.jpg','{\"filename\":\"product-28.jpg\",\"url\":\"ecommerce\\/digital-product-files\\/product-28.jpg\",\"mime_type\":\"image\\/jpeg\",\"size\":9730,\"modified\":\"2025-12-26 01:49:45\",\"name\":\"product-28\",\"extension\":\"jpg\"}','2025-12-25 18:49:45','2025-12-25 18:49:45'),(123,123,'ecommerce/digital-product-files/product-82.jpg','{\"filename\":\"product-82.jpg\",\"url\":\"ecommerce\\/digital-product-files\\/product-82.jpg\",\"mime_type\":\"image\\/jpeg\",\"size\":9730,\"modified\":\"2025-12-26 01:49:45\",\"name\":\"product-82\",\"extension\":\"jpg\"}','2025-12-25 18:49:45','2025-12-25 18:49:45'),(124,123,'ecommerce/digital-product-files/product-47.jpg','{\"filename\":\"product-47.jpg\",\"url\":\"ecommerce\\/digital-product-files\\/product-47.jpg\",\"mime_type\":\"image\\/jpeg\",\"size\":9730,\"modified\":\"2025-12-26 01:49:45\",\"name\":\"product-47\",\"extension\":\"jpg\"}','2025-12-25 18:49:45','2025-12-25 18:49:45'),(125,123,'ecommerce/digital-product-files/product-89.jpg','{\"filename\":\"product-89.jpg\",\"url\":\"ecommerce\\/digital-product-files\\/product-89.jpg\",\"mime_type\":\"image\\/jpeg\",\"size\":9730,\"modified\":\"2025-12-26 01:49:45\",\"name\":\"product-89\",\"extension\":\"jpg\"}','2025-12-25 18:49:45','2025-12-25 18:49:45'),(126,123,'ecommerce/digital-product-files/product-80.jpg','{\"filename\":\"product-80.jpg\",\"url\":\"ecommerce\\/digital-product-files\\/product-80.jpg\",\"mime_type\":\"image\\/jpeg\",\"size\":9730,\"modified\":\"2025-12-26 01:49:45\",\"name\":\"product-80\",\"extension\":\"jpg\"}','2025-12-25 18:49:45','2025-12-25 18:49:45'),(127,123,'ecommerce/digital-product-files/product-46.jpg','{\"filename\":\"product-46.jpg\",\"url\":\"ecommerce\\/digital-product-files\\/product-46.jpg\",\"mime_type\":\"image\\/jpeg\",\"size\":9730,\"modified\":\"2025-12-26 01:49:45\",\"name\":\"product-46\",\"extension\":\"jpg\"}','2025-12-25 18:49:45','2025-12-25 18:49:45'),(128,123,'ecommerce/digital-product-files/product-32.jpg','{\"filename\":\"product-32.jpg\",\"url\":\"ecommerce\\/digital-product-files\\/product-32.jpg\",\"mime_type\":\"image\\/jpeg\",\"size\":9730,\"modified\":\"2025-12-26 01:49:45\",\"name\":\"product-32\",\"extension\":\"jpg\"}','2025-12-25 18:49:45','2025-12-25 18:49:45'),(129,131,'ecommerce/digital-product-files/product-24.jpg','{\"filename\":\"product-24.jpg\",\"url\":\"ecommerce\\/digital-product-files\\/product-24.jpg\",\"mime_type\":\"image\\/jpeg\",\"size\":9730,\"modified\":\"2025-12-26 01:49:45\",\"name\":\"product-24\",\"extension\":\"jpg\"}','2025-12-25 18:49:45','2025-12-25 18:49:45'),(130,131,'ecommerce/digital-product-files/product-92.jpg','{\"filename\":\"product-92.jpg\",\"url\":\"ecommerce\\/digital-product-files\\/product-92.jpg\",\"mime_type\":\"image\\/jpeg\",\"size\":9730,\"modified\":\"2025-12-26 01:49:45\",\"name\":\"product-92\",\"extension\":\"jpg\"}','2025-12-25 18:49:45','2025-12-25 18:49:45'),(131,131,'ecommerce/digital-product-files/product-1.jpg','{\"filename\":\"product-1.jpg\",\"url\":\"ecommerce\\/digital-product-files\\/product-1.jpg\",\"mime_type\":\"image\\/jpeg\",\"size\":9730,\"modified\":\"2025-12-26 01:49:45\",\"name\":\"product-1\",\"extension\":\"jpg\"}','2025-12-25 18:49:45','2025-12-25 18:49:45'),(132,131,'ecommerce/digital-product-files/product-34.jpg','{\"filename\":\"product-34.jpg\",\"url\":\"ecommerce\\/digital-product-files\\/product-34.jpg\",\"mime_type\":\"image\\/jpeg\",\"size\":9730,\"modified\":\"2025-12-26 01:49:45\",\"name\":\"product-34\",\"extension\":\"jpg\"}','2025-12-25 18:49:45','2025-12-25 18:49:45'),(133,131,'ecommerce/digital-product-files/product-57.jpg','{\"filename\":\"product-57.jpg\",\"url\":\"ecommerce\\/digital-product-files\\/product-57.jpg\",\"mime_type\":\"image\\/jpeg\",\"size\":9730,\"modified\":\"2025-12-26 01:49:45\",\"name\":\"product-57\",\"extension\":\"jpg\"}','2025-12-25 18:49:45','2025-12-25 18:49:45'),(134,131,'ecommerce/digital-product-files/product-25.jpg','{\"filename\":\"product-25.jpg\",\"url\":\"ecommerce\\/digital-product-files\\/product-25.jpg\",\"mime_type\":\"image\\/jpeg\",\"size\":9730,\"modified\":\"2025-12-26 01:49:45\",\"name\":\"product-25\",\"extension\":\"jpg\"}','2025-12-25 18:49:45','2025-12-25 18:49:45'),(135,131,'ecommerce/digital-product-files/product-68.jpg','{\"filename\":\"product-68.jpg\",\"url\":\"ecommerce\\/digital-product-files\\/product-68.jpg\",\"mime_type\":\"image\\/jpeg\",\"size\":9730,\"modified\":\"2025-12-26 01:49:45\",\"name\":\"product-68\",\"extension\":\"jpg\"}','2025-12-25 18:49:45','2025-12-25 18:49:45'),(136,131,'ecommerce/digital-product-files/product-11.jpg','{\"filename\":\"product-11.jpg\",\"url\":\"ecommerce\\/digital-product-files\\/product-11.jpg\",\"mime_type\":\"image\\/jpeg\",\"size\":9730,\"modified\":\"2025-12-26 01:49:45\",\"name\":\"product-11\",\"extension\":\"jpg\"}','2025-12-25 18:49:45','2025-12-25 18:49:45'),(137,132,'ecommerce/digital-product-files/product-24.jpg','{\"filename\":\"product-24.jpg\",\"url\":\"ecommerce\\/digital-product-files\\/product-24.jpg\",\"mime_type\":\"image\\/jpeg\",\"size\":9730,\"modified\":\"2025-12-26 01:49:45\",\"name\":\"product-24\",\"extension\":\"jpg\"}','2025-12-25 18:49:45','2025-12-25 18:49:45'),(138,132,'ecommerce/digital-product-files/product-92.jpg','{\"filename\":\"product-92.jpg\",\"url\":\"ecommerce\\/digital-product-files\\/product-92.jpg\",\"mime_type\":\"image\\/jpeg\",\"size\":9730,\"modified\":\"2025-12-26 01:49:45\",\"name\":\"product-92\",\"extension\":\"jpg\"}','2025-12-25 18:49:45','2025-12-25 18:49:45'),(139,132,'ecommerce/digital-product-files/product-1.jpg','{\"filename\":\"product-1.jpg\",\"url\":\"ecommerce\\/digital-product-files\\/product-1.jpg\",\"mime_type\":\"image\\/jpeg\",\"size\":9730,\"modified\":\"2025-12-26 01:49:45\",\"name\":\"product-1\",\"extension\":\"jpg\"}','2025-12-25 18:49:45','2025-12-25 18:49:45'),(140,132,'ecommerce/digital-product-files/product-34.jpg','{\"filename\":\"product-34.jpg\",\"url\":\"ecommerce\\/digital-product-files\\/product-34.jpg\",\"mime_type\":\"image\\/jpeg\",\"size\":9730,\"modified\":\"2025-12-26 01:49:45\",\"name\":\"product-34\",\"extension\":\"jpg\"}','2025-12-25 18:49:45','2025-12-25 18:49:45'),(141,132,'ecommerce/digital-product-files/product-57.jpg','{\"filename\":\"product-57.jpg\",\"url\":\"ecommerce\\/digital-product-files\\/product-57.jpg\",\"mime_type\":\"image\\/jpeg\",\"size\":9730,\"modified\":\"2025-12-26 01:49:45\",\"name\":\"product-57\",\"extension\":\"jpg\"}','2025-12-25 18:49:45','2025-12-25 18:49:45'),(142,132,'ecommerce/digital-product-files/product-25.jpg','{\"filename\":\"product-25.jpg\",\"url\":\"ecommerce\\/digital-product-files\\/product-25.jpg\",\"mime_type\":\"image\\/jpeg\",\"size\":9730,\"modified\":\"2025-12-26 01:49:45\",\"name\":\"product-25\",\"extension\":\"jpg\"}','2025-12-25 18:49:45','2025-12-25 18:49:45'),(143,132,'ecommerce/digital-product-files/product-68.jpg','{\"filename\":\"product-68.jpg\",\"url\":\"ecommerce\\/digital-product-files\\/product-68.jpg\",\"mime_type\":\"image\\/jpeg\",\"size\":9730,\"modified\":\"2025-12-26 01:49:45\",\"name\":\"product-68\",\"extension\":\"jpg\"}','2025-12-25 18:49:45','2025-12-25 18:49:45'),(144,132,'ecommerce/digital-product-files/product-11.jpg','{\"filename\":\"product-11.jpg\",\"url\":\"ecommerce\\/digital-product-files\\/product-11.jpg\",\"mime_type\":\"image\\/jpeg\",\"size\":9730,\"modified\":\"2025-12-26 01:49:45\",\"name\":\"product-11\",\"extension\":\"jpg\"}','2025-12-25 18:49:45','2025-12-25 18:49:45'),(145,140,'ecommerce/digital-product-files/product-18.jpg','{\"filename\":\"product-18.jpg\",\"url\":\"ecommerce\\/digital-product-files\\/product-18.jpg\",\"mime_type\":\"image\\/jpeg\",\"size\":9730,\"modified\":\"2025-12-26 01:49:45\",\"name\":\"product-18\",\"extension\":\"jpg\"}','2025-12-25 18:49:45','2025-12-25 18:49:45'),(146,140,'ecommerce/digital-product-files/product-7.jpg','{\"filename\":\"product-7.jpg\",\"url\":\"ecommerce\\/digital-product-files\\/product-7.jpg\",\"mime_type\":\"image\\/jpeg\",\"size\":9730,\"modified\":\"2025-12-26 01:49:45\",\"name\":\"product-7\",\"extension\":\"jpg\"}','2025-12-25 18:49:45','2025-12-25 18:49:45'),(147,140,'ecommerce/digital-product-files/product-39.jpg','{\"filename\":\"product-39.jpg\",\"url\":\"ecommerce\\/digital-product-files\\/product-39.jpg\",\"mime_type\":\"image\\/jpeg\",\"size\":9730,\"modified\":\"2025-12-26 01:49:45\",\"name\":\"product-39\",\"extension\":\"jpg\"}','2025-12-25 18:49:45','2025-12-25 18:49:45'),(148,140,'ecommerce/digital-product-files/product-94.jpg','{\"filename\":\"product-94.jpg\",\"url\":\"ecommerce\\/digital-product-files\\/product-94.jpg\",\"mime_type\":\"image\\/jpeg\",\"size\":9730,\"modified\":\"2025-12-26 01:49:45\",\"name\":\"product-94\",\"extension\":\"jpg\"}','2025-12-25 18:49:45','2025-12-25 18:49:45'),(149,140,'ecommerce/digital-product-files/product-37.jpg','{\"filename\":\"product-37.jpg\",\"url\":\"ecommerce\\/digital-product-files\\/product-37.jpg\",\"mime_type\":\"image\\/jpeg\",\"size\":9730,\"modified\":\"2025-12-26 01:49:45\",\"name\":\"product-37\",\"extension\":\"jpg\"}','2025-12-25 18:49:45','2025-12-25 18:49:45'),(150,140,'ecommerce/digital-product-files/product-74.jpg','{\"filename\":\"product-74.jpg\",\"url\":\"ecommerce\\/digital-product-files\\/product-74.jpg\",\"mime_type\":\"image\\/jpeg\",\"size\":9730,\"modified\":\"2025-12-26 01:49:45\",\"name\":\"product-74\",\"extension\":\"jpg\"}','2025-12-25 18:49:45','2025-12-25 18:49:45'),(151,140,'ecommerce/digital-product-files/product-63.jpg','{\"filename\":\"product-63.jpg\",\"url\":\"ecommerce\\/digital-product-files\\/product-63.jpg\",\"mime_type\":\"image\\/jpeg\",\"size\":9730,\"modified\":\"2025-12-26 01:49:45\",\"name\":\"product-63\",\"extension\":\"jpg\"}','2025-12-25 18:49:45','2025-12-25 18:49:45'),(152,140,'ecommerce/digital-product-files/product-4.jpg','{\"filename\":\"product-4.jpg\",\"url\":\"ecommerce\\/digital-product-files\\/product-4.jpg\",\"mime_type\":\"image\\/jpeg\",\"size\":9730,\"modified\":\"2025-12-26 01:49:45\",\"name\":\"product-4\",\"extension\":\"jpg\"}','2025-12-25 18:49:45','2025-12-25 18:49:45'),(153,140,'ecommerce/digital-product-files/product-52.jpg','{\"filename\":\"product-52.jpg\",\"url\":\"ecommerce\\/digital-product-files\\/product-52.jpg\",\"mime_type\":\"image\\/jpeg\",\"size\":9730,\"modified\":\"2025-12-26 01:49:45\",\"name\":\"product-52\",\"extension\":\"jpg\"}','2025-12-25 18:49:45','2025-12-25 18:49:45'),(154,140,'ecommerce/digital-product-files/product-49.jpg','{\"filename\":\"product-49.jpg\",\"url\":\"ecommerce\\/digital-product-files\\/product-49.jpg\",\"mime_type\":\"image\\/jpeg\",\"size\":9730,\"modified\":\"2025-12-26 01:49:45\",\"name\":\"product-49\",\"extension\":\"jpg\"}','2025-12-25 18:49:45','2025-12-25 18:49:45'),(155,140,'ecommerce/digital-product-files/product-3.jpg','{\"filename\":\"product-3.jpg\",\"url\":\"ecommerce\\/digital-product-files\\/product-3.jpg\",\"mime_type\":\"image\\/jpeg\",\"size\":9730,\"modified\":\"2025-12-26 01:49:45\",\"name\":\"product-3\",\"extension\":\"jpg\"}','2025-12-25 18:49:45','2025-12-25 18:49:45'),(156,141,'ecommerce/digital-product-files/product-18.jpg','{\"filename\":\"product-18.jpg\",\"url\":\"ecommerce\\/digital-product-files\\/product-18.jpg\",\"mime_type\":\"image\\/jpeg\",\"size\":9730,\"modified\":\"2025-12-26 01:49:45\",\"name\":\"product-18\",\"extension\":\"jpg\"}','2025-12-25 18:49:45','2025-12-25 18:49:45'),(157,141,'ecommerce/digital-product-files/product-7.jpg','{\"filename\":\"product-7.jpg\",\"url\":\"ecommerce\\/digital-product-files\\/product-7.jpg\",\"mime_type\":\"image\\/jpeg\",\"size\":9730,\"modified\":\"2025-12-26 01:49:45\",\"name\":\"product-7\",\"extension\":\"jpg\"}','2025-12-25 18:49:45','2025-12-25 18:49:45'),(158,141,'ecommerce/digital-product-files/product-39.jpg','{\"filename\":\"product-39.jpg\",\"url\":\"ecommerce\\/digital-product-files\\/product-39.jpg\",\"mime_type\":\"image\\/jpeg\",\"size\":9730,\"modified\":\"2025-12-26 01:49:45\",\"name\":\"product-39\",\"extension\":\"jpg\"}','2025-12-25 18:49:45','2025-12-25 18:49:45'),(159,141,'ecommerce/digital-product-files/product-94.jpg','{\"filename\":\"product-94.jpg\",\"url\":\"ecommerce\\/digital-product-files\\/product-94.jpg\",\"mime_type\":\"image\\/jpeg\",\"size\":9730,\"modified\":\"2025-12-26 01:49:45\",\"name\":\"product-94\",\"extension\":\"jpg\"}','2025-12-25 18:49:45','2025-12-25 18:49:45'),(160,141,'ecommerce/digital-product-files/product-37.jpg','{\"filename\":\"product-37.jpg\",\"url\":\"ecommerce\\/digital-product-files\\/product-37.jpg\",\"mime_type\":\"image\\/jpeg\",\"size\":9730,\"modified\":\"2025-12-26 01:49:45\",\"name\":\"product-37\",\"extension\":\"jpg\"}','2025-12-25 18:49:45','2025-12-25 18:49:45'),(161,141,'ecommerce/digital-product-files/product-74.jpg','{\"filename\":\"product-74.jpg\",\"url\":\"ecommerce\\/digital-product-files\\/product-74.jpg\",\"mime_type\":\"image\\/jpeg\",\"size\":9730,\"modified\":\"2025-12-26 01:49:45\",\"name\":\"product-74\",\"extension\":\"jpg\"}','2025-12-25 18:49:45','2025-12-25 18:49:45'),(162,141,'ecommerce/digital-product-files/product-63.jpg','{\"filename\":\"product-63.jpg\",\"url\":\"ecommerce\\/digital-product-files\\/product-63.jpg\",\"mime_type\":\"image\\/jpeg\",\"size\":9730,\"modified\":\"2025-12-26 01:49:45\",\"name\":\"product-63\",\"extension\":\"jpg\"}','2025-12-25 18:49:45','2025-12-25 18:49:45'),(163,141,'ecommerce/digital-product-files/product-4.jpg','{\"filename\":\"product-4.jpg\",\"url\":\"ecommerce\\/digital-product-files\\/product-4.jpg\",\"mime_type\":\"image\\/jpeg\",\"size\":9730,\"modified\":\"2025-12-26 01:49:45\",\"name\":\"product-4\",\"extension\":\"jpg\"}','2025-12-25 18:49:45','2025-12-25 18:49:45'),(164,141,'ecommerce/digital-product-files/product-52.jpg','{\"filename\":\"product-52.jpg\",\"url\":\"ecommerce\\/digital-product-files\\/product-52.jpg\",\"mime_type\":\"image\\/jpeg\",\"size\":9730,\"modified\":\"2025-12-26 01:49:45\",\"name\":\"product-52\",\"extension\":\"jpg\"}','2025-12-25 18:49:45','2025-12-25 18:49:45'),(165,141,'ecommerce/digital-product-files/product-49.jpg','{\"filename\":\"product-49.jpg\",\"url\":\"ecommerce\\/digital-product-files\\/product-49.jpg\",\"mime_type\":\"image\\/jpeg\",\"size\":9730,\"modified\":\"2025-12-26 01:49:45\",\"name\":\"product-49\",\"extension\":\"jpg\"}','2025-12-25 18:49:45','2025-12-25 18:49:45'),(166,141,'ecommerce/digital-product-files/product-3.jpg','{\"filename\":\"product-3.jpg\",\"url\":\"ecommerce\\/digital-product-files\\/product-3.jpg\",\"mime_type\":\"image\\/jpeg\",\"size\":9730,\"modified\":\"2025-12-26 01:49:45\",\"name\":\"product-3\",\"extension\":\"jpg\"}','2025-12-25 18:49:45','2025-12-25 18:49:45'),(167,147,'ecommerce/digital-product-files/product-27.jpg','{\"filename\":\"product-27.jpg\",\"url\":\"ecommerce\\/digital-product-files\\/product-27.jpg\",\"mime_type\":\"image\\/jpeg\",\"size\":9730,\"modified\":\"2025-12-26 01:49:46\",\"name\":\"product-27\",\"extension\":\"jpg\"}','2025-12-25 18:49:46','2025-12-25 18:49:46'),(168,147,'ecommerce/digital-product-files/product-52.jpg','{\"filename\":\"product-52.jpg\",\"url\":\"ecommerce\\/digital-product-files\\/product-52.jpg\",\"mime_type\":\"image\\/jpeg\",\"size\":9730,\"modified\":\"2025-12-26 01:49:46\",\"name\":\"product-52\",\"extension\":\"jpg\"}','2025-12-25 18:49:46','2025-12-25 18:49:46'),(169,147,'ecommerce/digital-product-files/product-88.jpg','{\"filename\":\"product-88.jpg\",\"url\":\"ecommerce\\/digital-product-files\\/product-88.jpg\",\"mime_type\":\"image\\/jpeg\",\"size\":9730,\"modified\":\"2025-12-26 01:49:46\",\"name\":\"product-88\",\"extension\":\"jpg\"}','2025-12-25 18:49:46','2025-12-25 18:49:46'),(170,147,'ecommerce/digital-product-files/product-1.jpg','{\"filename\":\"product-1.jpg\",\"url\":\"ecommerce\\/digital-product-files\\/product-1.jpg\",\"mime_type\":\"image\\/jpeg\",\"size\":9730,\"modified\":\"2025-12-26 01:49:46\",\"name\":\"product-1\",\"extension\":\"jpg\"}','2025-12-25 18:49:46','2025-12-25 18:49:46'),(171,147,'ecommerce/digital-product-files/product-83.jpg','{\"filename\":\"product-83.jpg\",\"url\":\"ecommerce\\/digital-product-files\\/product-83.jpg\",\"mime_type\":\"image\\/jpeg\",\"size\":9730,\"modified\":\"2025-12-26 01:49:46\",\"name\":\"product-83\",\"extension\":\"jpg\"}','2025-12-25 18:49:46','2025-12-25 18:49:46'),(172,147,'ecommerce/digital-product-files/product-57.jpg','{\"filename\":\"product-57.jpg\",\"url\":\"ecommerce\\/digital-product-files\\/product-57.jpg\",\"mime_type\":\"image\\/jpeg\",\"size\":9730,\"modified\":\"2025-12-26 01:49:46\",\"name\":\"product-57\",\"extension\":\"jpg\"}','2025-12-25 18:49:46','2025-12-25 18:49:46'),(173,147,'ecommerce/digital-product-files/product-86.jpg','{\"filename\":\"product-86.jpg\",\"url\":\"ecommerce\\/digital-product-files\\/product-86.jpg\",\"mime_type\":\"image\\/jpeg\",\"size\":9730,\"modified\":\"2025-12-26 01:49:46\",\"name\":\"product-86\",\"extension\":\"jpg\"}','2025-12-25 18:49:46','2025-12-25 18:49:46'),(174,147,'ecommerce/digital-product-files/product-91.jpg','{\"filename\":\"product-91.jpg\",\"url\":\"ecommerce\\/digital-product-files\\/product-91.jpg\",\"mime_type\":\"image\\/jpeg\",\"size\":9730,\"modified\":\"2025-12-26 01:49:46\",\"name\":\"product-91\",\"extension\":\"jpg\"}','2025-12-25 18:49:46','2025-12-25 18:49:46'),(175,154,'ecommerce/digital-product-files/product-67.jpg','{\"filename\":\"product-67.jpg\",\"url\":\"ecommerce\\/digital-product-files\\/product-67.jpg\",\"mime_type\":\"image\\/jpeg\",\"size\":9730,\"modified\":\"2025-12-26 01:49:46\",\"name\":\"product-67\",\"extension\":\"jpg\"}','2025-12-25 18:49:46','2025-12-25 18:49:46'),(176,154,'ecommerce/digital-product-files/product-33.jpg','{\"filename\":\"product-33.jpg\",\"url\":\"ecommerce\\/digital-product-files\\/product-33.jpg\",\"mime_type\":\"image\\/jpeg\",\"size\":9730,\"modified\":\"2025-12-26 01:49:46\",\"name\":\"product-33\",\"extension\":\"jpg\"}','2025-12-25 18:49:46','2025-12-25 18:49:46'),(177,154,'ecommerce/digital-product-files/product-2.jpg','{\"filename\":\"product-2.jpg\",\"url\":\"ecommerce\\/digital-product-files\\/product-2.jpg\",\"mime_type\":\"image\\/jpeg\",\"size\":9730,\"modified\":\"2025-12-26 01:49:46\",\"name\":\"product-2\",\"extension\":\"jpg\"}','2025-12-25 18:49:46','2025-12-25 18:49:46'),(178,154,'ecommerce/digital-product-files/product-68.jpg','{\"filename\":\"product-68.jpg\",\"url\":\"ecommerce\\/digital-product-files\\/product-68.jpg\",\"mime_type\":\"image\\/jpeg\",\"size\":9730,\"modified\":\"2025-12-26 01:49:46\",\"name\":\"product-68\",\"extension\":\"jpg\"}','2025-12-25 18:49:46','2025-12-25 18:49:46'),(179,154,'ecommerce/digital-product-files/product-82.jpg','{\"filename\":\"product-82.jpg\",\"url\":\"ecommerce\\/digital-product-files\\/product-82.jpg\",\"mime_type\":\"image\\/jpeg\",\"size\":9730,\"modified\":\"2025-12-26 01:49:46\",\"name\":\"product-82\",\"extension\":\"jpg\"}','2025-12-25 18:49:46','2025-12-25 18:49:46'),(180,154,'ecommerce/digital-product-files/product-25.jpg','{\"filename\":\"product-25.jpg\",\"url\":\"ecommerce\\/digital-product-files\\/product-25.jpg\",\"mime_type\":\"image\\/jpeg\",\"size\":9730,\"modified\":\"2025-12-26 01:49:46\",\"name\":\"product-25\",\"extension\":\"jpg\"}','2025-12-25 18:49:46','2025-12-25 18:49:46'),(181,154,'ecommerce/digital-product-files/product-70.jpg','{\"filename\":\"product-70.jpg\",\"url\":\"ecommerce\\/digital-product-files\\/product-70.jpg\",\"mime_type\":\"image\\/jpeg\",\"size\":9730,\"modified\":\"2025-12-26 01:49:46\",\"name\":\"product-70\",\"extension\":\"jpg\"}','2025-12-25 18:49:46','2025-12-25 18:49:46'),(182,154,'ecommerce/digital-product-files/product-89.jpg','{\"filename\":\"product-89.jpg\",\"url\":\"ecommerce\\/digital-product-files\\/product-89.jpg\",\"mime_type\":\"image\\/jpeg\",\"size\":9730,\"modified\":\"2025-12-26 01:49:46\",\"name\":\"product-89\",\"extension\":\"jpg\"}','2025-12-25 18:49:46','2025-12-25 18:49:46'),(183,154,'ecommerce/digital-product-files/product-29.jpg','{\"filename\":\"product-29.jpg\",\"url\":\"ecommerce\\/digital-product-files\\/product-29.jpg\",\"mime_type\":\"image\\/jpeg\",\"size\":9730,\"modified\":\"2025-12-26 01:49:46\",\"name\":\"product-29\",\"extension\":\"jpg\"}','2025-12-25 18:49:46','2025-12-25 18:49:46'),(184,154,'ecommerce/digital-product-files/product-14.jpg','{\"filename\":\"product-14.jpg\",\"url\":\"ecommerce\\/digital-product-files\\/product-14.jpg\",\"mime_type\":\"image\\/jpeg\",\"size\":9730,\"modified\":\"2025-12-26 01:49:46\",\"name\":\"product-14\",\"extension\":\"jpg\"}','2025-12-25 18:49:46','2025-12-25 18:49:46'),(185,154,'ecommerce/digital-product-files/product-74.jpg','{\"filename\":\"product-74.jpg\",\"url\":\"ecommerce\\/digital-product-files\\/product-74.jpg\",\"mime_type\":\"image\\/jpeg\",\"size\":9730,\"modified\":\"2025-12-26 01:49:46\",\"name\":\"product-74\",\"extension\":\"jpg\"}','2025-12-25 18:49:46','2025-12-25 18:49:46'),(186,154,'ecommerce/digital-product-files/product-34.jpg','{\"filename\":\"product-34.jpg\",\"url\":\"ecommerce\\/digital-product-files\\/product-34.jpg\",\"mime_type\":\"image\\/jpeg\",\"size\":9730,\"modified\":\"2025-12-26 01:49:46\",\"name\":\"product-34\",\"extension\":\"jpg\"}','2025-12-25 18:49:46','2025-12-25 18:49:46'),(187,155,'ecommerce/digital-product-files/product-67.jpg','{\"filename\":\"product-67.jpg\",\"url\":\"ecommerce\\/digital-product-files\\/product-67.jpg\",\"mime_type\":\"image\\/jpeg\",\"size\":9730,\"modified\":\"2025-12-26 01:49:46\",\"name\":\"product-67\",\"extension\":\"jpg\"}','2025-12-25 18:49:46','2025-12-25 18:49:46'),(188,155,'ecommerce/digital-product-files/product-33.jpg','{\"filename\":\"product-33.jpg\",\"url\":\"ecommerce\\/digital-product-files\\/product-33.jpg\",\"mime_type\":\"image\\/jpeg\",\"size\":9730,\"modified\":\"2025-12-26 01:49:46\",\"name\":\"product-33\",\"extension\":\"jpg\"}','2025-12-25 18:49:46','2025-12-25 18:49:46'),(189,155,'ecommerce/digital-product-files/product-2.jpg','{\"filename\":\"product-2.jpg\",\"url\":\"ecommerce\\/digital-product-files\\/product-2.jpg\",\"mime_type\":\"image\\/jpeg\",\"size\":9730,\"modified\":\"2025-12-26 01:49:46\",\"name\":\"product-2\",\"extension\":\"jpg\"}','2025-12-25 18:49:46','2025-12-25 18:49:46'),(190,155,'ecommerce/digital-product-files/product-68.jpg','{\"filename\":\"product-68.jpg\",\"url\":\"ecommerce\\/digital-product-files\\/product-68.jpg\",\"mime_type\":\"image\\/jpeg\",\"size\":9730,\"modified\":\"2025-12-26 01:49:46\",\"name\":\"product-68\",\"extension\":\"jpg\"}','2025-12-25 18:49:46','2025-12-25 18:49:46'),(191,155,'ecommerce/digital-product-files/product-82.jpg','{\"filename\":\"product-82.jpg\",\"url\":\"ecommerce\\/digital-product-files\\/product-82.jpg\",\"mime_type\":\"image\\/jpeg\",\"size\":9730,\"modified\":\"2025-12-26 01:49:46\",\"name\":\"product-82\",\"extension\":\"jpg\"}','2025-12-25 18:49:46','2025-12-25 18:49:46'),(192,155,'ecommerce/digital-product-files/product-25.jpg','{\"filename\":\"product-25.jpg\",\"url\":\"ecommerce\\/digital-product-files\\/product-25.jpg\",\"mime_type\":\"image\\/jpeg\",\"size\":9730,\"modified\":\"2025-12-26 01:49:46\",\"name\":\"product-25\",\"extension\":\"jpg\"}','2025-12-25 18:49:46','2025-12-25 18:49:46'),(193,155,'ecommerce/digital-product-files/product-70.jpg','{\"filename\":\"product-70.jpg\",\"url\":\"ecommerce\\/digital-product-files\\/product-70.jpg\",\"mime_type\":\"image\\/jpeg\",\"size\":9730,\"modified\":\"2025-12-26 01:49:46\",\"name\":\"product-70\",\"extension\":\"jpg\"}','2025-12-25 18:49:46','2025-12-25 18:49:46'),(194,155,'ecommerce/digital-product-files/product-89.jpg','{\"filename\":\"product-89.jpg\",\"url\":\"ecommerce\\/digital-product-files\\/product-89.jpg\",\"mime_type\":\"image\\/jpeg\",\"size\":9730,\"modified\":\"2025-12-26 01:49:46\",\"name\":\"product-89\",\"extension\":\"jpg\"}','2025-12-25 18:49:46','2025-12-25 18:49:46'),(195,155,'ecommerce/digital-product-files/product-29.jpg','{\"filename\":\"product-29.jpg\",\"url\":\"ecommerce\\/digital-product-files\\/product-29.jpg\",\"mime_type\":\"image\\/jpeg\",\"size\":9730,\"modified\":\"2025-12-26 01:49:46\",\"name\":\"product-29\",\"extension\":\"jpg\"}','2025-12-25 18:49:46','2025-12-25 18:49:46'),(196,155,'ecommerce/digital-product-files/product-14.jpg','{\"filename\":\"product-14.jpg\",\"url\":\"ecommerce\\/digital-product-files\\/product-14.jpg\",\"mime_type\":\"image\\/jpeg\",\"size\":9730,\"modified\":\"2025-12-26 01:49:46\",\"name\":\"product-14\",\"extension\":\"jpg\"}','2025-12-25 18:49:46','2025-12-25 18:49:46'),(197,155,'ecommerce/digital-product-files/product-74.jpg','{\"filename\":\"product-74.jpg\",\"url\":\"ecommerce\\/digital-product-files\\/product-74.jpg\",\"mime_type\":\"image\\/jpeg\",\"size\":9730,\"modified\":\"2025-12-26 01:49:46\",\"name\":\"product-74\",\"extension\":\"jpg\"}','2025-12-25 18:49:46','2025-12-25 18:49:46'),(198,155,'ecommerce/digital-product-files/product-34.jpg','{\"filename\":\"product-34.jpg\",\"url\":\"ecommerce\\/digital-product-files\\/product-34.jpg\",\"mime_type\":\"image\\/jpeg\",\"size\":9730,\"modified\":\"2025-12-26 01:49:46\",\"name\":\"product-34\",\"extension\":\"jpg\"}','2025-12-25 18:49:46','2025-12-25 18:49:46'),(199,165,'ecommerce/digital-product-files/product-25.jpg','{\"filename\":\"product-25.jpg\",\"url\":\"ecommerce\\/digital-product-files\\/product-25.jpg\",\"mime_type\":\"image\\/jpeg\",\"size\":9730,\"modified\":\"2025-12-26 01:49:46\",\"name\":\"product-25\",\"extension\":\"jpg\"}','2025-12-25 18:49:46','2025-12-25 18:49:46'),(200,165,'ecommerce/digital-product-files/product-32.jpg','{\"filename\":\"product-32.jpg\",\"url\":\"ecommerce\\/digital-product-files\\/product-32.jpg\",\"mime_type\":\"image\\/jpeg\",\"size\":9730,\"modified\":\"2025-12-26 01:49:46\",\"name\":\"product-32\",\"extension\":\"jpg\"}','2025-12-25 18:49:46','2025-12-25 18:49:46'),(201,165,'ecommerce/digital-product-files/product-84.jpg','{\"filename\":\"product-84.jpg\",\"url\":\"ecommerce\\/digital-product-files\\/product-84.jpg\",\"mime_type\":\"image\\/jpeg\",\"size\":9730,\"modified\":\"2025-12-26 01:49:46\",\"name\":\"product-84\",\"extension\":\"jpg\"}','2025-12-25 18:49:46','2025-12-25 18:49:46'),(202,165,'ecommerce/digital-product-files/product-92.jpg','{\"filename\":\"product-92.jpg\",\"url\":\"ecommerce\\/digital-product-files\\/product-92.jpg\",\"mime_type\":\"image\\/jpeg\",\"size\":9730,\"modified\":\"2025-12-26 01:49:46\",\"name\":\"product-92\",\"extension\":\"jpg\"}','2025-12-25 18:49:46','2025-12-25 18:49:46'),(203,165,'ecommerce/digital-product-files/product-24.jpg','{\"filename\":\"product-24.jpg\",\"url\":\"ecommerce\\/digital-product-files\\/product-24.jpg\",\"mime_type\":\"image\\/jpeg\",\"size\":9730,\"modified\":\"2025-12-26 01:49:46\",\"name\":\"product-24\",\"extension\":\"jpg\"}','2025-12-25 18:49:46','2025-12-25 18:49:46'),(204,165,'ecommerce/digital-product-files/product-27.jpg','{\"filename\":\"product-27.jpg\",\"url\":\"ecommerce\\/digital-product-files\\/product-27.jpg\",\"mime_type\":\"image\\/jpeg\",\"size\":9730,\"modified\":\"2025-12-26 01:49:46\",\"name\":\"product-27\",\"extension\":\"jpg\"}','2025-12-25 18:49:46','2025-12-25 18:49:46'),(205,166,'ecommerce/digital-product-files/product-25.jpg','{\"filename\":\"product-25.jpg\",\"url\":\"ecommerce\\/digital-product-files\\/product-25.jpg\",\"mime_type\":\"image\\/jpeg\",\"size\":9730,\"modified\":\"2025-12-26 01:49:46\",\"name\":\"product-25\",\"extension\":\"jpg\"}','2025-12-25 18:49:46','2025-12-25 18:49:46'),(206,166,'ecommerce/digital-product-files/product-32.jpg','{\"filename\":\"product-32.jpg\",\"url\":\"ecommerce\\/digital-product-files\\/product-32.jpg\",\"mime_type\":\"image\\/jpeg\",\"size\":9730,\"modified\":\"2025-12-26 01:49:46\",\"name\":\"product-32\",\"extension\":\"jpg\"}','2025-12-25 18:49:46','2025-12-25 18:49:46'),(207,166,'ecommerce/digital-product-files/product-84.jpg','{\"filename\":\"product-84.jpg\",\"url\":\"ecommerce\\/digital-product-files\\/product-84.jpg\",\"mime_type\":\"image\\/jpeg\",\"size\":9730,\"modified\":\"2025-12-26 01:49:46\",\"name\":\"product-84\",\"extension\":\"jpg\"}','2025-12-25 18:49:46','2025-12-25 18:49:46'),(208,166,'ecommerce/digital-product-files/product-92.jpg','{\"filename\":\"product-92.jpg\",\"url\":\"ecommerce\\/digital-product-files\\/product-92.jpg\",\"mime_type\":\"image\\/jpeg\",\"size\":9730,\"modified\":\"2025-12-26 01:49:46\",\"name\":\"product-92\",\"extension\":\"jpg\"}','2025-12-25 18:49:46','2025-12-25 18:49:46'),(209,166,'ecommerce/digital-product-files/product-24.jpg','{\"filename\":\"product-24.jpg\",\"url\":\"ecommerce\\/digital-product-files\\/product-24.jpg\",\"mime_type\":\"image\\/jpeg\",\"size\":9730,\"modified\":\"2025-12-26 01:49:46\",\"name\":\"product-24\",\"extension\":\"jpg\"}','2025-12-25 18:49:46','2025-12-25 18:49:46'),(210,166,'ecommerce/digital-product-files/product-27.jpg','{\"filename\":\"product-27.jpg\",\"url\":\"ecommerce\\/digital-product-files\\/product-27.jpg\",\"mime_type\":\"image\\/jpeg\",\"size\":9730,\"modified\":\"2025-12-26 01:49:46\",\"name\":\"product-27\",\"extension\":\"jpg\"}','2025-12-25 18:49:46','2025-12-25 18:49:46'),(211,175,'ecommerce/digital-product-files/product-65.jpg','{\"filename\":\"product-65.jpg\",\"url\":\"ecommerce\\/digital-product-files\\/product-65.jpg\",\"mime_type\":\"image\\/jpeg\",\"size\":9730,\"modified\":\"2025-12-26 01:49:47\",\"name\":\"product-65\",\"extension\":\"jpg\"}','2025-12-25 18:49:47','2025-12-25 18:49:47'),(212,175,'ecommerce/digital-product-files/product-43.jpg','{\"filename\":\"product-43.jpg\",\"url\":\"ecommerce\\/digital-product-files\\/product-43.jpg\",\"mime_type\":\"image\\/jpeg\",\"size\":9730,\"modified\":\"2025-12-26 01:49:47\",\"name\":\"product-43\",\"extension\":\"jpg\"}','2025-12-25 18:49:47','2025-12-25 18:49:47'),(213,175,'ecommerce/digital-product-files/product-8.jpg','{\"filename\":\"product-8.jpg\",\"url\":\"ecommerce\\/digital-product-files\\/product-8.jpg\",\"mime_type\":\"image\\/jpeg\",\"size\":9730,\"modified\":\"2025-12-26 01:49:47\",\"name\":\"product-8\",\"extension\":\"jpg\"}','2025-12-25 18:49:47','2025-12-25 18:49:47'),(214,175,'ecommerce/digital-product-files/product-73.jpg','{\"filename\":\"product-73.jpg\",\"url\":\"ecommerce\\/digital-product-files\\/product-73.jpg\",\"mime_type\":\"image\\/jpeg\",\"size\":9730,\"modified\":\"2025-12-26 01:49:47\",\"name\":\"product-73\",\"extension\":\"jpg\"}','2025-12-25 18:49:47','2025-12-25 18:49:47'),(215,175,'ecommerce/digital-product-files/product-74.jpg','{\"filename\":\"product-74.jpg\",\"url\":\"ecommerce\\/digital-product-files\\/product-74.jpg\",\"mime_type\":\"image\\/jpeg\",\"size\":9730,\"modified\":\"2025-12-26 01:49:47\",\"name\":\"product-74\",\"extension\":\"jpg\"}','2025-12-25 18:49:47','2025-12-25 18:49:47'),(216,175,'ecommerce/digital-product-files/product-57.jpg','{\"filename\":\"product-57.jpg\",\"url\":\"ecommerce\\/digital-product-files\\/product-57.jpg\",\"mime_type\":\"image\\/jpeg\",\"size\":9730,\"modified\":\"2025-12-26 01:49:47\",\"name\":\"product-57\",\"extension\":\"jpg\"}','2025-12-25 18:49:47','2025-12-25 18:49:47'),(217,175,'ecommerce/digital-product-files/product-59.jpg','{\"filename\":\"product-59.jpg\",\"url\":\"ecommerce\\/digital-product-files\\/product-59.jpg\",\"mime_type\":\"image\\/jpeg\",\"size\":9730,\"modified\":\"2025-12-26 01:49:47\",\"name\":\"product-59\",\"extension\":\"jpg\"}','2025-12-25 18:49:47','2025-12-25 18:49:47'),(218,175,'ecommerce/digital-product-files/product-69.jpg','{\"filename\":\"product-69.jpg\",\"url\":\"ecommerce\\/digital-product-files\\/product-69.jpg\",\"mime_type\":\"image\\/jpeg\",\"size\":9730,\"modified\":\"2025-12-26 01:49:47\",\"name\":\"product-69\",\"extension\":\"jpg\"}','2025-12-25 18:49:47','2025-12-25 18:49:47'),(219,175,'ecommerce/digital-product-files/product-36.jpg','{\"filename\":\"product-36.jpg\",\"url\":\"ecommerce\\/digital-product-files\\/product-36.jpg\",\"mime_type\":\"image\\/jpeg\",\"size\":9730,\"modified\":\"2025-12-26 01:49:47\",\"name\":\"product-36\",\"extension\":\"jpg\"}','2025-12-25 18:49:47','2025-12-25 18:49:47'),(220,175,'ecommerce/digital-product-files/product-40.jpg','{\"filename\":\"product-40.jpg\",\"url\":\"ecommerce\\/digital-product-files\\/product-40.jpg\",\"mime_type\":\"image\\/jpeg\",\"size\":9730,\"modified\":\"2025-12-26 01:49:47\",\"name\":\"product-40\",\"extension\":\"jpg\"}','2025-12-25 18:49:47','2025-12-25 18:49:47'),(221,175,'ecommerce/digital-product-files/product-47.jpg','{\"filename\":\"product-47.jpg\",\"url\":\"ecommerce\\/digital-product-files\\/product-47.jpg\",\"mime_type\":\"image\\/jpeg\",\"size\":9730,\"modified\":\"2025-12-26 01:49:47\",\"name\":\"product-47\",\"extension\":\"jpg\"}','2025-12-25 18:49:47','2025-12-25 18:49:47'),(222,175,'ecommerce/digital-product-files/product-66.jpg','{\"filename\":\"product-66.jpg\",\"url\":\"ecommerce\\/digital-product-files\\/product-66.jpg\",\"mime_type\":\"image\\/jpeg\",\"size\":9730,\"modified\":\"2025-12-26 01:49:47\",\"name\":\"product-66\",\"extension\":\"jpg\"}','2025-12-25 18:49:47','2025-12-25 18:49:47'),(223,176,'ecommerce/digital-product-files/product-65.jpg','{\"filename\":\"product-65.jpg\",\"url\":\"ecommerce\\/digital-product-files\\/product-65.jpg\",\"mime_type\":\"image\\/jpeg\",\"size\":9730,\"modified\":\"2025-12-26 01:49:47\",\"name\":\"product-65\",\"extension\":\"jpg\"}','2025-12-25 18:49:47','2025-12-25 18:49:47'),(224,176,'ecommerce/digital-product-files/product-43.jpg','{\"filename\":\"product-43.jpg\",\"url\":\"ecommerce\\/digital-product-files\\/product-43.jpg\",\"mime_type\":\"image\\/jpeg\",\"size\":9730,\"modified\":\"2025-12-26 01:49:47\",\"name\":\"product-43\",\"extension\":\"jpg\"}','2025-12-25 18:49:47','2025-12-25 18:49:47'),(225,176,'ecommerce/digital-product-files/product-8.jpg','{\"filename\":\"product-8.jpg\",\"url\":\"ecommerce\\/digital-product-files\\/product-8.jpg\",\"mime_type\":\"image\\/jpeg\",\"size\":9730,\"modified\":\"2025-12-26 01:49:47\",\"name\":\"product-8\",\"extension\":\"jpg\"}','2025-12-25 18:49:47','2025-12-25 18:49:47'),(226,176,'ecommerce/digital-product-files/product-73.jpg','{\"filename\":\"product-73.jpg\",\"url\":\"ecommerce\\/digital-product-files\\/product-73.jpg\",\"mime_type\":\"image\\/jpeg\",\"size\":9730,\"modified\":\"2025-12-26 01:49:47\",\"name\":\"product-73\",\"extension\":\"jpg\"}','2025-12-25 18:49:47','2025-12-25 18:49:47'),(227,176,'ecommerce/digital-product-files/product-74.jpg','{\"filename\":\"product-74.jpg\",\"url\":\"ecommerce\\/digital-product-files\\/product-74.jpg\",\"mime_type\":\"image\\/jpeg\",\"size\":9730,\"modified\":\"2025-12-26 01:49:47\",\"name\":\"product-74\",\"extension\":\"jpg\"}','2025-12-25 18:49:47','2025-12-25 18:49:47'),(228,176,'ecommerce/digital-product-files/product-57.jpg','{\"filename\":\"product-57.jpg\",\"url\":\"ecommerce\\/digital-product-files\\/product-57.jpg\",\"mime_type\":\"image\\/jpeg\",\"size\":9730,\"modified\":\"2025-12-26 01:49:47\",\"name\":\"product-57\",\"extension\":\"jpg\"}','2025-12-25 18:49:47','2025-12-25 18:49:47'),(229,176,'ecommerce/digital-product-files/product-59.jpg','{\"filename\":\"product-59.jpg\",\"url\":\"ecommerce\\/digital-product-files\\/product-59.jpg\",\"mime_type\":\"image\\/jpeg\",\"size\":9730,\"modified\":\"2025-12-26 01:49:47\",\"name\":\"product-59\",\"extension\":\"jpg\"}','2025-12-25 18:49:47','2025-12-25 18:49:47'),(230,176,'ecommerce/digital-product-files/product-69.jpg','{\"filename\":\"product-69.jpg\",\"url\":\"ecommerce\\/digital-product-files\\/product-69.jpg\",\"mime_type\":\"image\\/jpeg\",\"size\":9730,\"modified\":\"2025-12-26 01:49:47\",\"name\":\"product-69\",\"extension\":\"jpg\"}','2025-12-25 18:49:47','2025-12-25 18:49:47'),(231,176,'ecommerce/digital-product-files/product-36.jpg','{\"filename\":\"product-36.jpg\",\"url\":\"ecommerce\\/digital-product-files\\/product-36.jpg\",\"mime_type\":\"image\\/jpeg\",\"size\":9730,\"modified\":\"2025-12-26 01:49:47\",\"name\":\"product-36\",\"extension\":\"jpg\"}','2025-12-25 18:49:47','2025-12-25 18:49:47'),(232,176,'ecommerce/digital-product-files/product-40.jpg','{\"filename\":\"product-40.jpg\",\"url\":\"ecommerce\\/digital-product-files\\/product-40.jpg\",\"mime_type\":\"image\\/jpeg\",\"size\":9730,\"modified\":\"2025-12-26 01:49:47\",\"name\":\"product-40\",\"extension\":\"jpg\"}','2025-12-25 18:49:47','2025-12-25 18:49:47'),(233,176,'ecommerce/digital-product-files/product-47.jpg','{\"filename\":\"product-47.jpg\",\"url\":\"ecommerce\\/digital-product-files\\/product-47.jpg\",\"mime_type\":\"image\\/jpeg\",\"size\":9730,\"modified\":\"2025-12-26 01:49:47\",\"name\":\"product-47\",\"extension\":\"jpg\"}','2025-12-25 18:49:47','2025-12-25 18:49:47'),(234,176,'ecommerce/digital-product-files/product-66.jpg','{\"filename\":\"product-66.jpg\",\"url\":\"ecommerce\\/digital-product-files\\/product-66.jpg\",\"mime_type\":\"image\\/jpeg\",\"size\":9730,\"modified\":\"2025-12-26 01:49:47\",\"name\":\"product-66\",\"extension\":\"jpg\"}','2025-12-25 18:49:47','2025-12-25 18:49:47'),(235,177,'ecommerce/digital-product-files/product-65.jpg','{\"filename\":\"product-65.jpg\",\"url\":\"ecommerce\\/digital-product-files\\/product-65.jpg\",\"mime_type\":\"image\\/jpeg\",\"size\":9730,\"modified\":\"2025-12-26 01:49:47\",\"name\":\"product-65\",\"extension\":\"jpg\"}','2025-12-25 18:49:47','2025-12-25 18:49:47'),(236,177,'ecommerce/digital-product-files/product-43.jpg','{\"filename\":\"product-43.jpg\",\"url\":\"ecommerce\\/digital-product-files\\/product-43.jpg\",\"mime_type\":\"image\\/jpeg\",\"size\":9730,\"modified\":\"2025-12-26 01:49:47\",\"name\":\"product-43\",\"extension\":\"jpg\"}','2025-12-25 18:49:47','2025-12-25 18:49:47'),(237,177,'ecommerce/digital-product-files/product-8.jpg','{\"filename\":\"product-8.jpg\",\"url\":\"ecommerce\\/digital-product-files\\/product-8.jpg\",\"mime_type\":\"image\\/jpeg\",\"size\":9730,\"modified\":\"2025-12-26 01:49:47\",\"name\":\"product-8\",\"extension\":\"jpg\"}','2025-12-25 18:49:47','2025-12-25 18:49:47'),(238,177,'ecommerce/digital-product-files/product-73.jpg','{\"filename\":\"product-73.jpg\",\"url\":\"ecommerce\\/digital-product-files\\/product-73.jpg\",\"mime_type\":\"image\\/jpeg\",\"size\":9730,\"modified\":\"2025-12-26 01:49:47\",\"name\":\"product-73\",\"extension\":\"jpg\"}','2025-12-25 18:49:47','2025-12-25 18:49:47'),(239,177,'ecommerce/digital-product-files/product-74.jpg','{\"filename\":\"product-74.jpg\",\"url\":\"ecommerce\\/digital-product-files\\/product-74.jpg\",\"mime_type\":\"image\\/jpeg\",\"size\":9730,\"modified\":\"2025-12-26 01:49:47\",\"name\":\"product-74\",\"extension\":\"jpg\"}','2025-12-25 18:49:47','2025-12-25 18:49:47'),(240,177,'ecommerce/digital-product-files/product-57.jpg','{\"filename\":\"product-57.jpg\",\"url\":\"ecommerce\\/digital-product-files\\/product-57.jpg\",\"mime_type\":\"image\\/jpeg\",\"size\":9730,\"modified\":\"2025-12-26 01:49:47\",\"name\":\"product-57\",\"extension\":\"jpg\"}','2025-12-25 18:49:47','2025-12-25 18:49:47'),(241,177,'ecommerce/digital-product-files/product-59.jpg','{\"filename\":\"product-59.jpg\",\"url\":\"ecommerce\\/digital-product-files\\/product-59.jpg\",\"mime_type\":\"image\\/jpeg\",\"size\":9730,\"modified\":\"2025-12-26 01:49:47\",\"name\":\"product-59\",\"extension\":\"jpg\"}','2025-12-25 18:49:47','2025-12-25 18:49:47'),(242,177,'ecommerce/digital-product-files/product-69.jpg','{\"filename\":\"product-69.jpg\",\"url\":\"ecommerce\\/digital-product-files\\/product-69.jpg\",\"mime_type\":\"image\\/jpeg\",\"size\":9730,\"modified\":\"2025-12-26 01:49:47\",\"name\":\"product-69\",\"extension\":\"jpg\"}','2025-12-25 18:49:47','2025-12-25 18:49:47'),(243,177,'ecommerce/digital-product-files/product-36.jpg','{\"filename\":\"product-36.jpg\",\"url\":\"ecommerce\\/digital-product-files\\/product-36.jpg\",\"mime_type\":\"image\\/jpeg\",\"size\":9730,\"modified\":\"2025-12-26 01:49:47\",\"name\":\"product-36\",\"extension\":\"jpg\"}','2025-12-25 18:49:47','2025-12-25 18:49:47'),(244,177,'ecommerce/digital-product-files/product-40.jpg','{\"filename\":\"product-40.jpg\",\"url\":\"ecommerce\\/digital-product-files\\/product-40.jpg\",\"mime_type\":\"image\\/jpeg\",\"size\":9730,\"modified\":\"2025-12-26 01:49:47\",\"name\":\"product-40\",\"extension\":\"jpg\"}','2025-12-25 18:49:47','2025-12-25 18:49:47'),(245,177,'ecommerce/digital-product-files/product-47.jpg','{\"filename\":\"product-47.jpg\",\"url\":\"ecommerce\\/digital-product-files\\/product-47.jpg\",\"mime_type\":\"image\\/jpeg\",\"size\":9730,\"modified\":\"2025-12-26 01:49:47\",\"name\":\"product-47\",\"extension\":\"jpg\"}','2025-12-25 18:49:47','2025-12-25 18:49:47'),(246,177,'ecommerce/digital-product-files/product-66.jpg','{\"filename\":\"product-66.jpg\",\"url\":\"ecommerce\\/digital-product-files\\/product-66.jpg\",\"mime_type\":\"image\\/jpeg\",\"size\":9730,\"modified\":\"2025-12-26 01:49:47\",\"name\":\"product-66\",\"extension\":\"jpg\"}','2025-12-25 18:49:47','2025-12-25 18:49:47'),(247,186,'ecommerce/digital-product-files/product-37.jpg','{\"filename\":\"product-37.jpg\",\"url\":\"ecommerce\\/digital-product-files\\/product-37.jpg\",\"mime_type\":\"image\\/jpeg\",\"size\":9730,\"modified\":\"2025-12-26 01:49:47\",\"name\":\"product-37\",\"extension\":\"jpg\"}','2025-12-25 18:49:47','2025-12-25 18:49:47'),(248,186,'ecommerce/digital-product-files/product-92.jpg','{\"filename\":\"product-92.jpg\",\"url\":\"ecommerce\\/digital-product-files\\/product-92.jpg\",\"mime_type\":\"image\\/jpeg\",\"size\":9730,\"modified\":\"2025-12-26 01:49:47\",\"name\":\"product-92\",\"extension\":\"jpg\"}','2025-12-25 18:49:47','2025-12-25 18:49:47'),(249,186,'ecommerce/digital-product-files/product-53.jpg','{\"filename\":\"product-53.jpg\",\"url\":\"ecommerce\\/digital-product-files\\/product-53.jpg\",\"mime_type\":\"image\\/jpeg\",\"size\":9730,\"modified\":\"2025-12-26 01:49:47\",\"name\":\"product-53\",\"extension\":\"jpg\"}','2025-12-25 18:49:47','2025-12-25 18:49:47'),(250,186,'ecommerce/digital-product-files/product-33.jpg','{\"filename\":\"product-33.jpg\",\"url\":\"ecommerce\\/digital-product-files\\/product-33.jpg\",\"mime_type\":\"image\\/jpeg\",\"size\":9730,\"modified\":\"2025-12-26 01:49:47\",\"name\":\"product-33\",\"extension\":\"jpg\"}','2025-12-25 18:49:47','2025-12-25 18:49:47'),(251,186,'ecommerce/digital-product-files/product-84.jpg','{\"filename\":\"product-84.jpg\",\"url\":\"ecommerce\\/digital-product-files\\/product-84.jpg\",\"mime_type\":\"image\\/jpeg\",\"size\":9730,\"modified\":\"2025-12-26 01:49:47\",\"name\":\"product-84\",\"extension\":\"jpg\"}','2025-12-25 18:49:47','2025-12-25 18:49:47'),(252,187,'ecommerce/digital-product-files/product-37.jpg','{\"filename\":\"product-37.jpg\",\"url\":\"ecommerce\\/digital-product-files\\/product-37.jpg\",\"mime_type\":\"image\\/jpeg\",\"size\":9730,\"modified\":\"2025-12-26 01:49:47\",\"name\":\"product-37\",\"extension\":\"jpg\"}','2025-12-25 18:49:47','2025-12-25 18:49:47'),(253,187,'ecommerce/digital-product-files/product-92.jpg','{\"filename\":\"product-92.jpg\",\"url\":\"ecommerce\\/digital-product-files\\/product-92.jpg\",\"mime_type\":\"image\\/jpeg\",\"size\":9730,\"modified\":\"2025-12-26 01:49:47\",\"name\":\"product-92\",\"extension\":\"jpg\"}','2025-12-25 18:49:47','2025-12-25 18:49:47'),(254,187,'ecommerce/digital-product-files/product-53.jpg','{\"filename\":\"product-53.jpg\",\"url\":\"ecommerce\\/digital-product-files\\/product-53.jpg\",\"mime_type\":\"image\\/jpeg\",\"size\":9730,\"modified\":\"2025-12-26 01:49:47\",\"name\":\"product-53\",\"extension\":\"jpg\"}','2025-12-25 18:49:47','2025-12-25 18:49:47'),(255,187,'ecommerce/digital-product-files/product-33.jpg','{\"filename\":\"product-33.jpg\",\"url\":\"ecommerce\\/digital-product-files\\/product-33.jpg\",\"mime_type\":\"image\\/jpeg\",\"size\":9730,\"modified\":\"2025-12-26 01:49:47\",\"name\":\"product-33\",\"extension\":\"jpg\"}','2025-12-25 18:49:47','2025-12-25 18:49:47'),(256,187,'ecommerce/digital-product-files/product-84.jpg','{\"filename\":\"product-84.jpg\",\"url\":\"ecommerce\\/digital-product-files\\/product-84.jpg\",\"mime_type\":\"image\\/jpeg\",\"size\":9730,\"modified\":\"2025-12-26 01:49:47\",\"name\":\"product-84\",\"extension\":\"jpg\"}','2025-12-25 18:49:47','2025-12-25 18:49:47'),(257,188,'ecommerce/digital-product-files/product-37.jpg','{\"filename\":\"product-37.jpg\",\"url\":\"ecommerce\\/digital-product-files\\/product-37.jpg\",\"mime_type\":\"image\\/jpeg\",\"size\":9730,\"modified\":\"2025-12-26 01:49:47\",\"name\":\"product-37\",\"extension\":\"jpg\"}','2025-12-25 18:49:47','2025-12-25 18:49:47'),(258,188,'ecommerce/digital-product-files/product-92.jpg','{\"filename\":\"product-92.jpg\",\"url\":\"ecommerce\\/digital-product-files\\/product-92.jpg\",\"mime_type\":\"image\\/jpeg\",\"size\":9730,\"modified\":\"2025-12-26 01:49:47\",\"name\":\"product-92\",\"extension\":\"jpg\"}','2025-12-25 18:49:47','2025-12-25 18:49:47'),(259,188,'ecommerce/digital-product-files/product-53.jpg','{\"filename\":\"product-53.jpg\",\"url\":\"ecommerce\\/digital-product-files\\/product-53.jpg\",\"mime_type\":\"image\\/jpeg\",\"size\":9730,\"modified\":\"2025-12-26 01:49:47\",\"name\":\"product-53\",\"extension\":\"jpg\"}','2025-12-25 18:49:47','2025-12-25 18:49:47'),(260,188,'ecommerce/digital-product-files/product-33.jpg','{\"filename\":\"product-33.jpg\",\"url\":\"ecommerce\\/digital-product-files\\/product-33.jpg\",\"mime_type\":\"image\\/jpeg\",\"size\":9730,\"modified\":\"2025-12-26 01:49:47\",\"name\":\"product-33\",\"extension\":\"jpg\"}','2025-12-25 18:49:47','2025-12-25 18:49:47'),(261,188,'ecommerce/digital-product-files/product-84.jpg','{\"filename\":\"product-84.jpg\",\"url\":\"ecommerce\\/digital-product-files\\/product-84.jpg\",\"mime_type\":\"image\\/jpeg\",\"size\":9730,\"modified\":\"2025-12-26 01:49:47\",\"name\":\"product-84\",\"extension\":\"jpg\"}','2025-12-25 18:49:47','2025-12-25 18:49:47'),(262,194,'ecommerce/digital-product-files/product-51.jpg','{\"filename\":\"product-51.jpg\",\"url\":\"ecommerce\\/digital-product-files\\/product-51.jpg\",\"mime_type\":\"image\\/jpeg\",\"size\":9730,\"modified\":\"2025-12-26 01:49:47\",\"name\":\"product-51\",\"extension\":\"jpg\"}','2025-12-25 18:49:47','2025-12-25 18:49:47'),(263,194,'ecommerce/digital-product-files/product-89.jpg','{\"filename\":\"product-89.jpg\",\"url\":\"ecommerce\\/digital-product-files\\/product-89.jpg\",\"mime_type\":\"image\\/jpeg\",\"size\":9730,\"modified\":\"2025-12-26 01:49:47\",\"name\":\"product-89\",\"extension\":\"jpg\"}','2025-12-25 18:49:47','2025-12-25 18:49:47'),(264,194,'ecommerce/digital-product-files/product-29.jpg','{\"filename\":\"product-29.jpg\",\"url\":\"ecommerce\\/digital-product-files\\/product-29.jpg\",\"mime_type\":\"image\\/jpeg\",\"size\":9730,\"modified\":\"2025-12-26 01:49:47\",\"name\":\"product-29\",\"extension\":\"jpg\"}','2025-12-25 18:49:47','2025-12-25 18:49:47'),(265,194,'ecommerce/digital-product-files/product-87.jpg','{\"filename\":\"product-87.jpg\",\"url\":\"ecommerce\\/digital-product-files\\/product-87.jpg\",\"mime_type\":\"image\\/jpeg\",\"size\":9730,\"modified\":\"2025-12-26 01:49:47\",\"name\":\"product-87\",\"extension\":\"jpg\"}','2025-12-25 18:49:47','2025-12-25 18:49:47'),(266,194,'ecommerce/digital-product-files/product-73.jpg','{\"filename\":\"product-73.jpg\",\"url\":\"ecommerce\\/digital-product-files\\/product-73.jpg\",\"mime_type\":\"image\\/jpeg\",\"size\":9730,\"modified\":\"2025-12-26 01:49:47\",\"name\":\"product-73\",\"extension\":\"jpg\"}','2025-12-25 18:49:47','2025-12-25 18:49:47'),(267,194,'ecommerce/digital-product-files/product-6.jpg','{\"filename\":\"product-6.jpg\",\"url\":\"ecommerce\\/digital-product-files\\/product-6.jpg\",\"mime_type\":\"image\\/jpeg\",\"size\":9730,\"modified\":\"2025-12-26 01:49:47\",\"name\":\"product-6\",\"extension\":\"jpg\"}','2025-12-25 18:49:47','2025-12-25 18:49:47'),(268,194,'ecommerce/digital-product-files/product-75.jpg','{\"filename\":\"product-75.jpg\",\"url\":\"ecommerce\\/digital-product-files\\/product-75.jpg\",\"mime_type\":\"image\\/jpeg\",\"size\":9730,\"modified\":\"2025-12-26 01:49:47\",\"name\":\"product-75\",\"extension\":\"jpg\"}','2025-12-25 18:49:47','2025-12-25 18:49:47'),(269,195,'ecommerce/digital-product-files/product-51.jpg','{\"filename\":\"product-51.jpg\",\"url\":\"ecommerce\\/digital-product-files\\/product-51.jpg\",\"mime_type\":\"image\\/jpeg\",\"size\":9730,\"modified\":\"2025-12-26 01:49:48\",\"name\":\"product-51\",\"extension\":\"jpg\"}','2025-12-25 18:49:48','2025-12-25 18:49:48'),(270,195,'ecommerce/digital-product-files/product-89.jpg','{\"filename\":\"product-89.jpg\",\"url\":\"ecommerce\\/digital-product-files\\/product-89.jpg\",\"mime_type\":\"image\\/jpeg\",\"size\":9730,\"modified\":\"2025-12-26 01:49:48\",\"name\":\"product-89\",\"extension\":\"jpg\"}','2025-12-25 18:49:48','2025-12-25 18:49:48'),(271,195,'ecommerce/digital-product-files/product-29.jpg','{\"filename\":\"product-29.jpg\",\"url\":\"ecommerce\\/digital-product-files\\/product-29.jpg\",\"mime_type\":\"image\\/jpeg\",\"size\":9730,\"modified\":\"2025-12-26 01:49:48\",\"name\":\"product-29\",\"extension\":\"jpg\"}','2025-12-25 18:49:48','2025-12-25 18:49:48'),(272,195,'ecommerce/digital-product-files/product-87.jpg','{\"filename\":\"product-87.jpg\",\"url\":\"ecommerce\\/digital-product-files\\/product-87.jpg\",\"mime_type\":\"image\\/jpeg\",\"size\":9730,\"modified\":\"2025-12-26 01:49:48\",\"name\":\"product-87\",\"extension\":\"jpg\"}','2025-12-25 18:49:48','2025-12-25 18:49:48'),(273,195,'ecommerce/digital-product-files/product-73.jpg','{\"filename\":\"product-73.jpg\",\"url\":\"ecommerce\\/digital-product-files\\/product-73.jpg\",\"mime_type\":\"image\\/jpeg\",\"size\":9730,\"modified\":\"2025-12-26 01:49:48\",\"name\":\"product-73\",\"extension\":\"jpg\"}','2025-12-25 18:49:48','2025-12-25 18:49:48'),(274,195,'ecommerce/digital-product-files/product-6.jpg','{\"filename\":\"product-6.jpg\",\"url\":\"ecommerce\\/digital-product-files\\/product-6.jpg\",\"mime_type\":\"image\\/jpeg\",\"size\":9730,\"modified\":\"2025-12-26 01:49:48\",\"name\":\"product-6\",\"extension\":\"jpg\"}','2025-12-25 18:49:48','2025-12-25 18:49:48'),(275,195,'ecommerce/digital-product-files/product-75.jpg','{\"filename\":\"product-75.jpg\",\"url\":\"ecommerce\\/digital-product-files\\/product-75.jpg\",\"mime_type\":\"image\\/jpeg\",\"size\":9730,\"modified\":\"2025-12-26 01:49:48\",\"name\":\"product-75\",\"extension\":\"jpg\"}','2025-12-25 18:49:48','2025-12-25 18:49:48'),(276,196,'ecommerce/digital-product-files/product-51.jpg','{\"filename\":\"product-51.jpg\",\"url\":\"ecommerce\\/digital-product-files\\/product-51.jpg\",\"mime_type\":\"image\\/jpeg\",\"size\":9730,\"modified\":\"2025-12-26 01:49:48\",\"name\":\"product-51\",\"extension\":\"jpg\"}','2025-12-25 18:49:48','2025-12-25 18:49:48'),(277,196,'ecommerce/digital-product-files/product-89.jpg','{\"filename\":\"product-89.jpg\",\"url\":\"ecommerce\\/digital-product-files\\/product-89.jpg\",\"mime_type\":\"image\\/jpeg\",\"size\":9730,\"modified\":\"2025-12-26 01:49:48\",\"name\":\"product-89\",\"extension\":\"jpg\"}','2025-12-25 18:49:48','2025-12-25 18:49:48'),(278,196,'ecommerce/digital-product-files/product-29.jpg','{\"filename\":\"product-29.jpg\",\"url\":\"ecommerce\\/digital-product-files\\/product-29.jpg\",\"mime_type\":\"image\\/jpeg\",\"size\":9730,\"modified\":\"2025-12-26 01:49:48\",\"name\":\"product-29\",\"extension\":\"jpg\"}','2025-12-25 18:49:48','2025-12-25 18:49:48'),(279,196,'ecommerce/digital-product-files/product-87.jpg','{\"filename\":\"product-87.jpg\",\"url\":\"ecommerce\\/digital-product-files\\/product-87.jpg\",\"mime_type\":\"image\\/jpeg\",\"size\":9730,\"modified\":\"2025-12-26 01:49:48\",\"name\":\"product-87\",\"extension\":\"jpg\"}','2025-12-25 18:49:48','2025-12-25 18:49:48'),(280,196,'ecommerce/digital-product-files/product-73.jpg','{\"filename\":\"product-73.jpg\",\"url\":\"ecommerce\\/digital-product-files\\/product-73.jpg\",\"mime_type\":\"image\\/jpeg\",\"size\":9730,\"modified\":\"2025-12-26 01:49:48\",\"name\":\"product-73\",\"extension\":\"jpg\"}','2025-12-25 18:49:48','2025-12-25 18:49:48'),(281,196,'ecommerce/digital-product-files/product-6.jpg','{\"filename\":\"product-6.jpg\",\"url\":\"ecommerce\\/digital-product-files\\/product-6.jpg\",\"mime_type\":\"image\\/jpeg\",\"size\":9730,\"modified\":\"2025-12-26 01:49:48\",\"name\":\"product-6\",\"extension\":\"jpg\"}','2025-12-25 18:49:48','2025-12-25 18:49:48'),(282,196,'ecommerce/digital-product-files/product-75.jpg','{\"filename\":\"product-75.jpg\",\"url\":\"ecommerce\\/digital-product-files\\/product-75.jpg\",\"mime_type\":\"image\\/jpeg\",\"size\":9730,\"modified\":\"2025-12-26 01:49:48\",\"name\":\"product-75\",\"extension\":\"jpg\"}','2025-12-25 18:49:48','2025-12-25 18:49:48'),(283,204,'ecommerce/digital-product-files/product-2.jpg','{\"filename\":\"product-2.jpg\",\"url\":\"ecommerce\\/digital-product-files\\/product-2.jpg\",\"mime_type\":\"image\\/jpeg\",\"size\":9730,\"modified\":\"2025-12-26 01:49:48\",\"name\":\"product-2\",\"extension\":\"jpg\"}','2025-12-25 18:49:48','2025-12-25 18:49:48'),(284,204,'ecommerce/digital-product-files/product-46.jpg','{\"filename\":\"product-46.jpg\",\"url\":\"ecommerce\\/digital-product-files\\/product-46.jpg\",\"mime_type\":\"image\\/jpeg\",\"size\":9730,\"modified\":\"2025-12-26 01:49:48\",\"name\":\"product-46\",\"extension\":\"jpg\"}','2025-12-25 18:49:48','2025-12-25 18:49:48'),(285,204,'ecommerce/digital-product-files/product-43.jpg','{\"filename\":\"product-43.jpg\",\"url\":\"ecommerce\\/digital-product-files\\/product-43.jpg\",\"mime_type\":\"image\\/jpeg\",\"size\":9730,\"modified\":\"2025-12-26 01:49:48\",\"name\":\"product-43\",\"extension\":\"jpg\"}','2025-12-25 18:49:48','2025-12-25 18:49:48'),(286,204,'ecommerce/digital-product-files/product-42.jpg','{\"filename\":\"product-42.jpg\",\"url\":\"ecommerce\\/digital-product-files\\/product-42.jpg\",\"mime_type\":\"image\\/jpeg\",\"size\":9730,\"modified\":\"2025-12-26 01:49:48\",\"name\":\"product-42\",\"extension\":\"jpg\"}','2025-12-25 18:49:48','2025-12-25 18:49:48'),(287,204,'ecommerce/digital-product-files/product-3.jpg','{\"filename\":\"product-3.jpg\",\"url\":\"ecommerce\\/digital-product-files\\/product-3.jpg\",\"mime_type\":\"image\\/jpeg\",\"size\":9730,\"modified\":\"2025-12-26 01:49:48\",\"name\":\"product-3\",\"extension\":\"jpg\"}','2025-12-25 18:49:48','2025-12-25 18:49:48'),(288,204,'ecommerce/digital-product-files/product-7.jpg','{\"filename\":\"product-7.jpg\",\"url\":\"ecommerce\\/digital-product-files\\/product-7.jpg\",\"mime_type\":\"image\\/jpeg\",\"size\":9730,\"modified\":\"2025-12-26 01:49:48\",\"name\":\"product-7\",\"extension\":\"jpg\"}','2025-12-25 18:49:48','2025-12-25 18:49:48'),(289,204,'ecommerce/digital-product-files/product-45.jpg','{\"filename\":\"product-45.jpg\",\"url\":\"ecommerce\\/digital-product-files\\/product-45.jpg\",\"mime_type\":\"image\\/jpeg\",\"size\":9730,\"modified\":\"2025-12-26 01:49:48\",\"name\":\"product-45\",\"extension\":\"jpg\"}','2025-12-25 18:49:48','2025-12-25 18:49:48'),(290,204,'ecommerce/digital-product-files/product-6.jpg','{\"filename\":\"product-6.jpg\",\"url\":\"ecommerce\\/digital-product-files\\/product-6.jpg\",\"mime_type\":\"image\\/jpeg\",\"size\":9730,\"modified\":\"2025-12-26 01:49:48\",\"name\":\"product-6\",\"extension\":\"jpg\"}','2025-12-25 18:49:48','2025-12-25 18:49:48'),(291,205,'ecommerce/digital-product-files/product-2.jpg','{\"filename\":\"product-2.jpg\",\"url\":\"ecommerce\\/digital-product-files\\/product-2.jpg\",\"mime_type\":\"image\\/jpeg\",\"size\":9730,\"modified\":\"2025-12-26 01:49:48\",\"name\":\"product-2\",\"extension\":\"jpg\"}','2025-12-25 18:49:48','2025-12-25 18:49:48'),(292,205,'ecommerce/digital-product-files/product-46.jpg','{\"filename\":\"product-46.jpg\",\"url\":\"ecommerce\\/digital-product-files\\/product-46.jpg\",\"mime_type\":\"image\\/jpeg\",\"size\":9730,\"modified\":\"2025-12-26 01:49:48\",\"name\":\"product-46\",\"extension\":\"jpg\"}','2025-12-25 18:49:48','2025-12-25 18:49:48'),(293,205,'ecommerce/digital-product-files/product-43.jpg','{\"filename\":\"product-43.jpg\",\"url\":\"ecommerce\\/digital-product-files\\/product-43.jpg\",\"mime_type\":\"image\\/jpeg\",\"size\":9730,\"modified\":\"2025-12-26 01:49:48\",\"name\":\"product-43\",\"extension\":\"jpg\"}','2025-12-25 18:49:48','2025-12-25 18:49:48'),(294,205,'ecommerce/digital-product-files/product-42.jpg','{\"filename\":\"product-42.jpg\",\"url\":\"ecommerce\\/digital-product-files\\/product-42.jpg\",\"mime_type\":\"image\\/jpeg\",\"size\":9730,\"modified\":\"2025-12-26 01:49:48\",\"name\":\"product-42\",\"extension\":\"jpg\"}','2025-12-25 18:49:48','2025-12-25 18:49:48'),(295,205,'ecommerce/digital-product-files/product-3.jpg','{\"filename\":\"product-3.jpg\",\"url\":\"ecommerce\\/digital-product-files\\/product-3.jpg\",\"mime_type\":\"image\\/jpeg\",\"size\":9730,\"modified\":\"2025-12-26 01:49:48\",\"name\":\"product-3\",\"extension\":\"jpg\"}','2025-12-25 18:49:48','2025-12-25 18:49:48'),(296,205,'ecommerce/digital-product-files/product-7.jpg','{\"filename\":\"product-7.jpg\",\"url\":\"ecommerce\\/digital-product-files\\/product-7.jpg\",\"mime_type\":\"image\\/jpeg\",\"size\":9730,\"modified\":\"2025-12-26 01:49:48\",\"name\":\"product-7\",\"extension\":\"jpg\"}','2025-12-25 18:49:48','2025-12-25 18:49:48'),(297,205,'ecommerce/digital-product-files/product-45.jpg','{\"filename\":\"product-45.jpg\",\"url\":\"ecommerce\\/digital-product-files\\/product-45.jpg\",\"mime_type\":\"image\\/jpeg\",\"size\":9730,\"modified\":\"2025-12-26 01:49:48\",\"name\":\"product-45\",\"extension\":\"jpg\"}','2025-12-25 18:49:48','2025-12-25 18:49:48'),(298,205,'ecommerce/digital-product-files/product-6.jpg','{\"filename\":\"product-6.jpg\",\"url\":\"ecommerce\\/digital-product-files\\/product-6.jpg\",\"mime_type\":\"image\\/jpeg\",\"size\":9730,\"modified\":\"2025-12-26 01:49:48\",\"name\":\"product-6\",\"extension\":\"jpg\"}','2025-12-25 18:49:48','2025-12-25 18:49:48'),(299,206,'ecommerce/digital-product-files/product-2.jpg','{\"filename\":\"product-2.jpg\",\"url\":\"ecommerce\\/digital-product-files\\/product-2.jpg\",\"mime_type\":\"image\\/jpeg\",\"size\":9730,\"modified\":\"2025-12-26 01:49:48\",\"name\":\"product-2\",\"extension\":\"jpg\"}','2025-12-25 18:49:48','2025-12-25 18:49:48'),(300,206,'ecommerce/digital-product-files/product-46.jpg','{\"filename\":\"product-46.jpg\",\"url\":\"ecommerce\\/digital-product-files\\/product-46.jpg\",\"mime_type\":\"image\\/jpeg\",\"size\":9730,\"modified\":\"2025-12-26 01:49:48\",\"name\":\"product-46\",\"extension\":\"jpg\"}','2025-12-25 18:49:48','2025-12-25 18:49:48'),(301,206,'ecommerce/digital-product-files/product-43.jpg','{\"filename\":\"product-43.jpg\",\"url\":\"ecommerce\\/digital-product-files\\/product-43.jpg\",\"mime_type\":\"image\\/jpeg\",\"size\":9730,\"modified\":\"2025-12-26 01:49:48\",\"name\":\"product-43\",\"extension\":\"jpg\"}','2025-12-25 18:49:48','2025-12-25 18:49:48'),(302,206,'ecommerce/digital-product-files/product-42.jpg','{\"filename\":\"product-42.jpg\",\"url\":\"ecommerce\\/digital-product-files\\/product-42.jpg\",\"mime_type\":\"image\\/jpeg\",\"size\":9730,\"modified\":\"2025-12-26 01:49:48\",\"name\":\"product-42\",\"extension\":\"jpg\"}','2025-12-25 18:49:48','2025-12-25 18:49:48'),(303,206,'ecommerce/digital-product-files/product-3.jpg','{\"filename\":\"product-3.jpg\",\"url\":\"ecommerce\\/digital-product-files\\/product-3.jpg\",\"mime_type\":\"image\\/jpeg\",\"size\":9730,\"modified\":\"2025-12-26 01:49:48\",\"name\":\"product-3\",\"extension\":\"jpg\"}','2025-12-25 18:49:48','2025-12-25 18:49:48'),(304,206,'ecommerce/digital-product-files/product-7.jpg','{\"filename\":\"product-7.jpg\",\"url\":\"ecommerce\\/digital-product-files\\/product-7.jpg\",\"mime_type\":\"image\\/jpeg\",\"size\":9730,\"modified\":\"2025-12-26 01:49:48\",\"name\":\"product-7\",\"extension\":\"jpg\"}','2025-12-25 18:49:48','2025-12-25 18:49:48'),(305,206,'ecommerce/digital-product-files/product-45.jpg','{\"filename\":\"product-45.jpg\",\"url\":\"ecommerce\\/digital-product-files\\/product-45.jpg\",\"mime_type\":\"image\\/jpeg\",\"size\":9730,\"modified\":\"2025-12-26 01:49:48\",\"name\":\"product-45\",\"extension\":\"jpg\"}','2025-12-25 18:49:48','2025-12-25 18:49:48'),(306,206,'ecommerce/digital-product-files/product-6.jpg','{\"filename\":\"product-6.jpg\",\"url\":\"ecommerce\\/digital-product-files\\/product-6.jpg\",\"mime_type\":\"image\\/jpeg\",\"size\":9730,\"modified\":\"2025-12-26 01:49:48\",\"name\":\"product-6\",\"extension\":\"jpg\"}','2025-12-25 18:49:48','2025-12-25 18:49:48'),(307,214,'ecommerce/digital-product-files/product-55.jpg','{\"filename\":\"product-55.jpg\",\"url\":\"ecommerce\\/digital-product-files\\/product-55.jpg\",\"mime_type\":\"image\\/jpeg\",\"size\":9730,\"modified\":\"2025-12-26 01:49:48\",\"name\":\"product-55\",\"extension\":\"jpg\"}','2025-12-25 18:49:48','2025-12-25 18:49:48'),(308,214,'ecommerce/digital-product-files/product-74.jpg','{\"filename\":\"product-74.jpg\",\"url\":\"ecommerce\\/digital-product-files\\/product-74.jpg\",\"mime_type\":\"image\\/jpeg\",\"size\":9730,\"modified\":\"2025-12-26 01:49:48\",\"name\":\"product-74\",\"extension\":\"jpg\"}','2025-12-25 18:49:48','2025-12-25 18:49:48'),(309,214,'ecommerce/digital-product-files/product-80.jpg','{\"filename\":\"product-80.jpg\",\"url\":\"ecommerce\\/digital-product-files\\/product-80.jpg\",\"mime_type\":\"image\\/jpeg\",\"size\":9730,\"modified\":\"2025-12-26 01:49:48\",\"name\":\"product-80\",\"extension\":\"jpg\"}','2025-12-25 18:49:48','2025-12-25 18:49:48'),(310,214,'ecommerce/digital-product-files/product-39.jpg','{\"filename\":\"product-39.jpg\",\"url\":\"ecommerce\\/digital-product-files\\/product-39.jpg\",\"mime_type\":\"image\\/jpeg\",\"size\":9730,\"modified\":\"2025-12-26 01:49:48\",\"name\":\"product-39\",\"extension\":\"jpg\"}','2025-12-25 18:49:48','2025-12-25 18:49:48'),(311,214,'ecommerce/digital-product-files/product-25.jpg','{\"filename\":\"product-25.jpg\",\"url\":\"ecommerce\\/digital-product-files\\/product-25.jpg\",\"mime_type\":\"image\\/jpeg\",\"size\":9730,\"modified\":\"2025-12-26 01:49:48\",\"name\":\"product-25\",\"extension\":\"jpg\"}','2025-12-25 18:49:48','2025-12-25 18:49:48'),(312,214,'ecommerce/digital-product-files/product-49.jpg','{\"filename\":\"product-49.jpg\",\"url\":\"ecommerce\\/digital-product-files\\/product-49.jpg\",\"mime_type\":\"image\\/jpeg\",\"size\":9730,\"modified\":\"2025-12-26 01:49:48\",\"name\":\"product-49\",\"extension\":\"jpg\"}','2025-12-25 18:49:48','2025-12-25 18:49:48'),(313,214,'ecommerce/digital-product-files/product-9.jpg','{\"filename\":\"product-9.jpg\",\"url\":\"ecommerce\\/digital-product-files\\/product-9.jpg\",\"mime_type\":\"image\\/jpeg\",\"size\":9730,\"modified\":\"2025-12-26 01:49:48\",\"name\":\"product-9\",\"extension\":\"jpg\"}','2025-12-25 18:49:48','2025-12-25 18:49:48'),(314,214,'ecommerce/digital-product-files/product-28.jpg','{\"filename\":\"product-28.jpg\",\"url\":\"ecommerce\\/digital-product-files\\/product-28.jpg\",\"mime_type\":\"image\\/jpeg\",\"size\":9730,\"modified\":\"2025-12-26 01:49:48\",\"name\":\"product-28\",\"extension\":\"jpg\"}','2025-12-25 18:49:48','2025-12-25 18:49:48'),(315,223,'ecommerce/digital-product-files/product-13.jpg','{\"filename\":\"product-13.jpg\",\"url\":\"ecommerce\\/digital-product-files\\/product-13.jpg\",\"mime_type\":\"image\\/jpeg\",\"size\":9730,\"modified\":\"2025-12-26 01:49:49\",\"name\":\"product-13\",\"extension\":\"jpg\"}','2025-12-25 18:49:49','2025-12-25 18:49:49'),(316,223,'ecommerce/digital-product-files/product-68.jpg','{\"filename\":\"product-68.jpg\",\"url\":\"ecommerce\\/digital-product-files\\/product-68.jpg\",\"mime_type\":\"image\\/jpeg\",\"size\":9730,\"modified\":\"2025-12-26 01:49:49\",\"name\":\"product-68\",\"extension\":\"jpg\"}','2025-12-25 18:49:49','2025-12-25 18:49:49'),(317,223,'ecommerce/digital-product-files/product-11.jpg','{\"filename\":\"product-11.jpg\",\"url\":\"ecommerce\\/digital-product-files\\/product-11.jpg\",\"mime_type\":\"image\\/jpeg\",\"size\":9730,\"modified\":\"2025-12-26 01:49:49\",\"name\":\"product-11\",\"extension\":\"jpg\"}','2025-12-25 18:49:49','2025-12-25 18:49:49'),(318,223,'ecommerce/digital-product-files/product-33.jpg','{\"filename\":\"product-33.jpg\",\"url\":\"ecommerce\\/digital-product-files\\/product-33.jpg\",\"mime_type\":\"image\\/jpeg\",\"size\":9730,\"modified\":\"2025-12-26 01:49:49\",\"name\":\"product-33\",\"extension\":\"jpg\"}','2025-12-25 18:49:49','2025-12-25 18:49:49'),(319,223,'ecommerce/digital-product-files/product-16.jpg','{\"filename\":\"product-16.jpg\",\"url\":\"ecommerce\\/digital-product-files\\/product-16.jpg\",\"mime_type\":\"image\\/jpeg\",\"size\":9730,\"modified\":\"2025-12-26 01:49:49\",\"name\":\"product-16\",\"extension\":\"jpg\"}','2025-12-25 18:49:49','2025-12-25 18:49:49'),(320,224,'ecommerce/digital-product-files/product-13.jpg','{\"filename\":\"product-13.jpg\",\"url\":\"ecommerce\\/digital-product-files\\/product-13.jpg\",\"mime_type\":\"image\\/jpeg\",\"size\":9730,\"modified\":\"2025-12-26 01:49:49\",\"name\":\"product-13\",\"extension\":\"jpg\"}','2025-12-25 18:49:49','2025-12-25 18:49:49'),(321,224,'ecommerce/digital-product-files/product-68.jpg','{\"filename\":\"product-68.jpg\",\"url\":\"ecommerce\\/digital-product-files\\/product-68.jpg\",\"mime_type\":\"image\\/jpeg\",\"size\":9730,\"modified\":\"2025-12-26 01:49:49\",\"name\":\"product-68\",\"extension\":\"jpg\"}','2025-12-25 18:49:49','2025-12-25 18:49:49'),(322,224,'ecommerce/digital-product-files/product-11.jpg','{\"filename\":\"product-11.jpg\",\"url\":\"ecommerce\\/digital-product-files\\/product-11.jpg\",\"mime_type\":\"image\\/jpeg\",\"size\":9730,\"modified\":\"2025-12-26 01:49:49\",\"name\":\"product-11\",\"extension\":\"jpg\"}','2025-12-25 18:49:49','2025-12-25 18:49:49'),(323,224,'ecommerce/digital-product-files/product-33.jpg','{\"filename\":\"product-33.jpg\",\"url\":\"ecommerce\\/digital-product-files\\/product-33.jpg\",\"mime_type\":\"image\\/jpeg\",\"size\":9730,\"modified\":\"2025-12-26 01:49:49\",\"name\":\"product-33\",\"extension\":\"jpg\"}','2025-12-25 18:49:49','2025-12-25 18:49:49'),(324,224,'ecommerce/digital-product-files/product-16.jpg','{\"filename\":\"product-16.jpg\",\"url\":\"ecommerce\\/digital-product-files\\/product-16.jpg\",\"mime_type\":\"image\\/jpeg\",\"size\":9730,\"modified\":\"2025-12-26 01:49:49\",\"name\":\"product-16\",\"extension\":\"jpg\"}','2025-12-25 18:49:49','2025-12-25 18:49:49'),(325,225,'ecommerce/digital-product-files/product-13.jpg','{\"filename\":\"product-13.jpg\",\"url\":\"ecommerce\\/digital-product-files\\/product-13.jpg\",\"mime_type\":\"image\\/jpeg\",\"size\":9730,\"modified\":\"2025-12-26 01:49:49\",\"name\":\"product-13\",\"extension\":\"jpg\"}','2025-12-25 18:49:49','2025-12-25 18:49:49'),(326,225,'ecommerce/digital-product-files/product-68.jpg','{\"filename\":\"product-68.jpg\",\"url\":\"ecommerce\\/digital-product-files\\/product-68.jpg\",\"mime_type\":\"image\\/jpeg\",\"size\":9730,\"modified\":\"2025-12-26 01:49:49\",\"name\":\"product-68\",\"extension\":\"jpg\"}','2025-12-25 18:49:49','2025-12-25 18:49:49'),(327,225,'ecommerce/digital-product-files/product-11.jpg','{\"filename\":\"product-11.jpg\",\"url\":\"ecommerce\\/digital-product-files\\/product-11.jpg\",\"mime_type\":\"image\\/jpeg\",\"size\":9730,\"modified\":\"2025-12-26 01:49:49\",\"name\":\"product-11\",\"extension\":\"jpg\"}','2025-12-25 18:49:49','2025-12-25 18:49:49'),(328,225,'ecommerce/digital-product-files/product-33.jpg','{\"filename\":\"product-33.jpg\",\"url\":\"ecommerce\\/digital-product-files\\/product-33.jpg\",\"mime_type\":\"image\\/jpeg\",\"size\":9730,\"modified\":\"2025-12-26 01:49:49\",\"name\":\"product-33\",\"extension\":\"jpg\"}','2025-12-25 18:49:49','2025-12-25 18:49:49'),(329,225,'ecommerce/digital-product-files/product-16.jpg','{\"filename\":\"product-16.jpg\",\"url\":\"ecommerce\\/digital-product-files\\/product-16.jpg\",\"mime_type\":\"image\\/jpeg\",\"size\":9730,\"modified\":\"2025-12-26 01:49:49\",\"name\":\"product-16\",\"extension\":\"jpg\"}','2025-12-25 18:49:49','2025-12-25 18:49:49'),(330,234,'ecommerce/digital-product-files/product-9.jpg','{\"filename\":\"product-9.jpg\",\"url\":\"ecommerce\\/digital-product-files\\/product-9.jpg\",\"mime_type\":\"image\\/jpeg\",\"size\":9730,\"modified\":\"2025-12-26 01:49:49\",\"name\":\"product-9\",\"extension\":\"jpg\"}','2025-12-25 18:49:49','2025-12-25 18:49:49'),(331,234,'ecommerce/digital-product-files/product-2.jpg','{\"filename\":\"product-2.jpg\",\"url\":\"ecommerce\\/digital-product-files\\/product-2.jpg\",\"mime_type\":\"image\\/jpeg\",\"size\":9730,\"modified\":\"2025-12-26 01:49:49\",\"name\":\"product-2\",\"extension\":\"jpg\"}','2025-12-25 18:49:49','2025-12-25 18:49:49'),(332,234,'ecommerce/digital-product-files/product-88.jpg','{\"filename\":\"product-88.jpg\",\"url\":\"ecommerce\\/digital-product-files\\/product-88.jpg\",\"mime_type\":\"image\\/jpeg\",\"size\":9730,\"modified\":\"2025-12-26 01:49:49\",\"name\":\"product-88\",\"extension\":\"jpg\"}','2025-12-25 18:49:49','2025-12-25 18:49:49'),(333,234,'ecommerce/digital-product-files/product-71.jpg','{\"filename\":\"product-71.jpg\",\"url\":\"ecommerce\\/digital-product-files\\/product-71.jpg\",\"mime_type\":\"image\\/jpeg\",\"size\":9730,\"modified\":\"2025-12-26 01:49:49\",\"name\":\"product-71\",\"extension\":\"jpg\"}','2025-12-25 18:49:49','2025-12-25 18:49:49'),(334,234,'ecommerce/digital-product-files/product-19.jpg','{\"filename\":\"product-19.jpg\",\"url\":\"ecommerce\\/digital-product-files\\/product-19.jpg\",\"mime_type\":\"image\\/jpeg\",\"size\":9730,\"modified\":\"2025-12-26 01:49:49\",\"name\":\"product-19\",\"extension\":\"jpg\"}','2025-12-25 18:49:49','2025-12-25 18:49:49'),(335,234,'ecommerce/digital-product-files/product-76.jpg','{\"filename\":\"product-76.jpg\",\"url\":\"ecommerce\\/digital-product-files\\/product-76.jpg\",\"mime_type\":\"image\\/jpeg\",\"size\":9730,\"modified\":\"2025-12-26 01:49:49\",\"name\":\"product-76\",\"extension\":\"jpg\"}','2025-12-25 18:49:49','2025-12-25 18:49:49'),(336,234,'ecommerce/digital-product-files/product-13.jpg','{\"filename\":\"product-13.jpg\",\"url\":\"ecommerce\\/digital-product-files\\/product-13.jpg\",\"mime_type\":\"image\\/jpeg\",\"size\":9730,\"modified\":\"2025-12-26 01:49:49\",\"name\":\"product-13\",\"extension\":\"jpg\"}','2025-12-25 18:49:49','2025-12-25 18:49:49'),(337,234,'ecommerce/digital-product-files/product-65.jpg','{\"filename\":\"product-65.jpg\",\"url\":\"ecommerce\\/digital-product-files\\/product-65.jpg\",\"mime_type\":\"image\\/jpeg\",\"size\":9730,\"modified\":\"2025-12-26 01:49:49\",\"name\":\"product-65\",\"extension\":\"jpg\"}','2025-12-25 18:49:49','2025-12-25 18:49:49'),(338,234,'ecommerce/digital-product-files/product-41.jpg','{\"filename\":\"product-41.jpg\",\"url\":\"ecommerce\\/digital-product-files\\/product-41.jpg\",\"mime_type\":\"image\\/jpeg\",\"size\":9730,\"modified\":\"2025-12-26 01:49:49\",\"name\":\"product-41\",\"extension\":\"jpg\"}','2025-12-25 18:49:49','2025-12-25 18:49:49'),(339,234,'ecommerce/digital-product-files/product-20.jpg','{\"filename\":\"product-20.jpg\",\"url\":\"ecommerce\\/digital-product-files\\/product-20.jpg\",\"mime_type\":\"image\\/jpeg\",\"size\":9730,\"modified\":\"2025-12-26 01:49:49\",\"name\":\"product-20\",\"extension\":\"jpg\"}','2025-12-25 18:49:49','2025-12-25 18:49:49'),(340,235,'ecommerce/digital-product-files/product-9.jpg','{\"filename\":\"product-9.jpg\",\"url\":\"ecommerce\\/digital-product-files\\/product-9.jpg\",\"mime_type\":\"image\\/jpeg\",\"size\":9730,\"modified\":\"2025-12-26 01:49:49\",\"name\":\"product-9\",\"extension\":\"jpg\"}','2025-12-25 18:49:49','2025-12-25 18:49:49'),(341,235,'ecommerce/digital-product-files/product-2.jpg','{\"filename\":\"product-2.jpg\",\"url\":\"ecommerce\\/digital-product-files\\/product-2.jpg\",\"mime_type\":\"image\\/jpeg\",\"size\":9730,\"modified\":\"2025-12-26 01:49:49\",\"name\":\"product-2\",\"extension\":\"jpg\"}','2025-12-25 18:49:49','2025-12-25 18:49:49'),(342,235,'ecommerce/digital-product-files/product-88.jpg','{\"filename\":\"product-88.jpg\",\"url\":\"ecommerce\\/digital-product-files\\/product-88.jpg\",\"mime_type\":\"image\\/jpeg\",\"size\":9730,\"modified\":\"2025-12-26 01:49:49\",\"name\":\"product-88\",\"extension\":\"jpg\"}','2025-12-25 18:49:49','2025-12-25 18:49:49'),(343,235,'ecommerce/digital-product-files/product-71.jpg','{\"filename\":\"product-71.jpg\",\"url\":\"ecommerce\\/digital-product-files\\/product-71.jpg\",\"mime_type\":\"image\\/jpeg\",\"size\":9730,\"modified\":\"2025-12-26 01:49:49\",\"name\":\"product-71\",\"extension\":\"jpg\"}','2025-12-25 18:49:49','2025-12-25 18:49:49'),(344,235,'ecommerce/digital-product-files/product-19.jpg','{\"filename\":\"product-19.jpg\",\"url\":\"ecommerce\\/digital-product-files\\/product-19.jpg\",\"mime_type\":\"image\\/jpeg\",\"size\":9730,\"modified\":\"2025-12-26 01:49:49\",\"name\":\"product-19\",\"extension\":\"jpg\"}','2025-12-25 18:49:49','2025-12-25 18:49:49'),(345,235,'ecommerce/digital-product-files/product-76.jpg','{\"filename\":\"product-76.jpg\",\"url\":\"ecommerce\\/digital-product-files\\/product-76.jpg\",\"mime_type\":\"image\\/jpeg\",\"size\":9730,\"modified\":\"2025-12-26 01:49:49\",\"name\":\"product-76\",\"extension\":\"jpg\"}','2025-12-25 18:49:49','2025-12-25 18:49:49'),(346,235,'ecommerce/digital-product-files/product-13.jpg','{\"filename\":\"product-13.jpg\",\"url\":\"ecommerce\\/digital-product-files\\/product-13.jpg\",\"mime_type\":\"image\\/jpeg\",\"size\":9730,\"modified\":\"2025-12-26 01:49:49\",\"name\":\"product-13\",\"extension\":\"jpg\"}','2025-12-25 18:49:49','2025-12-25 18:49:49'),(347,235,'ecommerce/digital-product-files/product-65.jpg','{\"filename\":\"product-65.jpg\",\"url\":\"ecommerce\\/digital-product-files\\/product-65.jpg\",\"mime_type\":\"image\\/jpeg\",\"size\":9730,\"modified\":\"2025-12-26 01:49:49\",\"name\":\"product-65\",\"extension\":\"jpg\"}','2025-12-25 18:49:49','2025-12-25 18:49:49'),(348,235,'ecommerce/digital-product-files/product-41.jpg','{\"filename\":\"product-41.jpg\",\"url\":\"ecommerce\\/digital-product-files\\/product-41.jpg\",\"mime_type\":\"image\\/jpeg\",\"size\":9730,\"modified\":\"2025-12-26 01:49:49\",\"name\":\"product-41\",\"extension\":\"jpg\"}','2025-12-25 18:49:49','2025-12-25 18:49:49'),(349,235,'ecommerce/digital-product-files/product-20.jpg','{\"filename\":\"product-20.jpg\",\"url\":\"ecommerce\\/digital-product-files\\/product-20.jpg\",\"mime_type\":\"image\\/jpeg\",\"size\":9730,\"modified\":\"2025-12-26 01:49:49\",\"name\":\"product-20\",\"extension\":\"jpg\"}','2025-12-25 18:49:49','2025-12-25 18:49:49'),(350,246,'ecommerce/digital-product-files/product-5.jpg','{\"filename\":\"product-5.jpg\",\"url\":\"ecommerce\\/digital-product-files\\/product-5.jpg\",\"mime_type\":\"image\\/jpeg\",\"size\":9730,\"modified\":\"2025-12-26 01:49:50\",\"name\":\"product-5\",\"extension\":\"jpg\"}','2025-12-25 18:49:50','2025-12-25 18:49:50'),(351,246,'ecommerce/digital-product-files/product-53.jpg','{\"filename\":\"product-53.jpg\",\"url\":\"ecommerce\\/digital-product-files\\/product-53.jpg\",\"mime_type\":\"image\\/jpeg\",\"size\":9730,\"modified\":\"2025-12-26 01:49:50\",\"name\":\"product-53\",\"extension\":\"jpg\"}','2025-12-25 18:49:50','2025-12-25 18:49:50'),(352,246,'ecommerce/digital-product-files/product-54.jpg','{\"filename\":\"product-54.jpg\",\"url\":\"ecommerce\\/digital-product-files\\/product-54.jpg\",\"mime_type\":\"image\\/jpeg\",\"size\":9730,\"modified\":\"2025-12-26 01:49:50\",\"name\":\"product-54\",\"extension\":\"jpg\"}','2025-12-25 18:49:50','2025-12-25 18:49:50'),(353,246,'ecommerce/digital-product-files/product-89.jpg','{\"filename\":\"product-89.jpg\",\"url\":\"ecommerce\\/digital-product-files\\/product-89.jpg\",\"mime_type\":\"image\\/jpeg\",\"size\":9730,\"modified\":\"2025-12-26 01:49:50\",\"name\":\"product-89\",\"extension\":\"jpg\"}','2025-12-25 18:49:50','2025-12-25 18:49:50'),(354,246,'ecommerce/digital-product-files/product-8.jpg','{\"filename\":\"product-8.jpg\",\"url\":\"ecommerce\\/digital-product-files\\/product-8.jpg\",\"mime_type\":\"image\\/jpeg\",\"size\":9730,\"modified\":\"2025-12-26 01:49:50\",\"name\":\"product-8\",\"extension\":\"jpg\"}','2025-12-25 18:49:50','2025-12-25 18:49:50'),(355,247,'ecommerce/digital-product-files/product-5.jpg','{\"filename\":\"product-5.jpg\",\"url\":\"ecommerce\\/digital-product-files\\/product-5.jpg\",\"mime_type\":\"image\\/jpeg\",\"size\":9730,\"modified\":\"2025-12-26 01:49:50\",\"name\":\"product-5\",\"extension\":\"jpg\"}','2025-12-25 18:49:50','2025-12-25 18:49:50'),(356,247,'ecommerce/digital-product-files/product-53.jpg','{\"filename\":\"product-53.jpg\",\"url\":\"ecommerce\\/digital-product-files\\/product-53.jpg\",\"mime_type\":\"image\\/jpeg\",\"size\":9730,\"modified\":\"2025-12-26 01:49:50\",\"name\":\"product-53\",\"extension\":\"jpg\"}','2025-12-25 18:49:50','2025-12-25 18:49:50'),(357,247,'ecommerce/digital-product-files/product-54.jpg','{\"filename\":\"product-54.jpg\",\"url\":\"ecommerce\\/digital-product-files\\/product-54.jpg\",\"mime_type\":\"image\\/jpeg\",\"size\":9730,\"modified\":\"2025-12-26 01:49:50\",\"name\":\"product-54\",\"extension\":\"jpg\"}','2025-12-25 18:49:50','2025-12-25 18:49:50'),(358,247,'ecommerce/digital-product-files/product-89.jpg','{\"filename\":\"product-89.jpg\",\"url\":\"ecommerce\\/digital-product-files\\/product-89.jpg\",\"mime_type\":\"image\\/jpeg\",\"size\":9730,\"modified\":\"2025-12-26 01:49:50\",\"name\":\"product-89\",\"extension\":\"jpg\"}','2025-12-25 18:49:50','2025-12-25 18:49:50'),(359,247,'ecommerce/digital-product-files/product-8.jpg','{\"filename\":\"product-8.jpg\",\"url\":\"ecommerce\\/digital-product-files\\/product-8.jpg\",\"mime_type\":\"image\\/jpeg\",\"size\":9730,\"modified\":\"2025-12-26 01:49:50\",\"name\":\"product-8\",\"extension\":\"jpg\"}','2025-12-25 18:49:50','2025-12-25 18:49:50'),(360,248,'ecommerce/digital-product-files/product-5.jpg','{\"filename\":\"product-5.jpg\",\"url\":\"ecommerce\\/digital-product-files\\/product-5.jpg\",\"mime_type\":\"image\\/jpeg\",\"size\":9730,\"modified\":\"2025-12-26 01:49:50\",\"name\":\"product-5\",\"extension\":\"jpg\"}','2025-12-25 18:49:50','2025-12-25 18:49:50'),(361,248,'ecommerce/digital-product-files/product-53.jpg','{\"filename\":\"product-53.jpg\",\"url\":\"ecommerce\\/digital-product-files\\/product-53.jpg\",\"mime_type\":\"image\\/jpeg\",\"size\":9730,\"modified\":\"2025-12-26 01:49:50\",\"name\":\"product-53\",\"extension\":\"jpg\"}','2025-12-25 18:49:50','2025-12-25 18:49:50'),(362,248,'ecommerce/digital-product-files/product-54.jpg','{\"filename\":\"product-54.jpg\",\"url\":\"ecommerce\\/digital-product-files\\/product-54.jpg\",\"mime_type\":\"image\\/jpeg\",\"size\":9730,\"modified\":\"2025-12-26 01:49:50\",\"name\":\"product-54\",\"extension\":\"jpg\"}','2025-12-25 18:49:50','2025-12-25 18:49:50'),(363,248,'ecommerce/digital-product-files/product-89.jpg','{\"filename\":\"product-89.jpg\",\"url\":\"ecommerce\\/digital-product-files\\/product-89.jpg\",\"mime_type\":\"image\\/jpeg\",\"size\":9730,\"modified\":\"2025-12-26 01:49:50\",\"name\":\"product-89\",\"extension\":\"jpg\"}','2025-12-25 18:49:50','2025-12-25 18:49:50'),(364,248,'ecommerce/digital-product-files/product-8.jpg','{\"filename\":\"product-8.jpg\",\"url\":\"ecommerce\\/digital-product-files\\/product-8.jpg\",\"mime_type\":\"image\\/jpeg\",\"size\":9730,\"modified\":\"2025-12-26 01:49:50\",\"name\":\"product-8\",\"extension\":\"jpg\"}','2025-12-25 18:49:50','2025-12-25 18:49:50'),(365,249,'ecommerce/digital-product-files/product-5.jpg','{\"filename\":\"product-5.jpg\",\"url\":\"ecommerce\\/digital-product-files\\/product-5.jpg\",\"mime_type\":\"image\\/jpeg\",\"size\":9730,\"modified\":\"2025-12-26 01:49:50\",\"name\":\"product-5\",\"extension\":\"jpg\"}','2025-12-25 18:49:50','2025-12-25 18:49:50'),(366,249,'ecommerce/digital-product-files/product-53.jpg','{\"filename\":\"product-53.jpg\",\"url\":\"ecommerce\\/digital-product-files\\/product-53.jpg\",\"mime_type\":\"image\\/jpeg\",\"size\":9730,\"modified\":\"2025-12-26 01:49:50\",\"name\":\"product-53\",\"extension\":\"jpg\"}','2025-12-25 18:49:50','2025-12-25 18:49:50'),(367,249,'ecommerce/digital-product-files/product-54.jpg','{\"filename\":\"product-54.jpg\",\"url\":\"ecommerce\\/digital-product-files\\/product-54.jpg\",\"mime_type\":\"image\\/jpeg\",\"size\":9730,\"modified\":\"2025-12-26 01:49:50\",\"name\":\"product-54\",\"extension\":\"jpg\"}','2025-12-25 18:49:50','2025-12-25 18:49:50'),(368,249,'ecommerce/digital-product-files/product-89.jpg','{\"filename\":\"product-89.jpg\",\"url\":\"ecommerce\\/digital-product-files\\/product-89.jpg\",\"mime_type\":\"image\\/jpeg\",\"size\":9730,\"modified\":\"2025-12-26 01:49:50\",\"name\":\"product-89\",\"extension\":\"jpg\"}','2025-12-25 18:49:50','2025-12-25 18:49:50'),(369,249,'ecommerce/digital-product-files/product-8.jpg','{\"filename\":\"product-8.jpg\",\"url\":\"ecommerce\\/digital-product-files\\/product-8.jpg\",\"mime_type\":\"image\\/jpeg\",\"size\":9730,\"modified\":\"2025-12-26 01:49:50\",\"name\":\"product-8\",\"extension\":\"jpg\"}','2025-12-25 18:49:50','2025-12-25 18:49:50'),(370,256,'ecommerce/digital-product-files/product-2.jpg','{\"filename\":\"product-2.jpg\",\"url\":\"ecommerce\\/digital-product-files\\/product-2.jpg\",\"mime_type\":\"image\\/jpeg\",\"size\":9730,\"modified\":\"2025-12-26 01:49:50\",\"name\":\"product-2\",\"extension\":\"jpg\"}','2025-12-25 18:49:50','2025-12-25 18:49:50'),(371,256,'ecommerce/digital-product-files/product-70.jpg','{\"filename\":\"product-70.jpg\",\"url\":\"ecommerce\\/digital-product-files\\/product-70.jpg\",\"mime_type\":\"image\\/jpeg\",\"size\":9730,\"modified\":\"2025-12-26 01:49:50\",\"name\":\"product-70\",\"extension\":\"jpg\"}','2025-12-25 18:49:50','2025-12-25 18:49:50'),(372,256,'ecommerce/digital-product-files/product-30.jpg','{\"filename\":\"product-30.jpg\",\"url\":\"ecommerce\\/digital-product-files\\/product-30.jpg\",\"mime_type\":\"image\\/jpeg\",\"size\":9730,\"modified\":\"2025-12-26 01:49:50\",\"name\":\"product-30\",\"extension\":\"jpg\"}','2025-12-25 18:49:50','2025-12-25 18:49:50'),(373,256,'ecommerce/digital-product-files/product-7.jpg','{\"filename\":\"product-7.jpg\",\"url\":\"ecommerce\\/digital-product-files\\/product-7.jpg\",\"mime_type\":\"image\\/jpeg\",\"size\":9730,\"modified\":\"2025-12-26 01:49:50\",\"name\":\"product-7\",\"extension\":\"jpg\"}','2025-12-25 18:49:50','2025-12-25 18:49:50'),(374,256,'ecommerce/digital-product-files/product-40.jpg','{\"filename\":\"product-40.jpg\",\"url\":\"ecommerce\\/digital-product-files\\/product-40.jpg\",\"mime_type\":\"image\\/jpeg\",\"size\":9730,\"modified\":\"2025-12-26 01:49:50\",\"name\":\"product-40\",\"extension\":\"jpg\"}','2025-12-25 18:49:50','2025-12-25 18:49:50'),(375,256,'ecommerce/digital-product-files/product-84.jpg','{\"filename\":\"product-84.jpg\",\"url\":\"ecommerce\\/digital-product-files\\/product-84.jpg\",\"mime_type\":\"image\\/jpeg\",\"size\":9730,\"modified\":\"2025-12-26 01:49:50\",\"name\":\"product-84\",\"extension\":\"jpg\"}','2025-12-25 18:49:50','2025-12-25 18:49:50'),(376,257,'ecommerce/digital-product-files/product-2.jpg','{\"filename\":\"product-2.jpg\",\"url\":\"ecommerce\\/digital-product-files\\/product-2.jpg\",\"mime_type\":\"image\\/jpeg\",\"size\":9730,\"modified\":\"2025-12-26 01:49:50\",\"name\":\"product-2\",\"extension\":\"jpg\"}','2025-12-25 18:49:50','2025-12-25 18:49:50'),(377,257,'ecommerce/digital-product-files/product-70.jpg','{\"filename\":\"product-70.jpg\",\"url\":\"ecommerce\\/digital-product-files\\/product-70.jpg\",\"mime_type\":\"image\\/jpeg\",\"size\":9730,\"modified\":\"2025-12-26 01:49:50\",\"name\":\"product-70\",\"extension\":\"jpg\"}','2025-12-25 18:49:50','2025-12-25 18:49:50'),(378,257,'ecommerce/digital-product-files/product-30.jpg','{\"filename\":\"product-30.jpg\",\"url\":\"ecommerce\\/digital-product-files\\/product-30.jpg\",\"mime_type\":\"image\\/jpeg\",\"size\":9730,\"modified\":\"2025-12-26 01:49:50\",\"name\":\"product-30\",\"extension\":\"jpg\"}','2025-12-25 18:49:50','2025-12-25 18:49:50'),(379,257,'ecommerce/digital-product-files/product-7.jpg','{\"filename\":\"product-7.jpg\",\"url\":\"ecommerce\\/digital-product-files\\/product-7.jpg\",\"mime_type\":\"image\\/jpeg\",\"size\":9730,\"modified\":\"2025-12-26 01:49:50\",\"name\":\"product-7\",\"extension\":\"jpg\"}','2025-12-25 18:49:50','2025-12-25 18:49:50'),(380,257,'ecommerce/digital-product-files/product-40.jpg','{\"filename\":\"product-40.jpg\",\"url\":\"ecommerce\\/digital-product-files\\/product-40.jpg\",\"mime_type\":\"image\\/jpeg\",\"size\":9730,\"modified\":\"2025-12-26 01:49:50\",\"name\":\"product-40\",\"extension\":\"jpg\"}','2025-12-25 18:49:50','2025-12-25 18:49:50'),(381,257,'ecommerce/digital-product-files/product-84.jpg','{\"filename\":\"product-84.jpg\",\"url\":\"ecommerce\\/digital-product-files\\/product-84.jpg\",\"mime_type\":\"image\\/jpeg\",\"size\":9730,\"modified\":\"2025-12-26 01:49:50\",\"name\":\"product-84\",\"extension\":\"jpg\"}','2025-12-25 18:49:50','2025-12-25 18:49:50'),(382,258,'ecommerce/digital-product-files/product-2.jpg','{\"filename\":\"product-2.jpg\",\"url\":\"ecommerce\\/digital-product-files\\/product-2.jpg\",\"mime_type\":\"image\\/jpeg\",\"size\":9730,\"modified\":\"2025-12-26 01:49:50\",\"name\":\"product-2\",\"extension\":\"jpg\"}','2025-12-25 18:49:50','2025-12-25 18:49:50'),(383,258,'ecommerce/digital-product-files/product-70.jpg','{\"filename\":\"product-70.jpg\",\"url\":\"ecommerce\\/digital-product-files\\/product-70.jpg\",\"mime_type\":\"image\\/jpeg\",\"size\":9730,\"modified\":\"2025-12-26 01:49:50\",\"name\":\"product-70\",\"extension\":\"jpg\"}','2025-12-25 18:49:50','2025-12-25 18:49:50'),(384,258,'ecommerce/digital-product-files/product-30.jpg','{\"filename\":\"product-30.jpg\",\"url\":\"ecommerce\\/digital-product-files\\/product-30.jpg\",\"mime_type\":\"image\\/jpeg\",\"size\":9730,\"modified\":\"2025-12-26 01:49:50\",\"name\":\"product-30\",\"extension\":\"jpg\"}','2025-12-25 18:49:50','2025-12-25 18:49:50'),(385,258,'ecommerce/digital-product-files/product-7.jpg','{\"filename\":\"product-7.jpg\",\"url\":\"ecommerce\\/digital-product-files\\/product-7.jpg\",\"mime_type\":\"image\\/jpeg\",\"size\":9730,\"modified\":\"2025-12-26 01:49:50\",\"name\":\"product-7\",\"extension\":\"jpg\"}','2025-12-25 18:49:50','2025-12-25 18:49:50'),(386,258,'ecommerce/digital-product-files/product-40.jpg','{\"filename\":\"product-40.jpg\",\"url\":\"ecommerce\\/digital-product-files\\/product-40.jpg\",\"mime_type\":\"image\\/jpeg\",\"size\":9730,\"modified\":\"2025-12-26 01:49:50\",\"name\":\"product-40\",\"extension\":\"jpg\"}','2025-12-25 18:49:50','2025-12-25 18:49:50'),(387,258,'ecommerce/digital-product-files/product-84.jpg','{\"filename\":\"product-84.jpg\",\"url\":\"ecommerce\\/digital-product-files\\/product-84.jpg\",\"mime_type\":\"image\\/jpeg\",\"size\":9730,\"modified\":\"2025-12-26 01:49:50\",\"name\":\"product-84\",\"extension\":\"jpg\"}','2025-12-25 18:49:50','2025-12-25 18:49:50');
/*!40000 ALTER TABLE `ec_product_files` ENABLE KEYS */;
UNLOCK TABLES;

--
-- Table structure for table `ec_product_label_products`
--

DROP TABLE IF EXISTS `ec_product_label_products`;
/*!40101 SET @saved_cs_client     = @@character_set_client */;
/*!50503 SET character_set_client = utf8mb4 */;
CREATE TABLE `ec_product_label_products` (
  `product_label_id` bigint unsigned NOT NULL,
  `product_id` bigint unsigned NOT NULL,
  PRIMARY KEY (`product_label_id`,`product_id`),
  KEY `ec_product_label_products_product_label_id_index` (`product_label_id`),
  KEY `ec_product_label_products_product_id_index` (`product_id`)
) ENGINE=InnoDB DEFAULT CHARSET=utf8mb4 COLLATE=utf8mb4_unicode_ci;
/*!40101 SET character_set_client = @saved_cs_client */;

--
-- Dumping data for table `ec_product_label_products`
--

LOCK TABLES `ec_product_label_products` WRITE;
/*!40000 ALTER TABLE `ec_product_label_products` DISABLE KEYS */;
INSERT INTO `ec_product_label_products` VALUES (1,35),(1,42),(2,21),(3,7),(3,14),(3,28),(3,49),(3,56),(3,63),(3,70);
/*!40000 ALTER TABLE `ec_product_label_products` ENABLE KEYS */;
UNLOCK TABLES;

--
-- Table structure for table `ec_product_labels`
--

DROP TABLE IF EXISTS `ec_product_labels`;
/*!40101 SET @saved_cs_client     = @@character_set_client */;
/*!50503 SET character_set_client = utf8mb4 */;
CREATE TABLE `ec_product_labels` (
  `id` bigint unsigned NOT NULL AUTO_INCREMENT,
  `name` varchar(191) COLLATE utf8mb4_unicode_ci NOT NULL,
  `color` varchar(120) COLLATE utf8mb4_unicode_ci DEFAULT NULL,
  `status` varchar(60) COLLATE utf8mb4_unicode_ci NOT NULL DEFAULT 'published',
  `created_at` timestamp NULL DEFAULT NULL,
  `updated_at` timestamp NULL DEFAULT NULL,
  `text_color` varchar(120) COLLATE utf8mb4_unicode_ci DEFAULT NULL,
  PRIMARY KEY (`id`),
  KEY `ec_product_labels_status_index` (`status`)
) ENGINE=InnoDB AUTO_INCREMENT=4 DEFAULT CHARSET=utf8mb4 COLLATE=utf8mb4_unicode_ci;
/*!40101 SET character_set_client = @saved_cs_client */;

--
-- Dumping data for table `ec_product_labels`
--

LOCK TABLES `ec_product_labels` WRITE;
/*!40000 ALTER TABLE `ec_product_labels` DISABLE KEYS */;
INSERT INTO `ec_product_labels` VALUES (1,'Hot','#d71e2d','published','2025-12-25 18:49:35','2025-12-25 18:49:35','#ffffff'),(2,'New','#02856e','published','2025-12-25 18:49:35','2025-12-25 18:49:35','#ffffff'),(3,'Sale','#fe9931','published','2025-12-25 18:49:35','2025-12-25 18:49:35','#ffffff');
/*!40000 ALTER TABLE `ec_product_labels` ENABLE KEYS */;
UNLOCK TABLES;

--
-- Table structure for table `ec_product_labels_translations`
--

DROP TABLE IF EXISTS `ec_product_labels_translations`;
/*!40101 SET @saved_cs_client     = @@character_set_client */;
/*!50503 SET character_set_client = utf8mb4 */;
CREATE TABLE `ec_product_labels_translations` (
  `lang_code` varchar(191) COLLATE utf8mb4_unicode_ci NOT NULL,
  `ec_product_labels_id` bigint unsigned NOT NULL,
  `name` varchar(191) COLLATE utf8mb4_unicode_ci DEFAULT NULL,
  `description` varchar(400) COLLATE utf8mb4_unicode_ci DEFAULT NULL,
  PRIMARY KEY (`lang_code`,`ec_product_labels_id`),
  KEY `idx_product_labels_fk` (`ec_product_labels_id`),
  KEY `idx_product_labels_product_labels_lang` (`ec_product_labels_id`,`lang_code`)
) ENGINE=InnoDB DEFAULT CHARSET=utf8mb4 COLLATE=utf8mb4_unicode_ci;
/*!40101 SET character_set_client = @saved_cs_client */;

--
-- Dumping data for table `ec_product_labels_translations`
--

LOCK TABLES `ec_product_labels_translations` WRITE;
/*!40000 ALTER TABLE `ec_product_labels_translations` DISABLE KEYS */;
/*!40000 ALTER TABLE `ec_product_labels_translations` ENABLE KEYS */;
UNLOCK TABLES;

--
-- Table structure for table `ec_product_license_codes`
--

DROP TABLE IF EXISTS `ec_product_license_codes`;
/*!40101 SET @saved_cs_client     = @@character_set_client */;
/*!50503 SET character_set_client = utf8mb4 */;
CREATE TABLE `ec_product_license_codes` (
  `id` bigint unsigned NOT NULL AUTO_INCREMENT,
  `product_id` bigint unsigned NOT NULL,
  `license_code` text COLLATE utf8mb4_unicode_ci NOT NULL,
  `status` varchar(60) COLLATE utf8mb4_unicode_ci NOT NULL DEFAULT 'available',
  `assigned_order_product_id` bigint unsigned DEFAULT NULL,
  `assigned_at` timestamp NULL DEFAULT NULL,
  `created_at` timestamp NULL DEFAULT NULL,
  `updated_at` timestamp NULL DEFAULT NULL,
  PRIMARY KEY (`id`),
  KEY `ec_product_license_codes_product_id_status_index` (`product_id`,`status`)
) ENGINE=InnoDB DEFAULT CHARSET=utf8mb4 COLLATE=utf8mb4_unicode_ci;
/*!40101 SET character_set_client = @saved_cs_client */;

--
-- Dumping data for table `ec_product_license_codes`
--

LOCK TABLES `ec_product_license_codes` WRITE;
/*!40000 ALTER TABLE `ec_product_license_codes` DISABLE KEYS */;
/*!40000 ALTER TABLE `ec_product_license_codes` ENABLE KEYS */;
UNLOCK TABLES;

--
-- Table structure for table `ec_product_related_relations`
--

DROP TABLE IF EXISTS `ec_product_related_relations`;
/*!40101 SET @saved_cs_client     = @@character_set_client */;
/*!50503 SET character_set_client = utf8mb4 */;
CREATE TABLE `ec_product_related_relations` (
  `from_product_id` bigint unsigned NOT NULL,
  `to_product_id` bigint unsigned NOT NULL,
  PRIMARY KEY (`from_product_id`,`to_product_id`),
  KEY `ec_product_related_relations_from_product_id_index` (`from_product_id`),
  KEY `ec_product_related_relations_to_product_id_index` (`to_product_id`)
) ENGINE=InnoDB DEFAULT CHARSET=utf8mb4 COLLATE=utf8mb4_unicode_ci;
/*!40101 SET character_set_client = @saved_cs_client */;

--
-- Dumping data for table `ec_product_related_relations`
--

LOCK TABLES `ec_product_related_relations` WRITE;
/*!40000 ALTER TABLE `ec_product_related_relations` DISABLE KEYS */;
/*!40000 ALTER TABLE `ec_product_related_relations` ENABLE KEYS */;
UNLOCK TABLES;

--
-- Table structure for table `ec_product_specification_attribute`
--

DROP TABLE IF EXISTS `ec_product_specification_attribute`;
/*!40101 SET @saved_cs_client     = @@character_set_client */;
/*!50503 SET character_set_client = utf8mb4 */;
CREATE TABLE `ec_product_specification_attribute` (
  `product_id` bigint unsigned NOT NULL,
  `attribute_id` bigint unsigned NOT NULL,
  `value` text COLLATE utf8mb4_unicode_ci,
  `hidden` tinyint(1) NOT NULL DEFAULT '0',
  `order` tinyint NOT NULL DEFAULT '0',
  PRIMARY KEY (`product_id`,`attribute_id`)
) ENGINE=InnoDB DEFAULT CHARSET=utf8mb4 COLLATE=utf8mb4_unicode_ci;
/*!40101 SET character_set_client = @saved_cs_client */;

--
-- Dumping data for table `ec_product_specification_attribute`
--

LOCK TABLES `ec_product_specification_attribute` WRITE;
/*!40000 ALTER TABLE `ec_product_specification_attribute` DISABLE KEYS */;
INSERT INTO `ec_product_specification_attribute` VALUES (1,1,'19.97 cm',0,0),(1,2,'83.17 cm',0,0),(1,3,'51.74 cm',0,0),(1,4,'10.47 cm',0,0),(1,5,'21.69 cm',0,0),(2,1,'63.17 cm',0,0),(2,2,'39.89 cm',0,0),(2,3,'37.38 cm',0,0),(2,4,'34 cm',0,0),(2,5,'85.01 cm',0,0),(3,1,'22.25 cm',0,0),(3,2,'46.16 cm',0,0),(3,3,'83.1 cm',0,0),(3,4,'18.83 cm',0,0),(3,5,'70.98 cm',0,0),(4,6,'87.02 cm',0,0),(4,7,'46.01 cm',0,0),(4,8,'3840x2160',0,0),(5,1,'31.97 cm',0,0),(5,2,'22.86 cm',0,0),(5,3,'31.36 cm',0,0),(5,4,'16.86 cm',0,0),(5,5,'44.38 cm',0,0),(6,6,'49.19 cm',0,0),(6,7,'22.4 cm',0,0),(6,8,'2560x1440',0,0),(7,6,'65.09 cm',0,0),(7,7,'95.7 cm',0,0),(7,8,'1920x1080',0,0),(8,1,'57.76 cm',0,0),(8,2,'96.17 cm',0,0),(8,3,'78.47 cm',0,0),(8,4,'82.23 cm',0,0),(8,5,'72.63 cm',0,0),(9,1,'16.83 cm',0,0),(9,2,'39.79 cm',0,0),(9,3,'44.61 cm',0,0),(9,4,'15.23 cm',0,0),(9,5,'5.65 cm',0,0),(10,6,'25.76 cm',0,0),(10,7,'58.31 cm',0,0),(10,8,'1920x1080',0,0),(11,6,'19.54 cm',0,0),(11,7,'16.28 cm',0,0),(11,8,'2560x1440',0,0),(12,6,'36.4 cm',0,0),(12,7,'86.49 cm',0,0),(12,8,'1920x1080',0,0),(13,6,'7.9 cm',0,0),(13,7,'73.08 cm',0,0),(13,8,'1920x1080',0,0),(14,6,'91.76 cm',0,0),(14,7,'9.27 cm',0,0),(14,8,'3840x2160',0,0),(15,6,'92.1 cm',0,0),(15,7,'18.91 cm',0,0),(15,8,'2560x1440',0,0),(16,6,'47.5 cm',0,0),(16,7,'18.58 cm',0,0),(16,8,'3840x2160',0,0),(17,1,'15.42 cm',0,0),(17,2,'42.05 cm',0,0),(17,3,'1.24 cm',0,0),(17,4,'48.16 cm',0,0),(17,5,'51.58 cm',0,0),(18,1,'87.18 cm',0,0),(18,2,'10.41 cm',0,0),(18,3,'93.3 cm',0,0),(18,4,'92.16 cm',0,0),(18,5,'51.47 cm',0,0),(19,6,'35.44 cm',0,0),(19,7,'38.65 cm',0,0),(19,8,'1920x1080',0,0),(20,6,'79.47 cm',0,0),(20,7,'46.88 cm',0,0),(20,8,'2560x1440',0,0),(21,6,'38.62 cm',0,0),(21,7,'30.3 cm',0,0),(21,8,'1920x1080',0,0),(22,6,'69.76 cm',0,0),(22,7,'75.65 cm',0,0),(22,8,'3840x2160',0,0),(23,6,'92.38 cm',0,0),(23,7,'78.02 cm',0,0),(23,8,'2560x1440',0,0),(24,1,'1.89 cm',0,0),(24,2,'20.62 cm',0,0),(24,3,'29.84 cm',0,0),(24,4,'77.46 cm',0,0),(24,5,'29.02 cm',0,0),(25,1,'41.11 cm',0,0),(25,2,'53.41 cm',0,0),(25,3,'98 cm',0,0),(25,4,'57.92 cm',0,0),(25,5,'94.49 cm',0,0),(26,1,'2.89 cm',0,0),(26,2,'23.47 cm',0,0),(26,3,'76.83 cm',0,0),(26,4,'32.5 cm',0,0),(26,5,'37.24 cm',0,0),(27,6,'14.73 cm',0,0),(27,7,'57.15 cm',0,0),(27,8,'1920x1080',0,0),(28,1,'1.18 cm',0,0),(28,2,'51.29 cm',0,0),(28,3,'98.28 cm',0,0),(28,4,'84.58 cm',0,0),(28,5,'32.78 cm',0,0),(29,1,'30.5 cm',0,0),(29,2,'24.26 cm',0,0),(29,3,'74.73 cm',0,0),(29,4,'50.08 cm',0,0),(29,5,'89.53 cm',0,0),(30,6,'55.41 cm',0,0),(30,7,'70.98 cm',0,0),(30,8,'1920x1080',0,0),(31,1,'16.47 cm',0,0),(31,2,'45.37 cm',0,0),(31,3,'95.13 cm',0,0),(31,4,'47.46 cm',0,0),(31,5,'77.1 cm',0,0),(32,1,'32.41 cm',0,0),(32,2,'71.31 cm',0,0),(32,3,'55.88 cm',0,0),(32,4,'70.58 cm',0,0),(32,5,'35.76 cm',0,0),(33,6,'48.29 cm',0,0),(33,7,'46.29 cm',0,0),(33,8,'1920x1080',0,0),(34,6,'24.63 cm',0,0),(34,7,'76.08 cm',0,0),(34,8,'1920x1080',0,0),(35,1,'26.66 cm',0,0),(35,2,'21.17 cm',0,0),(35,3,'55.3 cm',0,0),(35,4,'12.69 cm',0,0),(35,5,'52.75 cm',0,0),(36,6,'37.26 cm',0,0),(36,7,'56.71 cm',0,0),(36,8,'3840x2160',0,0),(37,6,'14.6 cm',0,0),(37,7,'82.77 cm',0,0),(37,8,'1920x1080',0,0),(38,6,'13.73 cm',0,0),(38,7,'22.26 cm',0,0),(38,8,'3840x2160',0,0),(39,1,'40.89 cm',0,0),(39,2,'12.18 cm',0,0),(39,3,'52.03 cm',0,0),(39,4,'23.01 cm',0,0),(39,5,'56.82 cm',0,0),(40,6,'25.01 cm',0,0),(40,7,'30.46 cm',0,0),(40,8,'1920x1080',0,0),(41,1,'58.03 cm',0,0),(41,2,'10.48 cm',0,0),(41,3,'24.7 cm',0,0),(41,4,'42.48 cm',0,0),(41,5,'30.08 cm',0,0),(42,6,'73.16 cm',0,0),(42,7,'43.71 cm',0,0),(42,8,'1920x1080',0,0),(43,1,'95.05 cm',0,0),(43,2,'46.07 cm',0,0),(43,3,'5.83 cm',0,0),(43,4,'24.41 cm',0,0),(43,5,'85.23 cm',0,0),(44,6,'37.23 cm',0,0),(44,7,'28.65 cm',0,0),(44,8,'1920x1080',0,0),(45,1,'14.73 cm',0,0),(45,2,'5.6 cm',0,0),(45,3,'72.78 cm',0,0),(45,4,'61.33 cm',0,0),(45,5,'94.87 cm',0,0),(46,1,'2.08 cm',0,0),(46,2,'26.63 cm',0,0),(46,3,'78.68 cm',0,0),(46,4,'33.17 cm',0,0),(46,5,'77.52 cm',0,0),(47,6,'21.07 cm',0,0),(47,7,'69.31 cm',0,0),(47,8,'3840x2160',0,0),(48,6,'61.48 cm',0,0),(48,7,'92.8 cm',0,0),(48,8,'2560x1440',0,0),(49,1,'95.42 cm',0,0),(49,2,'81.82 cm',0,0),(49,3,'90.72 cm',0,0),(49,4,'68.65 cm',0,0),(49,5,'15.97 cm',0,0),(50,6,'41 cm',0,0),(50,7,'89.86 cm',0,0),(50,8,'1920x1080',0,0),(51,6,'58.34 cm',0,0),(51,7,'9.81 cm',0,0),(51,8,'2560x1440',0,0),(52,1,'69.07 cm',0,0),(52,2,'3.36 cm',0,0),(52,3,'92.24 cm',0,0),(52,4,'1.45 cm',0,0),(52,5,'91.05 cm',0,0),(53,6,'66.77 cm',0,0),(53,7,'88.9 cm',0,0),(53,8,'1920x1080',0,0),(54,6,'69.02 cm',0,0),(54,7,'59.35 cm',0,0),(54,8,'1920x1080',0,0),(55,6,'73.78 cm',0,0),(55,7,'96.43 cm',0,0),(55,8,'2560x1440',0,0),(56,1,'97.48 cm',0,0),(56,2,'60.66 cm',0,0),(56,3,'41.91 cm',0,0),(56,4,'32.52 cm',0,0),(56,5,'10.25 cm',0,0),(57,6,'36.25 cm',0,0),(57,7,'29.74 cm',0,0),(57,8,'1920x1080',0,0),(58,1,'1.71 cm',0,0),(58,2,'23.35 cm',0,0),(58,3,'43.13 cm',0,0),(58,4,'50.39 cm',0,0),(58,5,'54.71 cm',0,0),(59,1,'94.34 cm',0,0),(59,2,'60.15 cm',0,0),(59,3,'66.6 cm',0,0),(59,4,'52.71 cm',0,0),(59,5,'76.49 cm',0,0),(60,6,'8.71 cm',0,0),(60,7,'39.55 cm',0,0),(60,8,'1920x1080',0,0),(61,6,'44.77 cm',0,0),(61,7,'91.51 cm',0,0),(61,8,'1920x1080',0,0),(62,1,'15.17 cm',0,0),(62,2,'17.37 cm',0,0),(62,3,'72.04 cm',0,0),(62,4,'54.85 cm',0,0),(62,5,'80.24 cm',0,0),(63,1,'40.76 cm',0,0),(63,2,'39.15 cm',0,0),(63,3,'29.39 cm',0,0),(63,4,'23.27 cm',0,0),(63,5,'8.78 cm',0,0),(64,1,'95.44 cm',0,0),(64,2,'13.54 cm',0,0),(64,3,'70.16 cm',0,0),(64,4,'4.36 cm',0,0),(64,5,'1.84 cm',0,0),(65,6,'34.17 cm',0,0),(65,7,'2.76 cm',0,0),(65,8,'1920x1080',0,0),(66,1,'34.65 cm',0,0),(66,2,'55.92 cm',0,0),(66,3,'23.47 cm',0,0),(66,4,'48.44 cm',0,0),(66,5,'21.47 cm',0,0),(67,1,'47.64 cm',0,0),(67,2,'18.91 cm',0,0),(67,3,'72.84 cm',0,0),(67,4,'35.88 cm',0,0),(67,5,'7.49 cm',0,0),(68,1,'74.71 cm',0,0),(68,2,'29.33 cm',0,0),(68,3,'43.47 cm',0,0),(68,4,'57.59 cm',0,0),(68,5,'42.33 cm',0,0),(69,6,'41.87 cm',0,0),(69,7,'26.03 cm',0,0),(69,8,'3840x2160',0,0),(70,1,'82.42 cm',0,0),(70,2,'28.09 cm',0,0),(70,3,'58.69 cm',0,0),(70,4,'13.78 cm',0,0),(70,5,'54.85 cm',0,0),(71,6,'35.12 cm',0,0),(71,7,'7.08 cm',0,0),(71,8,'2560x1440',0,0),(72,6,'37.81 cm',0,0),(72,7,'63.91 cm',0,0),(72,8,'3840x2160',0,0),(73,1,'60.72 cm',0,0),(73,2,'67.46 cm',0,0),(73,3,'64.87 cm',0,0),(73,4,'12.98 cm',0,0),(73,5,'52.71 cm',0,0),(74,6,'25.9 cm',0,0),(74,7,'15.33 cm',0,0),(74,8,'3840x2160',0,0),(75,1,'77.99 cm',0,0),(75,2,'52.58 cm',0,0),(75,3,'34.7 cm',0,0),(75,4,'47.23 cm',0,0),(75,5,'11.47 cm',0,0);
/*!40000 ALTER TABLE `ec_product_specification_attribute` ENABLE KEYS */;
UNLOCK TABLES;

--
-- Table structure for table `ec_product_specification_attribute_translations`
--

DROP TABLE IF EXISTS `ec_product_specification_attribute_translations`;
/*!40101 SET @saved_cs_client     = @@character_set_client */;
/*!50503 SET character_set_client = utf8mb4 */;
CREATE TABLE `ec_product_specification_attribute_translations` (
  `id` bigint unsigned NOT NULL AUTO_INCREMENT,
  `product_id` bigint unsigned NOT NULL,
  `attribute_id` bigint unsigned NOT NULL,
  `lang_code` varchar(20) COLLATE utf8mb4_unicode_ci NOT NULL,
  `value` text COLLATE utf8mb4_unicode_ci,
  `created_at` timestamp NULL DEFAULT NULL,
  `updated_at` timestamp NULL DEFAULT NULL,
  PRIMARY KEY (`id`),
  UNIQUE KEY `psat_unique` (`product_id`,`attribute_id`,`lang_code`),
  KEY `psat_product_attribute_index` (`product_id`,`attribute_id`),
  KEY `psat_product_id_index` (`product_id`),
  KEY `psat_attribute_id_index` (`attribute_id`)
) ENGINE=InnoDB DEFAULT CHARSET=utf8mb4 COLLATE=utf8mb4_unicode_ci;
/*!40101 SET character_set_client = @saved_cs_client */;

--
-- Dumping data for table `ec_product_specification_attribute_translations`
--

LOCK TABLES `ec_product_specification_attribute_translations` WRITE;
/*!40000 ALTER TABLE `ec_product_specification_attribute_translations` DISABLE KEYS */;
/*!40000 ALTER TABLE `ec_product_specification_attribute_translations` ENABLE KEYS */;
UNLOCK TABLES;

--
-- Table structure for table `ec_product_tag_product`
--

DROP TABLE IF EXISTS `ec_product_tag_product`;
/*!40101 SET @saved_cs_client     = @@character_set_client */;
/*!50503 SET character_set_client = utf8mb4 */;
CREATE TABLE `ec_product_tag_product` (
  `product_id` bigint unsigned NOT NULL,
  `tag_id` bigint unsigned NOT NULL,
  PRIMARY KEY (`product_id`,`tag_id`),
  KEY `ec_product_tag_product_product_id_index` (`product_id`),
  KEY `ec_product_tag_product_tag_id_index` (`tag_id`)
) ENGINE=InnoDB DEFAULT CHARSET=utf8mb4 COLLATE=utf8mb4_unicode_ci;
/*!40101 SET character_set_client = @saved_cs_client */;

--
-- Dumping data for table `ec_product_tag_product`
--

LOCK TABLES `ec_product_tag_product` WRITE;
/*!40000 ALTER TABLE `ec_product_tag_product` DISABLE KEYS */;
INSERT INTO `ec_product_tag_product` VALUES (1,2),(1,5),(2,2),(2,5),(3,3),(4,2),(4,3),(4,6),(5,2),(5,4),(6,1),(6,2),(6,4),(7,1),(7,4),(7,5),(8,1),(8,2),(8,3),(9,2),(9,6),(10,1),(10,3),(10,4),(11,3),(11,5),(12,2),(12,5),(12,6),(13,1),(13,3),(14,1),(14,3),(15,3),(15,4),(15,5),(16,2),(16,3),(17,2),(17,3),(17,5),(18,4),(18,5),(18,6),(19,2),(19,3),(20,2),(20,4),(21,1),(21,4),(22,1),(22,4),(22,5),(23,3),(23,5),(24,3),(24,5),(24,6),(25,2),(25,4),(25,5),(26,1),(26,3),(26,5),(27,2),(27,3),(27,5),(28,3),(28,5),(29,2),(29,4),(29,5),(30,2),(30,3),(30,6),(31,2),(31,3),(31,6),(32,1),(32,4),(32,5),(33,2),(33,3),(33,4),(34,2),(34,3),(34,5),(35,2),(35,6),(36,2),(36,4),(36,6),(37,1),(37,4),(37,5),(38,2),(38,3),(38,6),(39,1),(39,4),(39,5),(40,2),(40,3),(40,4),(41,3),(41,5),(42,1),(42,2),(43,3),(43,6),(44,2),(44,5),(44,6),(45,3),(45,4),(45,5),(46,1),(46,3),(47,3),(47,4),(48,1),(48,5),(49,3),(49,6),(50,4),(50,6),(51,1),(51,2),(51,5),(52,1),(52,4),(53,1),(53,3),(53,6),(54,2),(54,6),(55,1),(55,3),(56,2),(56,3),(56,5),(57,2),(58,2),(58,4),(58,6),(59,1),(59,3),(60,1),(60,3),(60,4),(61,1),(61,2),(62,1),(62,5),(62,6),(63,3),(63,6),(64,3),(64,6),(65,2),(65,3),(65,5),(66,1),(66,3),(66,4),(67,2),(67,3),(67,4),(68,1),(68,4),(68,6),(69,1),(69,2),(69,4),(70,1),(70,3),(71,4),(71,5),(71,6),(72,1),(72,2),(72,3),(73,4),(73,6),(74,2),(74,3),(74,4),(75,1),(75,3),(75,5);
/*!40000 ALTER TABLE `ec_product_tag_product` ENABLE KEYS */;
UNLOCK TABLES;

--
-- Table structure for table `ec_product_tags`
--

DROP TABLE IF EXISTS `ec_product_tags`;
/*!40101 SET @saved_cs_client     = @@character_set_client */;
/*!50503 SET character_set_client = utf8mb4 */;
CREATE TABLE `ec_product_tags` (
  `id` bigint unsigned NOT NULL AUTO_INCREMENT,
  `name` varchar(120) COLLATE utf8mb4_unicode_ci NOT NULL,
  `description` varchar(400) COLLATE utf8mb4_unicode_ci DEFAULT NULL,
  `status` varchar(60) COLLATE utf8mb4_unicode_ci NOT NULL DEFAULT 'published',
  `created_at` timestamp NULL DEFAULT NULL,
  `updated_at` timestamp NULL DEFAULT NULL,
  PRIMARY KEY (`id`)
) ENGINE=InnoDB AUTO_INCREMENT=7 DEFAULT CHARSET=utf8mb4 COLLATE=utf8mb4_unicode_ci;
/*!40101 SET character_set_client = @saved_cs_client */;

--
-- Dumping data for table `ec_product_tags`
--

LOCK TABLES `ec_product_tags` WRITE;
/*!40000 ALTER TABLE `ec_product_tags` DISABLE KEYS */;
INSERT INTO `ec_product_tags` VALUES (1,'Electronic',NULL,'published','2025-12-25 18:49:35','2025-12-25 18:49:35'),(2,'Mobile',NULL,'published','2025-12-25 18:49:35','2025-12-25 18:49:35'),(3,'Iphone',NULL,'published','2025-12-25 18:49:35','2025-12-25 18:49:35'),(4,'Printer',NULL,'published','2025-12-25 18:49:35','2025-12-25 18:49:35'),(5,'Office',NULL,'published','2025-12-25 18:49:35','2025-12-25 18:49:35'),(6,'IT',NULL,'published','2025-12-25 18:49:35','2025-12-25 18:49:35');
/*!40000 ALTER TABLE `ec_product_tags` ENABLE KEYS */;
UNLOCK TABLES;

--
-- Table structure for table `ec_product_tags_translations`
--

DROP TABLE IF EXISTS `ec_product_tags_translations`;
/*!40101 SET @saved_cs_client     = @@character_set_client */;
/*!50503 SET character_set_client = utf8mb4 */;
CREATE TABLE `ec_product_tags_translations` (
  `lang_code` varchar(191) COLLATE utf8mb4_unicode_ci NOT NULL,
  `ec_product_tags_id` bigint unsigned NOT NULL,
  `name` varchar(191) COLLATE utf8mb4_unicode_ci DEFAULT NULL,
  PRIMARY KEY (`lang_code`,`ec_product_tags_id`),
  KEY `idx_product_tags_fk` (`ec_product_tags_id`),
  KEY `idx_product_tags_product_tags_lang` (`ec_product_tags_id`,`lang_code`)
) ENGINE=InnoDB DEFAULT CHARSET=utf8mb4 COLLATE=utf8mb4_unicode_ci;
/*!40101 SET character_set_client = @saved_cs_client */;

--
-- Dumping data for table `ec_product_tags_translations`
--

LOCK TABLES `ec_product_tags_translations` WRITE;
/*!40000 ALTER TABLE `ec_product_tags_translations` DISABLE KEYS */;
/*!40000 ALTER TABLE `ec_product_tags_translations` ENABLE KEYS */;
UNLOCK TABLES;

--
-- Table structure for table `ec_product_up_sale_relations`
--

DROP TABLE IF EXISTS `ec_product_up_sale_relations`;
/*!40101 SET @saved_cs_client     = @@character_set_client */;
/*!50503 SET character_set_client = utf8mb4 */;
CREATE TABLE `ec_product_up_sale_relations` (
  `from_product_id` bigint unsigned NOT NULL,
  `to_product_id` bigint unsigned NOT NULL,
  PRIMARY KEY (`from_product_id`,`to_product_id`),
  KEY `ec_product_up_sale_relations_from_product_id_index` (`from_product_id`),
  KEY `ec_product_up_sale_relations_to_product_id_index` (`to_product_id`)
) ENGINE=InnoDB DEFAULT CHARSET=utf8mb4 COLLATE=utf8mb4_unicode_ci;
/*!40101 SET character_set_client = @saved_cs_client */;

--
-- Dumping data for table `ec_product_up_sale_relations`
--

LOCK TABLES `ec_product_up_sale_relations` WRITE;
/*!40000 ALTER TABLE `ec_product_up_sale_relations` DISABLE KEYS */;
/*!40000 ALTER TABLE `ec_product_up_sale_relations` ENABLE KEYS */;
UNLOCK TABLES;

--
-- Table structure for table `ec_product_variation_items`
--

DROP TABLE IF EXISTS `ec_product_variation_items`;
/*!40101 SET @saved_cs_client     = @@character_set_client */;
/*!50503 SET character_set_client = utf8mb4 */;
CREATE TABLE `ec_product_variation_items` (
  `id` bigint unsigned NOT NULL AUTO_INCREMENT,
  `attribute_id` bigint unsigned NOT NULL,
  `variation_id` bigint unsigned NOT NULL,
  PRIMARY KEY (`id`),
  UNIQUE KEY `ec_product_variation_items_attribute_id_variation_id_unique` (`attribute_id`,`variation_id`),
  KEY `attribute_variation_index` (`attribute_id`,`variation_id`),
  KEY `idx_variation_id` (`variation_id`),
  KEY `idx_variation_attribute_covering` (`variation_id`,`attribute_id`),
  KEY `ec_product_variation_items_variation_id_attribute_id_index` (`variation_id`,`attribute_id`)
) ENGINE=InnoDB AUTO_INCREMENT=379 DEFAULT CHARSET=utf8mb4 COLLATE=utf8mb4_unicode_ci;
/*!40101 SET character_set_client = @saved_cs_client */;

--
-- Dumping data for table `ec_product_variation_items`
--

LOCK TABLES `ec_product_variation_items` WRITE;
/*!40000 ALTER TABLE `ec_product_variation_items` DISABLE KEYS */;
INSERT INTO `ec_product_variation_items` VALUES (5,1,3),(17,1,9),(35,1,18),(41,1,21),(49,1,25),(51,1,26),(73,1,37),(75,1,38),(83,1,42),(85,1,43),(97,1,49),(99,1,50),(101,1,51),(103,1,52),(117,1,59),(121,1,61),(123,1,62),(127,1,64),(153,1,77),(165,1,83),(187,1,94),(199,1,100),(211,1,106),(221,1,111),(223,1,112),(225,1,113),(233,1,117),(239,1,120),(253,1,127),(263,1,132),(277,1,139),(291,1,146),(295,1,148),(299,1,150),(309,1,155),(319,1,160),(329,1,165),(347,1,174),(357,1,179),(361,1,181),(363,1,182),(367,1,184),(9,2,5),(13,2,7),(19,2,10),(21,2,11),(25,2,13),(27,2,14),(29,2,15),(37,2,19),(43,2,22),(47,2,24),(57,2,29),(69,2,35),(105,2,53),(109,2,55),(125,2,63),(133,2,67),(151,2,76),(181,2,91),(189,2,95),(195,2,98),(207,2,104),(217,2,109),(241,2,121),(249,2,125),(251,2,126),(261,2,131),(265,2,133),(281,2,141),(283,2,142),(287,2,144),(289,2,145),(307,2,154),(313,2,157),(315,2,158),(325,2,163),(327,2,164),(335,2,168),(339,2,170),(341,2,171),(349,2,175),(351,2,176),(359,2,180),(369,2,185),(371,2,186),(23,3,12),(31,3,16),(61,3,31),(71,3,36),(87,3,44),(111,3,56),(113,3,57),(141,3,71),(145,3,73),(159,3,80),(161,3,81),(169,3,85),(171,3,86),(173,3,87),(175,3,88),(185,3,93),(205,3,103),(209,3,105),(227,3,114),(231,3,116),(235,3,118),(243,3,122),(245,3,123),(255,3,128),(267,3,134),(271,3,136),(273,3,137),(279,3,140),(305,3,153),(317,3,159),(345,3,173),(353,3,177),(375,3,188),(1,4,1),(11,4,6),(45,4,23),(55,4,28),(59,4,30),(65,4,33),(67,4,34),(77,4,39),(79,4,40),(81,4,41),(91,4,46),(93,4,47),(115,4,58),(119,4,60),(129,4,65),(137,4,69),(149,4,75),(163,4,82),(167,4,84),(177,4,89),(183,4,92),(197,4,99),(213,4,107),(215,4,108),(219,4,110),(257,4,129),(269,4,135),(275,4,138),(303,4,152),(323,4,162),(331,4,166),(333,4,167),(337,4,169),(343,4,172),(355,4,178),(365,4,183),(377,4,189),(3,5,2),(7,5,4),(15,5,8),(33,5,17),(39,5,20),(53,5,27),(63,5,32),(89,5,45),(95,5,48),(107,5,54),(131,5,66),(135,5,68),(139,5,70),(143,5,72),(147,5,74),(155,5,78),(157,5,79),(179,5,90),(191,5,96),(193,5,97),(201,5,101),(203,5,102),(229,5,115),(237,5,119),(247,5,124),(259,5,130),(285,5,143),(293,5,147),(297,5,149),(301,5,151),(311,5,156),(321,5,161),(373,5,187),(4,6,2),(12,6,6),(22,6,11),(26,6,13),(38,6,19),(46,6,23),(66,6,33),(86,6,43),(88,6,44),(92,6,46),(96,6,48),(104,6,52),(128,6,64),(138,6,69),(150,6,75),(152,6,76),(170,6,85),(178,6,89),(194,6,97),(198,6,99),(208,6,104),(214,6,107),(240,6,120),(244,6,122),(260,6,130),(266,6,133),(272,6,136),(274,6,137),(276,6,138),(282,6,141),(288,6,144),(294,6,147),(326,6,163),(332,6,166),(334,6,167),(338,6,169),(340,6,170),(344,6,172),(354,6,177),(366,6,183),(6,7,3),(14,7,7),(16,7,8),(36,7,18),(62,7,31),(84,7,42),(94,7,47),(100,7,50),(112,7,56),(120,7,60),(122,7,61),(142,7,71),(166,7,83),(176,7,88),(184,7,92),(188,7,94),(190,7,95),(202,7,101),(204,7,102),(212,7,106),(228,7,114),(248,7,124),(284,7,142),(300,7,150),(302,7,151),(308,7,154),(316,7,158),(318,7,159),(328,7,164),(336,7,168),(352,7,176),(364,7,182),(370,7,185),(8,8,4),(28,8,14),(30,8,15),(34,8,17),(44,8,22),(48,8,24),(50,8,25),(58,8,29),(60,8,30),(80,8,40),(98,8,49),(106,8,53),(108,8,54),(114,8,57),(124,8,62),(126,8,63),(130,8,65),(140,8,70),(158,8,79),(164,8,82),(168,8,84),(172,8,86),(186,8,93),(210,8,105),(218,8,109),(222,8,111),(224,8,112),(232,8,116),(236,8,118),(254,8,127),(258,8,129),(268,8,134),(280,8,140),(286,8,143),(290,8,145),(304,8,152),(312,8,156),(314,8,157),(324,8,162),(342,8,171),(348,8,174),(350,8,175),(356,8,178),(372,8,186),(376,8,188),(378,8,189),(10,9,5),(20,9,10),(24,9,12),(40,9,20),(52,9,26),(54,9,27),(56,9,28),(74,9,37),(102,9,51),(110,9,55),(116,9,58),(132,9,66),(136,9,68),(146,9,73),(174,9,87),(192,9,96),(196,9,98),(200,9,100),(206,9,103),(216,9,108),(226,9,113),(238,9,119),(242,9,121),(262,9,131),(264,9,132),(296,9,148),(330,9,165),(358,9,179),(360,9,180),(368,9,184),(2,10,1),(18,10,9),(32,10,16),(42,10,21),(64,10,32),(68,10,34),(70,10,35),(72,10,36),(76,10,38),(78,10,39),(82,10,41),(90,10,45),(118,10,59),(134,10,67),(144,10,72),(148,10,74),(154,10,77),(156,10,78),(160,10,80),(162,10,81),(180,10,90),(182,10,91),(220,10,110),(230,10,115),(234,10,117),(246,10,123),(250,10,125),(252,10,126),(256,10,128),(270,10,135),(278,10,139),(292,10,146),(298,10,149),(306,10,153),(310,10,155),(320,10,160),(322,10,161),(346,10,173),(362,10,181),(374,10,187);
/*!40000 ALTER TABLE `ec_product_variation_items` ENABLE KEYS */;
UNLOCK TABLES;

--
-- Table structure for table `ec_product_variations`
--

DROP TABLE IF EXISTS `ec_product_variations`;
/*!40101 SET @saved_cs_client     = @@character_set_client */;
/*!50503 SET character_set_client = utf8mb4 */;
CREATE TABLE `ec_product_variations` (
  `id` bigint unsigned NOT NULL AUTO_INCREMENT,
  `product_id` bigint unsigned DEFAULT NULL,
  `configurable_product_id` bigint unsigned NOT NULL,
  `is_default` tinyint NOT NULL DEFAULT '0',
  PRIMARY KEY (`id`),
  UNIQUE KEY `ec_product_variations_product_id_configurable_product_id_unique` (`product_id`,`configurable_product_id`),
  KEY `configurable_product_index` (`product_id`,`configurable_product_id`),
  KEY `idx_configurable_product_id` (`configurable_product_id`),
  KEY `idx_product_variations_config` (`configurable_product_id`,`is_default`),
  KEY `ec_product_variations_product_id_index` (`product_id`),
  KEY `ec_product_variations_configurable_product_id_index` (`configurable_product_id`)
) ENGINE=InnoDB AUTO_INCREMENT=190 DEFAULT CHARSET=utf8mb4 COLLATE=utf8mb4_unicode_ci;
/*!40101 SET character_set_client = @saved_cs_client */;

--
-- Dumping data for table `ec_product_variations`
--

LOCK TABLES `ec_product_variations` WRITE;
/*!40000 ALTER TABLE `ec_product_variations` DISABLE KEYS */;
INSERT INTO `ec_product_variations` VALUES (1,76,1,1),(2,77,1,0),(3,78,1,0),(4,79,2,1),(5,80,2,0),(6,81,3,1),(7,82,3,0),(8,83,3,0),(9,84,4,1),(10,85,4,0),(11,86,4,0),(12,87,4,0),(13,88,5,1),(14,89,5,0),(15,90,6,1),(16,91,6,0),(17,92,6,0),(18,93,6,0),(19,94,7,1),(20,95,7,0),(21,96,8,1),(22,97,8,0),(23,98,9,1),(24,99,9,0),(25,100,9,0),(26,101,9,0),(27,102,10,1),(28,103,10,0),(29,104,10,0),(30,105,10,0),(31,106,11,1),(32,107,12,1),(33,108,12,0),(34,109,12,0),(35,110,13,1),(36,111,13,0),(37,112,14,1),(38,113,14,0),(39,114,15,1),(40,115,15,0),(41,116,15,0),(42,117,16,1),(43,118,16,0),(44,119,16,0),(45,120,17,1),(46,121,17,0),(47,122,17,0),(48,123,17,0),(49,124,18,1),(50,125,18,0),(51,126,19,1),(52,127,19,0),(53,128,20,1),(54,129,20,0),(55,130,20,0),(56,131,21,1),(57,132,21,0),(58,133,22,1),(59,134,22,0),(60,135,23,1),(61,136,23,0),(62,137,23,0),(63,138,23,0),(64,139,24,1),(65,140,25,1),(66,141,25,0),(67,142,26,1),(68,143,26,0),(69,144,27,1),(70,145,27,0),(71,146,28,1),(72,147,29,1),(73,148,30,1),(74,149,31,1),(75,150,31,0),(76,151,31,0),(77,152,31,0),(78,153,32,1),(79,154,33,1),(80,155,33,0),(81,156,34,1),(82,157,34,0),(83,158,34,0),(84,159,35,1),(85,160,35,0),(86,161,35,0),(87,162,36,1),(88,163,36,0),(89,164,36,0),(90,165,37,1),(91,166,37,0),(92,167,38,1),(93,168,39,1),(94,169,39,0),(95,170,39,0),(96,171,39,0),(97,172,40,1),(98,173,40,0),(99,174,40,0),(100,175,41,1),(101,176,41,0),(102,177,41,0),(103,178,42,1),(104,179,43,1),(105,180,43,0),(106,181,43,0),(107,182,44,1),(108,183,44,0),(109,184,44,0),(110,185,44,0),(111,186,45,1),(112,187,45,0),(113,188,45,0),(114,189,46,1),(115,190,46,0),(116,191,47,1),(117,192,48,1),(118,193,48,0),(119,194,49,1),(120,195,49,0),(121,196,49,0),(122,197,50,1),(123,198,50,0),(124,199,51,1),(125,200,51,0),(126,201,52,1),(127,202,52,0),(128,203,52,0),(129,204,53,1),(130,205,53,0),(131,206,53,0),(132,207,54,1),(133,208,54,0),(134,209,55,1),(135,210,55,0),(136,211,55,0),(137,212,56,1),(138,213,56,0),(139,214,57,1),(140,215,58,1),(141,216,58,0),(142,217,58,0),(143,218,59,1),(144,219,60,1),(145,220,60,0),(146,221,60,0),(147,222,60,0),(148,223,61,1),(149,224,61,0),(150,225,61,0),(151,226,62,1),(152,227,62,0),(153,228,62,0),(154,229,63,1),(155,230,63,0),(156,231,64,1),(157,232,64,0),(158,233,64,0),(159,234,65,1),(160,235,65,0),(161,236,66,1),(162,237,66,0),(163,238,66,0),(164,239,67,1),(165,240,67,0),(166,241,68,1),(167,242,68,0),(168,243,68,0),(169,244,68,0),(170,245,68,0),(171,246,69,1),(172,247,69,0),(173,248,69,0),(174,249,69,0),(175,250,70,1),(176,251,70,0),(177,252,70,0),(178,253,71,1),(179,254,71,0),(180,255,72,1),(181,256,73,1),(182,257,73,0),(183,258,73,0),(184,259,74,1),(185,260,74,0),(186,261,74,0),(187,262,75,1),(188,263,75,0),(189,264,75,0);
/*!40000 ALTER TABLE `ec_product_variations` ENABLE KEYS */;
UNLOCK TABLES;

--
-- Table structure for table `ec_product_views`
--

DROP TABLE IF EXISTS `ec_product_views`;
/*!40101 SET @saved_cs_client     = @@character_set_client */;
/*!50503 SET character_set_client = utf8mb4 */;
CREATE TABLE `ec_product_views` (
  `id` bigint unsigned NOT NULL AUTO_INCREMENT,
  `product_id` bigint unsigned NOT NULL,
  `views` int NOT NULL DEFAULT '1',
  `date` date NOT NULL DEFAULT '2025-12-26',
  PRIMARY KEY (`id`),
  UNIQUE KEY `ec_product_views_product_id_date_unique` (`product_id`,`date`),
  KEY `ec_product_views_product_id_index` (`product_id`)
) ENGINE=InnoDB DEFAULT CHARSET=utf8mb4 COLLATE=utf8mb4_unicode_ci;
/*!40101 SET character_set_client = @saved_cs_client */;

--
-- Dumping data for table `ec_product_views`
--

LOCK TABLES `ec_product_views` WRITE;
/*!40000 ALTER TABLE `ec_product_views` DISABLE KEYS */;
/*!40000 ALTER TABLE `ec_product_views` ENABLE KEYS */;
UNLOCK TABLES;

--
-- Table structure for table `ec_product_with_attribute_set`
--

DROP TABLE IF EXISTS `ec_product_with_attribute_set`;
/*!40101 SET @saved_cs_client     = @@character_set_client */;
/*!50503 SET character_set_client = utf8mb4 */;
CREATE TABLE `ec_product_with_attribute_set` (
  `attribute_set_id` bigint unsigned NOT NULL,
  `product_id` bigint unsigned NOT NULL,
  `order` tinyint unsigned NOT NULL DEFAULT '0',
  PRIMARY KEY (`product_id`,`attribute_set_id`)
) ENGINE=InnoDB DEFAULT CHARSET=utf8mb4 COLLATE=utf8mb4_unicode_ci;
/*!40101 SET character_set_client = @saved_cs_client */;

--
-- Dumping data for table `ec_product_with_attribute_set`
--

LOCK TABLES `ec_product_with_attribute_set` WRITE;
/*!40000 ALTER TABLE `ec_product_with_attribute_set` DISABLE KEYS */;
INSERT INTO `ec_product_with_attribute_set` VALUES (1,1,0),(2,1,0),(1,2,0),(2,2,0),(1,3,0),(2,3,0),(1,4,0),(2,4,0),(1,5,0),(2,5,0),(1,6,0),(2,6,0),(1,7,0),(2,7,0),(1,8,0),(2,8,0),(1,9,0),(2,9,0),(1,10,0),(2,10,0),(1,11,0),(2,11,0),(1,12,0),(2,12,0),(1,13,0),(2,13,0),(1,14,0),(2,14,0),(1,15,0),(2,15,0),(1,16,0),(2,16,0),(1,17,0),(2,17,0),(1,18,0),(2,18,0),(1,19,0),(2,19,0),(1,20,0),(2,20,0),(1,21,0),(2,21,0),(1,22,0),(2,22,0),(1,23,0),(2,23,0),(1,24,0),(2,24,0),(1,25,0),(2,25,0),(1,26,0),(2,26,0),(1,27,0),(2,27,0),(1,28,0),(2,28,0),(1,29,0),(2,29,0),(1,30,0),(2,30,0),(1,31,0),(2,31,0),(1,32,0),(2,32,0),(1,33,0),(2,33,0),(1,34,0),(2,34,0),(1,35,0),(2,35,0),(1,36,0),(2,36,0),(1,37,0),(2,37,0),(1,38,0),(2,38,0),(1,39,0),(2,39,0),(1,40,0),(2,40,0),(1,41,0),(2,41,0),(1,42,0),(2,42,0),(1,43,0),(2,43,0),(1,44,0),(2,44,0),(1,45,0),(2,45,0),(1,46,0),(2,46,0),(1,47,0),(2,47,0),(1,48,0),(2,48,0),(1,49,0),(2,49,0),(1,50,0),(2,50,0),(1,51,0),(2,51,0),(1,52,0),(2,52,0),(1,53,0),(2,53,0),(1,54,0),(2,54,0),(1,55,0),(2,55,0),(1,56,0),(2,56,0),(1,57,0),(2,57,0),(1,58,0),(2,58,0),(1,59,0),(2,59,0),(1,60,0),(2,60,0),(1,61,0),(2,61,0),(1,62,0),(2,62,0),(1,63,0),(2,63,0),(1,64,0),(2,64,0),(1,65,0),(2,65,0),(1,66,0),(2,66,0),(1,67,0),(2,67,0),(1,68,0),(2,68,0),(1,69,0),(2,69,0),(1,70,0),(2,70,0),(1,71,0),(2,71,0),(1,72,0),(2,72,0),(1,73,0),(2,73,0),(1,74,0),(2,74,0),(1,75,0),(2,75,0);
/*!40000 ALTER TABLE `ec_product_with_attribute_set` ENABLE KEYS */;
UNLOCK TABLES;

--
-- Table structure for table `ec_products`
--

DROP TABLE IF EXISTS `ec_products`;
/*!40101 SET @saved_cs_client     = @@character_set_client */;
/*!50503 SET character_set_client = utf8mb4 */;
CREATE TABLE `ec_products` (
  `id` bigint unsigned NOT NULL AUTO_INCREMENT,
  `name` varchar(191) COLLATE utf8mb4_unicode_ci NOT NULL,
  `slug` varchar(191) COLLATE utf8mb4_unicode_ci DEFAULT NULL,
  `description` text COLLATE utf8mb4_unicode_ci,
  `content` longtext COLLATE utf8mb4_unicode_ci,
  `status` varchar(60) COLLATE utf8mb4_unicode_ci NOT NULL DEFAULT 'published',
  `images` text COLLATE utf8mb4_unicode_ci,
  `video_media` text COLLATE utf8mb4_unicode_ci,
  `sku` varchar(191) COLLATE utf8mb4_unicode_ci DEFAULT NULL,
  `order` int unsigned NOT NULL DEFAULT '0',
  `quantity` int unsigned DEFAULT NULL,
  `allow_checkout_when_out_of_stock` tinyint unsigned NOT NULL DEFAULT '0',
  `with_storehouse_management` tinyint unsigned NOT NULL DEFAULT '0',
  `stock_status` varchar(191) COLLATE utf8mb4_unicode_ci DEFAULT 'in_stock',
  `is_featured` tinyint unsigned NOT NULL DEFAULT '0',
  `is_new_until` date DEFAULT NULL,
  `brand_id` bigint unsigned DEFAULT NULL,
  `is_variation` tinyint NOT NULL DEFAULT '0',
  `variations_count` int unsigned NOT NULL DEFAULT '0',
  `reviews_count` int unsigned NOT NULL DEFAULT '0',
  `reviews_avg` decimal(3,2) NOT NULL DEFAULT '0.00',
  `sale_type` tinyint NOT NULL DEFAULT '0',
  `price` double unsigned DEFAULT NULL,
  `sale_price` double unsigned DEFAULT NULL,
  `start_date` timestamp NULL DEFAULT NULL,
  `end_date` timestamp NULL DEFAULT NULL,
  `length` double DEFAULT NULL,
  `wide` double DEFAULT NULL,
  `height` double DEFAULT NULL,
  `weight` double DEFAULT NULL,
  `tax_id` bigint unsigned DEFAULT NULL,
  `views` bigint NOT NULL DEFAULT '0',
  `created_at` timestamp NULL DEFAULT NULL,
  `updated_at` timestamp NULL DEFAULT NULL,
  `created_by_id` bigint unsigned DEFAULT '0',
  `created_by_type` varchar(191) COLLATE utf8mb4_unicode_ci NOT NULL DEFAULT 'Botble\\ACL\\Models\\User',
  `image` varchar(191) COLLATE utf8mb4_unicode_ci DEFAULT NULL,
  `product_type` varchar(60) COLLATE utf8mb4_unicode_ci DEFAULT 'physical',
  `barcode` varchar(150) COLLATE utf8mb4_unicode_ci DEFAULT NULL,
  `cost_per_item` double DEFAULT NULL,
  `price_includes_tax` tinyint(1) NOT NULL DEFAULT '0',
  `generate_license_code` tinyint(1) NOT NULL DEFAULT '0',
  `license_code_type` enum('auto_generate','pick_from_list') COLLATE utf8mb4_unicode_ci NOT NULL DEFAULT 'auto_generate',
  `minimum_order_quantity` int unsigned DEFAULT '0',
  `maximum_order_quantity` int unsigned DEFAULT '0',
  `notify_attachment_updated` tinyint(1) NOT NULL DEFAULT '0',
  `specification_table_id` bigint unsigned DEFAULT NULL,
  PRIMARY KEY (`id`),
  KEY `ec_products_brand_id_status_is_variation_created_at_index` (`brand_id`,`status`,`is_variation`,`created_at`),
  KEY `sale_type_index` (`sale_type`),
  KEY `start_date_index` (`start_date`),
  KEY `end_date_index` (`end_date`),
  KEY `sale_price_index` (`sale_price`),
  KEY `is_variation_index` (`is_variation`),
  KEY `ec_products_sku_index` (`sku`),
  KEY `idx_products_export` (`id`,`is_variation`),
  KEY `idx_variation_name_id` (`is_variation`,`name`,`id`),
  KEY `ec_products_variations_count_index` (`variations_count`),
  KEY `ec_products_slug_index` (`slug`),
  KEY `idx_products_status_variation` (`status`,`is_variation`,`id`),
  KEY `idx_products_price_sale` (`sale_type`,`sale_price`,`price`),
  KEY `idx_products_order_created` (`order`,`created_at`),
  KEY `idx_products_stock` (`with_storehouse_management`,`stock_status`,`quantity`),
  KEY `ec_products_reviews_count_index` (`reviews_count`),
  KEY `ec_products_reviews_avg_index` (`reviews_avg`),
  KEY `ec_products_status_is_variation_index` (`status`,`is_variation`),
  KEY `ec_products_storehouse_quantity_index` (`with_storehouse_management`,`quantity`)
) ENGINE=InnoDB AUTO_INCREMENT=265 DEFAULT CHARSET=utf8mb4 COLLATE=utf8mb4_unicode_ci;
/*!40101 SET character_set_client = @saved_cs_client */;

--
-- Dumping data for table `ec_products`
--

LOCK TABLES `ec_products` WRITE;
/*!40000 ALTER TABLE `ec_products` DISABLE KEYS */;
INSERT INTO `ec_products` VALUES (1,'Miko Wooden Bluetooth Speaker',NULL,'<p>Short Hooded Coat features a straight body, large pockets with button flaps, ventilation air holes, and a string detail along the hemline.</p>','<p>Short Hooded Coat features a straight body, large pockets with button flaps, ventilation air holes, and a string detail along the hemline. The style is completed with a drawstring hood, featuring Rains’ signature built-in cap. Made from waterproof, matte PU, this lightweight unisex rain jacket is an ode to nostalgia through its classic silhouette and utilitarian design details.</p>\n                                <p>- Casual unisex fit</p>\n\n                                <p>- 64% polyester, 36% polyurethane</p>\n\n                                <p>- Water column pressure: 4000 mm</p>\n\n                                <p>- Model is 187cm tall and wearing a size S / M</p>\n\n                                <p>- Unisex fit</p>\n\n                                <p>- Drawstring hood with built-in cap</p>\n\n                                <p>- Front placket with snap buttons</p>\n\n                                <p>- Ventilation under armpit</p>\n\n                                <p>- Adjustable cuffs</p>\n\n                                <p>- Double welted front pockets</p>\n\n                                <p>- Adjustable elastic string at hempen</p>\n\n                                <p>- Ultrasonically welded seams</p>\n\n                                <p>This is a unisex item, please check our clothing &amp; footwear sizing guide for specific Rains jacket sizing information. RAINS comes from the rainy nation of Denmark at the edge of the European continent, close to the ocean and with prevailing westerly winds; all factors that contribute to an average of 121 rain days each year. Arising from these rainy weather conditions comes the attitude that a quick rain shower may be beautiful, as well as moody- but first and foremost requires the right outfit. Rains focus on the whole experience of going outside on rainy days, issuing an invitation to explore even in the most mercurial weather.</p>','published','[\"products\\/product-48.jpg\",\"products\\/product-78.jpg\",\"products\\/product-92.jpg\",\"products\\/product-75.jpg\",\"products\\/product-23.jpg\",\"products\\/product-95.jpg\",\"products\\/product-24.jpg\",\"products\\/product-55.jpg\",\"products\\/product-63.jpg\",\"products\\/product-34.jpg\",\"products\\/product-56.jpg\",\"products\\/product-35.jpg\"]',NULL,'NC-141-A0',0,14,0,1,'in_stock',1,NULL,1,0,3,9,3.11,0,390,NULL,NULL,NULL,18,17,13,577,NULL,94141,'2025-12-25 18:49:42','2025-12-25 18:49:50',0,'Botble\\ACL\\Models\\User',NULL,'digital',NULL,NULL,0,0,'auto_generate',0,0,0,1),(2,'Gorgeous Wooden Gloves',NULL,'<p>Short Hooded Coat features a straight body, large pockets with button flaps, ventilation air holes, and a string detail along the hemline.</p>','<p>Short Hooded Coat features a straight body, large pockets with button flaps, ventilation air holes, and a string detail along the hemline. The style is completed with a drawstring hood, featuring Rains’ signature built-in cap. Made from waterproof, matte PU, this lightweight unisex rain jacket is an ode to nostalgia through its classic silhouette and utilitarian design details.</p>\n                                <p>- Casual unisex fit</p>\n\n                                <p>- 64% polyester, 36% polyurethane</p>\n\n                                <p>- Water column pressure: 4000 mm</p>\n\n                                <p>- Model is 187cm tall and wearing a size S / M</p>\n\n                                <p>- Unisex fit</p>\n\n                                <p>- Drawstring hood with built-in cap</p>\n\n                                <p>- Front placket with snap buttons</p>\n\n                                <p>- Ventilation under armpit</p>\n\n                                <p>- Adjustable cuffs</p>\n\n                                <p>- Double welted front pockets</p>\n\n                                <p>- Adjustable elastic string at hempen</p>\n\n                                <p>- Ultrasonically welded seams</p>\n\n                                <p>This is a unisex item, please check our clothing &amp; footwear sizing guide for specific Rains jacket sizing information. RAINS comes from the rainy nation of Denmark at the edge of the European continent, close to the ocean and with prevailing westerly winds; all factors that contribute to an average of 121 rain days each year. Arising from these rainy weather conditions comes the attitude that a quick rain shower may be beautiful, as well as moody- but first and foremost requires the right outfit. Rains focus on the whole experience of going outside on rainy days, issuing an invitation to explore even in the most mercurial weather.</p>','published','[\"products\\/product-57.jpg\",\"products\\/product-65.jpg\",\"products\\/product-46.jpg\",\"products\\/product-80.jpg\",\"products\\/product-30.jpg\",\"products\\/product-87.jpg\",\"products\\/product-78.jpg\",\"products\\/product-6.jpg\",\"products\\/product-13.jpg\",\"products\\/product-41.jpg\",\"products\\/product-18.jpg\"]',NULL,'NC-190-A0',0,18,0,1,'in_stock',1,NULL,7,0,2,9,1.67,0,232,NULL,NULL,NULL,13,12,12,892,NULL,30461,'2025-12-25 18:49:42','2025-12-25 18:49:50',0,'Botble\\ACL\\Models\\User',NULL,'physical',NULL,NULL,0,0,'auto_generate',0,0,0,1),(3,'Pinkol Enormous Granite Bottle',NULL,'<p>Short Hooded Coat features a straight body, large pockets with button flaps, ventilation air holes, and a string detail along the hemline.</p>','<p>Short Hooded Coat features a straight body, large pockets with button flaps, ventilation air holes, and a string detail along the hemline. The style is completed with a drawstring hood, featuring Rains’ signature built-in cap. Made from waterproof, matte PU, this lightweight unisex rain jacket is an ode to nostalgia through its classic silhouette and utilitarian design details.</p>\n                                <p>- Casual unisex fit</p>\n\n                                <p>- 64% polyester, 36% polyurethane</p>\n\n                                <p>- Water column pressure: 4000 mm</p>\n\n                                <p>- Model is 187cm tall and wearing a size S / M</p>\n\n                                <p>- Unisex fit</p>\n\n                                <p>- Drawstring hood with built-in cap</p>\n\n                                <p>- Front placket with snap buttons</p>\n\n                                <p>- Ventilation under armpit</p>\n\n                                <p>- Adjustable cuffs</p>\n\n                                <p>- Double welted front pockets</p>\n\n                                <p>- Adjustable elastic string at hempen</p>\n\n                                <p>- Ultrasonically welded seams</p>\n\n                                <p>This is a unisex item, please check our clothing &amp; footwear sizing guide for specific Rains jacket sizing information. RAINS comes from the rainy nation of Denmark at the edge of the European continent, close to the ocean and with prevailing westerly winds; all factors that contribute to an average of 121 rain days each year. Arising from these rainy weather conditions comes the attitude that a quick rain shower may be beautiful, as well as moody- but first and foremost requires the right outfit. Rains focus on the whole experience of going outside on rainy days, issuing an invitation to explore even in the most mercurial weather.</p>','published','[\"products\\/product-11.jpg\",\"products\\/product-53.jpg\",\"products\\/product-80.jpg\",\"products\\/product-25.jpg\",\"products\\/product-76.jpg\",\"products\\/product-18.jpg\",\"products\\/product-5.jpg\",\"products\\/product-47.jpg\",\"products\\/product-23.jpg\",\"products\\/product-43.jpg\",\"products\\/product-36.jpg\",\"products\\/product-57.jpg\"]',NULL,'NC-118-A0',0,19,0,1,'in_stock',1,NULL,2,0,3,10,2.90,0,275,NULL,NULL,NULL,18,14,19,671,NULL,193658,'2025-12-25 18:49:42','2025-12-25 18:49:50',0,'Botble\\ACL\\Models\\User',NULL,'physical',NULL,NULL,0,0,'auto_generate',0,0,0,1),(4,'Gorgeous Aluminum Table',NULL,'<p>Short Hooded Coat features a straight body, large pockets with button flaps, ventilation air holes, and a string detail along the hemline.</p>','<p>Short Hooded Coat features a straight body, large pockets with button flaps, ventilation air holes, and a string detail along the hemline. The style is completed with a drawstring hood, featuring Rains’ signature built-in cap. Made from waterproof, matte PU, this lightweight unisex rain jacket is an ode to nostalgia through its classic silhouette and utilitarian design details.</p>\n                                <p>- Casual unisex fit</p>\n\n                                <p>- 64% polyester, 36% polyurethane</p>\n\n                                <p>- Water column pressure: 4000 mm</p>\n\n                                <p>- Model is 187cm tall and wearing a size S / M</p>\n\n                                <p>- Unisex fit</p>\n\n                                <p>- Drawstring hood with built-in cap</p>\n\n                                <p>- Front placket with snap buttons</p>\n\n                                <p>- Ventilation under armpit</p>\n\n                                <p>- Adjustable cuffs</p>\n\n                                <p>- Double welted front pockets</p>\n\n                                <p>- Adjustable elastic string at hempen</p>\n\n                                <p>- Ultrasonically welded seams</p>\n\n                                <p>This is a unisex item, please check our clothing &amp; footwear sizing guide for specific Rains jacket sizing information. RAINS comes from the rainy nation of Denmark at the edge of the European continent, close to the ocean and with prevailing westerly winds; all factors that contribute to an average of 121 rain days each year. Arising from these rainy weather conditions comes the attitude that a quick rain shower may be beautiful, as well as moody- but first and foremost requires the right outfit. Rains focus on the whole experience of going outside on rainy days, issuing an invitation to explore even in the most mercurial weather.</p>','published','[\"products\\/product-7.jpg\",\"products\\/product-2.jpg\",\"products\\/product-37.jpg\",\"products\\/product-32.jpg\",\"products\\/product-46.jpg\"]',NULL,'NC-144-A0',0,18,0,1,'in_stock',0,NULL,5,0,4,9,4.00,0,331,278.04,NULL,NULL,13,14,11,565,NULL,46024,'2025-12-25 18:49:42','2025-12-25 18:49:50',0,'Botble\\ACL\\Models\\User',NULL,'physical',NULL,NULL,0,0,'auto_generate',0,0,0,2),(5,'Evo Lightweight Granite Shirt',NULL,'<p>Short Hooded Coat features a straight body, large pockets with button flaps, ventilation air holes, and a string detail along the hemline.</p>','<p>Short Hooded Coat features a straight body, large pockets with button flaps, ventilation air holes, and a string detail along the hemline. The style is completed with a drawstring hood, featuring Rains’ signature built-in cap. Made from waterproof, matte PU, this lightweight unisex rain jacket is an ode to nostalgia through its classic silhouette and utilitarian design details.</p>\n                                <p>- Casual unisex fit</p>\n\n                                <p>- 64% polyester, 36% polyurethane</p>\n\n                                <p>- Water column pressure: 4000 mm</p>\n\n                                <p>- Model is 187cm tall and wearing a size S / M</p>\n\n                                <p>- Unisex fit</p>\n\n                                <p>- Drawstring hood with built-in cap</p>\n\n                                <p>- Front placket with snap buttons</p>\n\n                                <p>- Ventilation under armpit</p>\n\n                                <p>- Adjustable cuffs</p>\n\n                                <p>- Double welted front pockets</p>\n\n                                <p>- Adjustable elastic string at hempen</p>\n\n                                <p>- Ultrasonically welded seams</p>\n\n                                <p>This is a unisex item, please check our clothing &amp; footwear sizing guide for specific Rains jacket sizing information. RAINS comes from the rainy nation of Denmark at the edge of the European continent, close to the ocean and with prevailing westerly winds; all factors that contribute to an average of 121 rain days each year. Arising from these rainy weather conditions comes the attitude that a quick rain shower may be beautiful, as well as moody- but first and foremost requires the right outfit. Rains focus on the whole experience of going outside on rainy days, issuing an invitation to explore even in the most mercurial weather.</p>','published','[\"products\\/product-34.jpg\",\"products\\/product-5.jpg\",\"products\\/product-71.jpg\",\"products\\/product-69.jpg\",\"products\\/product-89.jpg\"]',NULL,'NC-125-A0',0,17,0,1,'in_stock',0,NULL,7,0,2,9,4.11,0,205,NULL,NULL,NULL,15,11,17,561,NULL,129639,'2025-12-25 18:49:42','2025-12-25 18:49:50',0,'Botble\\ACL\\Models\\User',NULL,'digital',NULL,NULL,0,0,'auto_generate',0,0,0,1),(6,'CLCo. Incredible Paper Car',NULL,'<p>Short Hooded Coat features a straight body, large pockets with button flaps, ventilation air holes, and a string detail along the hemline.</p>','<p>Short Hooded Coat features a straight body, large pockets with button flaps, ventilation air holes, and a string detail along the hemline. The style is completed with a drawstring hood, featuring Rains’ signature built-in cap. Made from waterproof, matte PU, this lightweight unisex rain jacket is an ode to nostalgia through its classic silhouette and utilitarian design details.</p>\n                                <p>- Casual unisex fit</p>\n\n                                <p>- 64% polyester, 36% polyurethane</p>\n\n                                <p>- Water column pressure: 4000 mm</p>\n\n                                <p>- Model is 187cm tall and wearing a size S / M</p>\n\n                                <p>- Unisex fit</p>\n\n                                <p>- Drawstring hood with built-in cap</p>\n\n                                <p>- Front placket with snap buttons</p>\n\n                                <p>- Ventilation under armpit</p>\n\n                                <p>- Adjustable cuffs</p>\n\n                                <p>- Double welted front pockets</p>\n\n                                <p>- Adjustable elastic string at hempen</p>\n\n                                <p>- Ultrasonically welded seams</p>\n\n                                <p>This is a unisex item, please check our clothing &amp; footwear sizing guide for specific Rains jacket sizing information. RAINS comes from the rainy nation of Denmark at the edge of the European continent, close to the ocean and with prevailing westerly winds; all factors that contribute to an average of 121 rain days each year. Arising from these rainy weather conditions comes the attitude that a quick rain shower may be beautiful, as well as moody- but first and foremost requires the right outfit. Rains focus on the whole experience of going outside on rainy days, issuing an invitation to explore even in the most mercurial weather.</p>','published','[\"products\\/product-45.jpg\",\"products\\/product-62.jpg\",\"products\\/product-55.jpg\",\"products\\/product-72.jpg\",\"products\\/product-35.jpg\",\"products\\/product-73.jpg\",\"products\\/product-33.jpg\"]',NULL,'NC-194-A0',0,10,0,1,'in_stock',1,NULL,6,0,4,10,2.80,0,478,NULL,NULL,NULL,17,18,11,598,NULL,131552,'2025-12-25 18:49:42','2025-12-25 18:49:50',0,'Botble\\ACL\\Models\\User',NULL,'physical',NULL,NULL,0,0,'auto_generate',0,0,0,2),(7,'Progash Durable Granite Hat',NULL,'<p>Short Hooded Coat features a straight body, large pockets with button flaps, ventilation air holes, and a string detail along the hemline.</p>','<p>Short Hooded Coat features a straight body, large pockets with button flaps, ventilation air holes, and a string detail along the hemline. The style is completed with a drawstring hood, featuring Rains’ signature built-in cap. Made from waterproof, matte PU, this lightweight unisex rain jacket is an ode to nostalgia through its classic silhouette and utilitarian design details.</p>\n                                <p>- Casual unisex fit</p>\n\n                                <p>- 64% polyester, 36% polyurethane</p>\n\n                                <p>- Water column pressure: 4000 mm</p>\n\n                                <p>- Model is 187cm tall and wearing a size S / M</p>\n\n                                <p>- Unisex fit</p>\n\n                                <p>- Drawstring hood with built-in cap</p>\n\n                                <p>- Front placket with snap buttons</p>\n\n                                <p>- Ventilation under armpit</p>\n\n                                <p>- Adjustable cuffs</p>\n\n                                <p>- Double welted front pockets</p>\n\n                                <p>- Adjustable elastic string at hempen</p>\n\n                                <p>- Ultrasonically welded seams</p>\n\n                                <p>This is a unisex item, please check our clothing &amp; footwear sizing guide for specific Rains jacket sizing information. RAINS comes from the rainy nation of Denmark at the edge of the European continent, close to the ocean and with prevailing westerly winds; all factors that contribute to an average of 121 rain days each year. Arising from these rainy weather conditions comes the attitude that a quick rain shower may be beautiful, as well as moody- but first and foremost requires the right outfit. Rains focus on the whole experience of going outside on rainy days, issuing an invitation to explore even in the most mercurial weather.</p>','published','[\"products\\/product-51.jpg\",\"products\\/product-35.jpg\",\"products\\/product-21.jpg\",\"products\\/product-28.jpg\",\"products\\/product-76.jpg\",\"products\\/product-66.jpg\",\"products\\/product-86.jpg\",\"products\\/product-5.jpg\",\"products\\/product-32.jpg\",\"products\\/product-92.jpg\",\"products\\/product-87.jpg\",\"products\\/product-17.jpg\"]',NULL,'NC-107-A0',0,17,0,1,'in_stock',1,NULL,6,0,2,9,2.67,0,371,NULL,NULL,NULL,18,18,14,646,NULL,136547,'2025-12-25 18:49:42','2025-12-25 18:49:51',0,'Botble\\ACL\\Models\\User',NULL,'physical',NULL,NULL,0,0,'auto_generate',0,0,0,2),(8,'Purab Enormous Miranda Bottle',NULL,'<p>Short Hooded Coat features a straight body, large pockets with button flaps, ventilation air holes, and a string detail along the hemline.</p>','<p>Short Hooded Coat features a straight body, large pockets with button flaps, ventilation air holes, and a string detail along the hemline. The style is completed with a drawstring hood, featuring Rains’ signature built-in cap. Made from waterproof, matte PU, this lightweight unisex rain jacket is an ode to nostalgia through its classic silhouette and utilitarian design details.</p>\n                                <p>- Casual unisex fit</p>\n\n                                <p>- 64% polyester, 36% polyurethane</p>\n\n                                <p>- Water column pressure: 4000 mm</p>\n\n                                <p>- Model is 187cm tall and wearing a size S / M</p>\n\n                                <p>- Unisex fit</p>\n\n                                <p>- Drawstring hood with built-in cap</p>\n\n                                <p>- Front placket with snap buttons</p>\n\n                                <p>- Ventilation under armpit</p>\n\n                                <p>- Adjustable cuffs</p>\n\n                                <p>- Double welted front pockets</p>\n\n                                <p>- Adjustable elastic string at hempen</p>\n\n                                <p>- Ultrasonically welded seams</p>\n\n                                <p>This is a unisex item, please check our clothing &amp; footwear sizing guide for specific Rains jacket sizing information. RAINS comes from the rainy nation of Denmark at the edge of the European continent, close to the ocean and with prevailing westerly winds; all factors that contribute to an average of 121 rain days each year. Arising from these rainy weather conditions comes the attitude that a quick rain shower may be beautiful, as well as moody- but first and foremost requires the right outfit. Rains focus on the whole experience of going outside on rainy days, issuing an invitation to explore even in the most mercurial weather.</p>','published','[\"products\\/product-3.jpg\",\"products\\/product-84.jpg\",\"products\\/product-92.jpg\",\"products\\/product-63.jpg\",\"products\\/product-83.jpg\"]',NULL,'NC-184-A0',0,20,0,1,'in_stock',0,NULL,7,0,2,10,2.40,0,475,346.75,NULL,NULL,12,18,19,627,NULL,174983,'2025-12-25 18:49:42','2025-12-25 18:49:51',0,'Botble\\ACL\\Models\\User',NULL,'physical',NULL,NULL,0,0,'auto_generate',0,0,0,1),(9,'Miklonda Co. Crafted Candles',NULL,'<p>Short Hooded Coat features a straight body, large pockets with button flaps, ventilation air holes, and a string detail along the hemline.</p>','<p>Short Hooded Coat features a straight body, large pockets with button flaps, ventilation air holes, and a string detail along the hemline. The style is completed with a drawstring hood, featuring Rains’ signature built-in cap. Made from waterproof, matte PU, this lightweight unisex rain jacket is an ode to nostalgia through its classic silhouette and utilitarian design details.</p>\n                                <p>- Casual unisex fit</p>\n\n                                <p>- 64% polyester, 36% polyurethane</p>\n\n                                <p>- Water column pressure: 4000 mm</p>\n\n                                <p>- Model is 187cm tall and wearing a size S / M</p>\n\n                                <p>- Unisex fit</p>\n\n                                <p>- Drawstring hood with built-in cap</p>\n\n                                <p>- Front placket with snap buttons</p>\n\n                                <p>- Ventilation under armpit</p>\n\n                                <p>- Adjustable cuffs</p>\n\n                                <p>- Double welted front pockets</p>\n\n                                <p>- Adjustable elastic string at hempen</p>\n\n                                <p>- Ultrasonically welded seams</p>\n\n                                <p>This is a unisex item, please check our clothing &amp; footwear sizing guide for specific Rains jacket sizing information. RAINS comes from the rainy nation of Denmark at the edge of the European continent, close to the ocean and with prevailing westerly winds; all factors that contribute to an average of 121 rain days each year. Arising from these rainy weather conditions comes the attitude that a quick rain shower may be beautiful, as well as moody- but first and foremost requires the right outfit. Rains focus on the whole experience of going outside on rainy days, issuing an invitation to explore even in the most mercurial weather.</p>','published','[\"products\\/product-88.jpg\",\"products\\/product-78.jpg\",\"products\\/product-25.jpg\",\"products\\/product-48.jpg\",\"products\\/product-73.jpg\",\"products\\/product-33.jpg\",\"products\\/product-61.jpg\",\"products\\/product-91.jpg\"]',NULL,'NC-105-A0',0,16,0,1,'in_stock',0,NULL,1,0,4,9,3.11,0,282,NULL,NULL,NULL,12,12,10,617,NULL,57097,'2025-12-25 18:49:42','2025-12-25 18:49:51',0,'Botble\\ACL\\Models\\User',NULL,'digital',NULL,NULL,0,0,'auto_generate',0,0,0,1),(10,'Pinkol Enormous Granite Bottle',NULL,'<p>Short Hooded Coat features a straight body, large pockets with button flaps, ventilation air holes, and a string detail along the hemline.</p>','<p>Short Hooded Coat features a straight body, large pockets with button flaps, ventilation air holes, and a string detail along the hemline. The style is completed with a drawstring hood, featuring Rains’ signature built-in cap. Made from waterproof, matte PU, this lightweight unisex rain jacket is an ode to nostalgia through its classic silhouette and utilitarian design details.</p>\n                                <p>- Casual unisex fit</p>\n\n                                <p>- 64% polyester, 36% polyurethane</p>\n\n                                <p>- Water column pressure: 4000 mm</p>\n\n                                <p>- Model is 187cm tall and wearing a size S / M</p>\n\n                                <p>- Unisex fit</p>\n\n                                <p>- Drawstring hood with built-in cap</p>\n\n                                <p>- Front placket with snap buttons</p>\n\n                                <p>- Ventilation under armpit</p>\n\n                                <p>- Adjustable cuffs</p>\n\n                                <p>- Double welted front pockets</p>\n\n                                <p>- Adjustable elastic string at hempen</p>\n\n                                <p>- Ultrasonically welded seams</p>\n\n                                <p>This is a unisex item, please check our clothing &amp; footwear sizing guide for specific Rains jacket sizing information. RAINS comes from the rainy nation of Denmark at the edge of the European continent, close to the ocean and with prevailing westerly winds; all factors that contribute to an average of 121 rain days each year. Arising from these rainy weather conditions comes the attitude that a quick rain shower may be beautiful, as well as moody- but first and foremost requires the right outfit. Rains focus on the whole experience of going outside on rainy days, issuing an invitation to explore even in the most mercurial weather.</p>','published','[\"products\\/product-76.jpg\",\"products\\/product-1.jpg\",\"products\\/product-83.jpg\",\"products\\/product-40.jpg\",\"products\\/product-89.jpg\",\"products\\/product-88.jpg\",\"products\\/product-50.jpg\",\"products\\/product-19.jpg\",\"products\\/product-63.jpg\"]',NULL,'NC-112-A0',0,12,0,1,'in_stock',1,NULL,7,0,4,9,3.67,0,402,NULL,NULL,NULL,19,12,14,840,NULL,69331,'2025-12-25 18:49:42','2025-12-25 18:49:51',0,'Botble\\ACL\\Models\\User',NULL,'physical',NULL,NULL,0,0,'auto_generate',0,0,0,2),(11,'Dual Camera 20MP',NULL,'<p>Short Hooded Coat features a straight body, large pockets with button flaps, ventilation air holes, and a string detail along the hemline.</p>','<p>Short Hooded Coat features a straight body, large pockets with button flaps, ventilation air holes, and a string detail along the hemline. The style is completed with a drawstring hood, featuring Rains’ signature built-in cap. Made from waterproof, matte PU, this lightweight unisex rain jacket is an ode to nostalgia through its classic silhouette and utilitarian design details.</p>\n                                <p>- Casual unisex fit</p>\n\n                                <p>- 64% polyester, 36% polyurethane</p>\n\n                                <p>- Water column pressure: 4000 mm</p>\n\n                                <p>- Model is 187cm tall and wearing a size S / M</p>\n\n                                <p>- Unisex fit</p>\n\n                                <p>- Drawstring hood with built-in cap</p>\n\n                                <p>- Front placket with snap buttons</p>\n\n                                <p>- Ventilation under armpit</p>\n\n                                <p>- Adjustable cuffs</p>\n\n                                <p>- Double welted front pockets</p>\n\n                                <p>- Adjustable elastic string at hempen</p>\n\n                                <p>- Ultrasonically welded seams</p>\n\n                                <p>This is a unisex item, please check our clothing &amp; footwear sizing guide for specific Rains jacket sizing information. RAINS comes from the rainy nation of Denmark at the edge of the European continent, close to the ocean and with prevailing westerly winds; all factors that contribute to an average of 121 rain days each year. Arising from these rainy weather conditions comes the attitude that a quick rain shower may be beautiful, as well as moody- but first and foremost requires the right outfit. Rains focus on the whole experience of going outside on rainy days, issuing an invitation to explore even in the most mercurial weather.</p>','published','[\"products\\/product-71.jpg\",\"products\\/product-82.jpg\",\"products\\/product-64.jpg\",\"products\\/product-8.jpg\",\"products\\/product-48.jpg\",\"products\\/product-56.jpg\",\"products\\/product-45.jpg\",\"products\\/product-80.jpg\",\"products\\/product-10.jpg\",\"products\\/product-84.jpg\",\"products\\/product-69.jpg\"]',NULL,'NC-145-A0',0,12,0,1,'in_stock',1,NULL,4,0,1,10,2.50,0,442,NULL,NULL,NULL,14,10,17,599,NULL,54411,'2025-12-25 18:49:42','2025-12-25 18:49:51',0,'Botble\\ACL\\Models\\User',NULL,'physical',NULL,NULL,0,0,'auto_generate',0,0,0,2),(12,'Smart Watches',NULL,'<p>Short Hooded Coat features a straight body, large pockets with button flaps, ventilation air holes, and a string detail along the hemline.</p>','<p>Short Hooded Coat features a straight body, large pockets with button flaps, ventilation air holes, and a string detail along the hemline. The style is completed with a drawstring hood, featuring Rains’ signature built-in cap. Made from waterproof, matte PU, this lightweight unisex rain jacket is an ode to nostalgia through its classic silhouette and utilitarian design details.</p>\n                                <p>- Casual unisex fit</p>\n\n                                <p>- 64% polyester, 36% polyurethane</p>\n\n                                <p>- Water column pressure: 4000 mm</p>\n\n                                <p>- Model is 187cm tall and wearing a size S / M</p>\n\n                                <p>- Unisex fit</p>\n\n                                <p>- Drawstring hood with built-in cap</p>\n\n                                <p>- Front placket with snap buttons</p>\n\n                                <p>- Ventilation under armpit</p>\n\n                                <p>- Adjustable cuffs</p>\n\n                                <p>- Double welted front pockets</p>\n\n                                <p>- Adjustable elastic string at hempen</p>\n\n                                <p>- Ultrasonically welded seams</p>\n\n                                <p>This is a unisex item, please check our clothing &amp; footwear sizing guide for specific Rains jacket sizing information. RAINS comes from the rainy nation of Denmark at the edge of the European continent, close to the ocean and with prevailing westerly winds; all factors that contribute to an average of 121 rain days each year. Arising from these rainy weather conditions comes the attitude that a quick rain shower may be beautiful, as well as moody- but first and foremost requires the right outfit. Rains focus on the whole experience of going outside on rainy days, issuing an invitation to explore even in the most mercurial weather.</p>','published','[\"products\\/product-49.jpg\",\"products\\/product-91.jpg\",\"products\\/product-54.jpg\",\"products\\/product-82.jpg\",\"products\\/product-93.jpg\",\"products\\/product-17.jpg\",\"products\\/product-86.jpg\",\"products\\/product-30.jpg\",\"products\\/product-41.jpg\"]',NULL,'NC-176-A0',0,19,0,1,'in_stock',1,NULL,5,0,3,8,3.50,0,256,222.72,NULL,NULL,20,20,17,683,NULL,181597,'2025-12-25 18:49:42','2025-12-25 18:49:51',0,'Botble\\ACL\\Models\\User',NULL,'physical',NULL,NULL,0,0,'auto_generate',0,0,0,2),(13,'Beat Headphone',NULL,'<p>Short Hooded Coat features a straight body, large pockets with button flaps, ventilation air holes, and a string detail along the hemline.</p>','<p>Short Hooded Coat features a straight body, large pockets with button flaps, ventilation air holes, and a string detail along the hemline. The style is completed with a drawstring hood, featuring Rains’ signature built-in cap. Made from waterproof, matte PU, this lightweight unisex rain jacket is an ode to nostalgia through its classic silhouette and utilitarian design details.</p>\n                                <p>- Casual unisex fit</p>\n\n                                <p>- 64% polyester, 36% polyurethane</p>\n\n                                <p>- Water column pressure: 4000 mm</p>\n\n                                <p>- Model is 187cm tall and wearing a size S / M</p>\n\n                                <p>- Unisex fit</p>\n\n                                <p>- Drawstring hood with built-in cap</p>\n\n                                <p>- Front placket with snap buttons</p>\n\n                                <p>- Ventilation under armpit</p>\n\n                                <p>- Adjustable cuffs</p>\n\n                                <p>- Double welted front pockets</p>\n\n                                <p>- Adjustable elastic string at hempen</p>\n\n                                <p>- Ultrasonically welded seams</p>\n\n                                <p>This is a unisex item, please check our clothing &amp; footwear sizing guide for specific Rains jacket sizing information. RAINS comes from the rainy nation of Denmark at the edge of the European continent, close to the ocean and with prevailing westerly winds; all factors that contribute to an average of 121 rain days each year. Arising from these rainy weather conditions comes the attitude that a quick rain shower may be beautiful, as well as moody- but first and foremost requires the right outfit. Rains focus on the whole experience of going outside on rainy days, issuing an invitation to explore even in the most mercurial weather.</p>','published','[\"products\\/product-33.jpg\",\"products\\/product-10.jpg\",\"products\\/product-55.jpg\",\"products\\/product-40.jpg\",\"products\\/product-8.jpg\"]',NULL,'NC-105-A0',0,12,0,1,'in_stock',0,NULL,7,0,2,10,3.40,0,349,NULL,NULL,NULL,18,13,10,515,NULL,39438,'2025-12-25 18:49:42','2025-12-25 18:49:51',0,'Botble\\ACL\\Models\\User',NULL,'digital',NULL,NULL,0,0,'auto_generate',0,0,0,2),(14,'Red &amp; Black Headphone',NULL,'<p>Short Hooded Coat features a straight body, large pockets with button flaps, ventilation air holes, and a string detail along the hemline.</p>','<p>Short Hooded Coat features a straight body, large pockets with button flaps, ventilation air holes, and a string detail along the hemline. The style is completed with a drawstring hood, featuring Rains’ signature built-in cap. Made from waterproof, matte PU, this lightweight unisex rain jacket is an ode to nostalgia through its classic silhouette and utilitarian design details.</p>\n                                <p>- Casual unisex fit</p>\n\n                                <p>- 64% polyester, 36% polyurethane</p>\n\n                                <p>- Water column pressure: 4000 mm</p>\n\n                                <p>- Model is 187cm tall and wearing a size S / M</p>\n\n                                <p>- Unisex fit</p>\n\n                                <p>- Drawstring hood with built-in cap</p>\n\n                                <p>- Front placket with snap buttons</p>\n\n                                <p>- Ventilation under armpit</p>\n\n                                <p>- Adjustable cuffs</p>\n\n                                <p>- Double welted front pockets</p>\n\n                                <p>- Adjustable elastic string at hempen</p>\n\n                                <p>- Ultrasonically welded seams</p>\n\n                                <p>This is a unisex item, please check our clothing &amp; footwear sizing guide for specific Rains jacket sizing information. RAINS comes from the rainy nation of Denmark at the edge of the European continent, close to the ocean and with prevailing westerly winds; all factors that contribute to an average of 121 rain days each year. Arising from these rainy weather conditions comes the attitude that a quick rain shower may be beautiful, as well as moody- but first and foremost requires the right outfit. Rains focus on the whole experience of going outside on rainy days, issuing an invitation to explore even in the most mercurial weather.</p>','published','[\"products\\/product-72.jpg\",\"products\\/product-73.jpg\",\"products\\/product-22.jpg\",\"products\\/product-48.jpg\",\"products\\/product-54.jpg\",\"products\\/product-78.jpg\",\"products\\/product-94.jpg\",\"products\\/product-71.jpg\",\"products\\/product-86.jpg\",\"products\\/product-80.jpg\"]',NULL,'NC-125-A0',0,11,0,1,'in_stock',1,NULL,7,0,2,10,2.60,0,366,NULL,NULL,NULL,20,13,15,699,NULL,56650,'2025-12-25 18:49:42','2025-12-25 18:49:51',0,'Botble\\ACL\\Models\\User',NULL,'physical',NULL,NULL,0,0,'auto_generate',0,0,0,2),(15,'Smart Watch External',NULL,'<p>Short Hooded Coat features a straight body, large pockets with button flaps, ventilation air holes, and a string detail along the hemline.</p>','<p>Short Hooded Coat features a straight body, large pockets with button flaps, ventilation air holes, and a string detail along the hemline. The style is completed with a drawstring hood, featuring Rains’ signature built-in cap. Made from waterproof, matte PU, this lightweight unisex rain jacket is an ode to nostalgia through its classic silhouette and utilitarian design details.</p>\n                                <p>- Casual unisex fit</p>\n\n                                <p>- 64% polyester, 36% polyurethane</p>\n\n                                <p>- Water column pressure: 4000 mm</p>\n\n                                <p>- Model is 187cm tall and wearing a size S / M</p>\n\n                                <p>- Unisex fit</p>\n\n                                <p>- Drawstring hood with built-in cap</p>\n\n                                <p>- Front placket with snap buttons</p>\n\n                                <p>- Ventilation under armpit</p>\n\n                                <p>- Adjustable cuffs</p>\n\n                                <p>- Double welted front pockets</p>\n\n                                <p>- Adjustable elastic string at hempen</p>\n\n                                <p>- Ultrasonically welded seams</p>\n\n                                <p>This is a unisex item, please check our clothing &amp; footwear sizing guide for specific Rains jacket sizing information. RAINS comes from the rainy nation of Denmark at the edge of the European continent, close to the ocean and with prevailing westerly winds; all factors that contribute to an average of 121 rain days each year. Arising from these rainy weather conditions comes the attitude that a quick rain shower may be beautiful, as well as moody- but first and foremost requires the right outfit. Rains focus on the whole experience of going outside on rainy days, issuing an invitation to explore even in the most mercurial weather.</p>','published','[\"products\\/product-60.jpg\",\"products\\/product-43.jpg\",\"products\\/product-89.jpg\",\"products\\/product-8.jpg\",\"products\\/product-11.jpg\",\"products\\/product-39.jpg\",\"products\\/product-63.jpg\",\"products\\/product-22.jpg\",\"products\\/product-25.jpg\",\"products\\/product-3.jpg\"]',NULL,'NC-195-A0',0,18,0,1,'in_stock',0,NULL,2,0,3,10,3.20,0,436,NULL,NULL,NULL,10,19,20,622,NULL,117811,'2025-12-25 18:49:42','2025-12-25 18:49:51',0,'Botble\\ACL\\Models\\User',NULL,'physical',NULL,NULL,0,0,'auto_generate',0,0,0,2),(16,'Nikon HD camera',NULL,'<p>Short Hooded Coat features a straight body, large pockets with button flaps, ventilation air holes, and a string detail along the hemline.</p>','<p>Short Hooded Coat features a straight body, large pockets with button flaps, ventilation air holes, and a string detail along the hemline. The style is completed with a drawstring hood, featuring Rains’ signature built-in cap. Made from waterproof, matte PU, this lightweight unisex rain jacket is an ode to nostalgia through its classic silhouette and utilitarian design details.</p>\n                                <p>- Casual unisex fit</p>\n\n                                <p>- 64% polyester, 36% polyurethane</p>\n\n                                <p>- Water column pressure: 4000 mm</p>\n\n                                <p>- Model is 187cm tall and wearing a size S / M</p>\n\n                                <p>- Unisex fit</p>\n\n                                <p>- Drawstring hood with built-in cap</p>\n\n                                <p>- Front placket with snap buttons</p>\n\n                                <p>- Ventilation under armpit</p>\n\n                                <p>- Adjustable cuffs</p>\n\n                                <p>- Double welted front pockets</p>\n\n                                <p>- Adjustable elastic string at hempen</p>\n\n                                <p>- Ultrasonically welded seams</p>\n\n                                <p>This is a unisex item, please check our clothing &amp; footwear sizing guide for specific Rains jacket sizing information. RAINS comes from the rainy nation of Denmark at the edge of the European continent, close to the ocean and with prevailing westerly winds; all factors that contribute to an average of 121 rain days each year. Arising from these rainy weather conditions comes the attitude that a quick rain shower may be beautiful, as well as moody- but first and foremost requires the right outfit. Rains focus on the whole experience of going outside on rainy days, issuing an invitation to explore even in the most mercurial weather.</p>','published','[\"products\\/product-92.jpg\",\"products\\/product-1.jpg\",\"products\\/product-33.jpg\",\"products\\/product-80.jpg\",\"products\\/product-29.jpg\",\"products\\/product-85.jpg\",\"products\\/product-59.jpg\",\"products\\/product-5.jpg\"]',NULL,'NC-131-A0',0,11,0,1,'in_stock',0,NULL,1,0,3,10,3.90,0,226,192.1,NULL,NULL,13,14,15,673,NULL,99355,'2025-12-25 18:49:42','2025-12-25 18:49:51',0,'Botble\\ACL\\Models\\User',NULL,'physical',NULL,NULL,0,0,'auto_generate',0,0,0,2),(17,'Audio Equipment',NULL,'<p>Short Hooded Coat features a straight body, large pockets with button flaps, ventilation air holes, and a string detail along the hemline.</p>','<p>Short Hooded Coat features a straight body, large pockets with button flaps, ventilation air holes, and a string detail along the hemline. The style is completed with a drawstring hood, featuring Rains’ signature built-in cap. Made from waterproof, matte PU, this lightweight unisex rain jacket is an ode to nostalgia through its classic silhouette and utilitarian design details.</p>\n                                <p>- Casual unisex fit</p>\n\n                                <p>- 64% polyester, 36% polyurethane</p>\n\n                                <p>- Water column pressure: 4000 mm</p>\n\n                                <p>- Model is 187cm tall and wearing a size S / M</p>\n\n                                <p>- Unisex fit</p>\n\n                                <p>- Drawstring hood with built-in cap</p>\n\n                                <p>- Front placket with snap buttons</p>\n\n                                <p>- Ventilation under armpit</p>\n\n                                <p>- Adjustable cuffs</p>\n\n                                <p>- Double welted front pockets</p>\n\n                                <p>- Adjustable elastic string at hempen</p>\n\n                                <p>- Ultrasonically welded seams</p>\n\n                                <p>This is a unisex item, please check our clothing &amp; footwear sizing guide for specific Rains jacket sizing information. RAINS comes from the rainy nation of Denmark at the edge of the European continent, close to the ocean and with prevailing westerly winds; all factors that contribute to an average of 121 rain days each year. Arising from these rainy weather conditions comes the attitude that a quick rain shower may be beautiful, as well as moody- but first and foremost requires the right outfit. Rains focus on the whole experience of going outside on rainy days, issuing an invitation to explore even in the most mercurial weather.</p>','published','[\"products\\/product-78.jpg\",\"products\\/product-88.jpg\",\"products\\/product-72.jpg\",\"products\\/product-28.jpg\",\"products\\/product-82.jpg\",\"products\\/product-47.jpg\",\"products\\/product-89.jpg\",\"products\\/product-80.jpg\",\"products\\/product-46.jpg\",\"products\\/product-32.jpg\"]',NULL,'NC-162-A0',0,16,0,1,'in_stock',1,NULL,1,0,4,10,3.80,0,431,NULL,NULL,NULL,20,17,18,874,NULL,92772,'2025-12-25 18:49:42','2025-12-25 18:49:51',0,'Botble\\ACL\\Models\\User',NULL,'digital',NULL,NULL,0,0,'auto_generate',0,0,0,1),(18,'Smart Televisions',NULL,'<p>Short Hooded Coat features a straight body, large pockets with button flaps, ventilation air holes, and a string detail along the hemline.</p>','<p>Short Hooded Coat features a straight body, large pockets with button flaps, ventilation air holes, and a string detail along the hemline. The style is completed with a drawstring hood, featuring Rains’ signature built-in cap. Made from waterproof, matte PU, this lightweight unisex rain jacket is an ode to nostalgia through its classic silhouette and utilitarian design details.</p>\n                                <p>- Casual unisex fit</p>\n\n                                <p>- 64% polyester, 36% polyurethane</p>\n\n                                <p>- Water column pressure: 4000 mm</p>\n\n                                <p>- Model is 187cm tall and wearing a size S / M</p>\n\n                                <p>- Unisex fit</p>\n\n                                <p>- Drawstring hood with built-in cap</p>\n\n                                <p>- Front placket with snap buttons</p>\n\n                                <p>- Ventilation under armpit</p>\n\n                                <p>- Adjustable cuffs</p>\n\n                                <p>- Double welted front pockets</p>\n\n                                <p>- Adjustable elastic string at hempen</p>\n\n                                <p>- Ultrasonically welded seams</p>\n\n                                <p>This is a unisex item, please check our clothing &amp; footwear sizing guide for specific Rains jacket sizing information. RAINS comes from the rainy nation of Denmark at the edge of the European continent, close to the ocean and with prevailing westerly winds; all factors that contribute to an average of 121 rain days each year. Arising from these rainy weather conditions comes the attitude that a quick rain shower may be beautiful, as well as moody- but first and foremost requires the right outfit. Rains focus on the whole experience of going outside on rainy days, issuing an invitation to explore even in the most mercurial weather.</p>','published','[\"products\\/product-67.jpg\",\"products\\/product-82.jpg\",\"products\\/product-47.jpg\",\"products\\/product-85.jpg\",\"products\\/product-68.jpg\",\"products\\/product-70.jpg\",\"products\\/product-57.jpg\",\"products\\/product-95.jpg\"]',NULL,'NC-112-A0',0,14,0,1,'in_stock',1,NULL,4,0,2,9,3.00,0,335,NULL,NULL,NULL,16,14,18,614,NULL,188500,'2025-12-25 18:49:42','2025-12-25 18:49:51',0,'Botble\\ACL\\Models\\User',NULL,'physical',NULL,NULL,0,0,'auto_generate',0,0,0,1),(19,'Samsung Smart Phone',NULL,'<p>Short Hooded Coat features a straight body, large pockets with button flaps, ventilation air holes, and a string detail along the hemline.</p>','<p>Short Hooded Coat features a straight body, large pockets with button flaps, ventilation air holes, and a string detail along the hemline. The style is completed with a drawstring hood, featuring Rains’ signature built-in cap. Made from waterproof, matte PU, this lightweight unisex rain jacket is an ode to nostalgia through its classic silhouette and utilitarian design details.</p>\n                                <p>- Casual unisex fit</p>\n\n                                <p>- 64% polyester, 36% polyurethane</p>\n\n                                <p>- Water column pressure: 4000 mm</p>\n\n                                <p>- Model is 187cm tall and wearing a size S / M</p>\n\n                                <p>- Unisex fit</p>\n\n                                <p>- Drawstring hood with built-in cap</p>\n\n                                <p>- Front placket with snap buttons</p>\n\n                                <p>- Ventilation under armpit</p>\n\n                                <p>- Adjustable cuffs</p>\n\n                                <p>- Double welted front pockets</p>\n\n                                <p>- Adjustable elastic string at hempen</p>\n\n                                <p>- Ultrasonically welded seams</p>\n\n                                <p>This is a unisex item, please check our clothing &amp; footwear sizing guide for specific Rains jacket sizing information. RAINS comes from the rainy nation of Denmark at the edge of the European continent, close to the ocean and with prevailing westerly winds; all factors that contribute to an average of 121 rain days each year. Arising from these rainy weather conditions comes the attitude that a quick rain shower may be beautiful, as well as moody- but first and foremost requires the right outfit. Rains focus on the whole experience of going outside on rainy days, issuing an invitation to explore even in the most mercurial weather.</p>','published','[\"products\\/product-40.jpg\",\"products\\/product-3.jpg\",\"products\\/product-52.jpg\",\"products\\/product-70.jpg\",\"products\\/product-84.jpg\",\"products\\/product-56.jpg\",\"products\\/product-22.jpg\",\"products\\/product-34.jpg\",\"products\\/product-50.jpg\",\"products\\/product-37.jpg\",\"products\\/product-28.jpg\",\"products\\/product-67.jpg\"]',NULL,'NC-124-A0',0,19,0,1,'in_stock',0,NULL,5,0,2,10,3.00,0,350,NULL,NULL,NULL,11,13,11,747,NULL,162742,'2025-12-25 18:49:42','2025-12-25 18:49:51',0,'Botble\\ACL\\Models\\User',NULL,'physical',NULL,NULL,0,0,'auto_generate',0,0,0,2),(20,'Herschel Leather Duffle Bag In Brown Color',NULL,'<p>Short Hooded Coat features a straight body, large pockets with button flaps, ventilation air holes, and a string detail along the hemline.</p>','<p>Short Hooded Coat features a straight body, large pockets with button flaps, ventilation air holes, and a string detail along the hemline. The style is completed with a drawstring hood, featuring Rains’ signature built-in cap. Made from waterproof, matte PU, this lightweight unisex rain jacket is an ode to nostalgia through its classic silhouette and utilitarian design details.</p>\n                                <p>- Casual unisex fit</p>\n\n                                <p>- 64% polyester, 36% polyurethane</p>\n\n                                <p>- Water column pressure: 4000 mm</p>\n\n                                <p>- Model is 187cm tall and wearing a size S / M</p>\n\n                                <p>- Unisex fit</p>\n\n                                <p>- Drawstring hood with built-in cap</p>\n\n                                <p>- Front placket with snap buttons</p>\n\n                                <p>- Ventilation under armpit</p>\n\n                                <p>- Adjustable cuffs</p>\n\n                                <p>- Double welted front pockets</p>\n\n                                <p>- Adjustable elastic string at hempen</p>\n\n                                <p>- Ultrasonically welded seams</p>\n\n                                <p>This is a unisex item, please check our clothing &amp; footwear sizing guide for specific Rains jacket sizing information. RAINS comes from the rainy nation of Denmark at the edge of the European continent, close to the ocean and with prevailing westerly winds; all factors that contribute to an average of 121 rain days each year. Arising from these rainy weather conditions comes the attitude that a quick rain shower may be beautiful, as well as moody- but first and foremost requires the right outfit. Rains focus on the whole experience of going outside on rainy days, issuing an invitation to explore even in the most mercurial weather.</p>','published','[\"products\\/product-30.jpg\",\"products\\/product-6.jpg\",\"products\\/product-37.jpg\",\"products\\/product-74.jpg\",\"products\\/product-90.jpg\",\"products\\/product-25.jpg\",\"products\\/product-45.jpg\",\"products\\/product-80.jpg\",\"products\\/product-63.jpg\",\"products\\/product-43.jpg\",\"products\\/product-39.jpg\"]',NULL,'NC-178-A0',0,19,0,1,'in_stock',1,NULL,7,0,3,10,2.90,0,227,172.52,NULL,NULL,12,12,14,567,NULL,23192,'2025-12-25 18:49:42','2025-12-25 18:49:51',0,'Botble\\ACL\\Models\\User',NULL,'physical',NULL,NULL,0,0,'auto_generate',0,0,0,2),(21,'Xbox One Wireless Controller Black Color',NULL,'<p>Short Hooded Coat features a straight body, large pockets with button flaps, ventilation air holes, and a string detail along the hemline.</p>','<p>Short Hooded Coat features a straight body, large pockets with button flaps, ventilation air holes, and a string detail along the hemline. The style is completed with a drawstring hood, featuring Rains’ signature built-in cap. Made from waterproof, matte PU, this lightweight unisex rain jacket is an ode to nostalgia through its classic silhouette and utilitarian design details.</p>\n                                <p>- Casual unisex fit</p>\n\n                                <p>- 64% polyester, 36% polyurethane</p>\n\n                                <p>- Water column pressure: 4000 mm</p>\n\n                                <p>- Model is 187cm tall and wearing a size S / M</p>\n\n                                <p>- Unisex fit</p>\n\n                                <p>- Drawstring hood with built-in cap</p>\n\n                                <p>- Front placket with snap buttons</p>\n\n                                <p>- Ventilation under armpit</p>\n\n                                <p>- Adjustable cuffs</p>\n\n                                <p>- Double welted front pockets</p>\n\n                                <p>- Adjustable elastic string at hempen</p>\n\n                                <p>- Ultrasonically welded seams</p>\n\n                                <p>This is a unisex item, please check our clothing &amp; footwear sizing guide for specific Rains jacket sizing information. RAINS comes from the rainy nation of Denmark at the edge of the European continent, close to the ocean and with prevailing westerly winds; all factors that contribute to an average of 121 rain days each year. Arising from these rainy weather conditions comes the attitude that a quick rain shower may be beautiful, as well as moody- but first and foremost requires the right outfit. Rains focus on the whole experience of going outside on rainy days, issuing an invitation to explore even in the most mercurial weather.</p>','published','[\"products\\/product-24.jpg\",\"products\\/product-92.jpg\",\"products\\/product-1.jpg\",\"products\\/product-34.jpg\",\"products\\/product-57.jpg\",\"products\\/product-25.jpg\",\"products\\/product-68.jpg\",\"products\\/product-11.jpg\"]',NULL,'NC-185-A0',0,17,0,1,'in_stock',1,NULL,3,0,2,8,2.88,0,278,NULL,NULL,NULL,12,10,20,869,NULL,113474,'2025-12-25 18:49:42','2025-12-25 18:49:51',0,'Botble\\ACL\\Models\\User',NULL,'digital',NULL,NULL,0,0,'auto_generate',0,0,0,2),(22,'EPSION Plaster Printer',NULL,'<p>Short Hooded Coat features a straight body, large pockets with button flaps, ventilation air holes, and a string detail along the hemline.</p>','<p>Short Hooded Coat features a straight body, large pockets with button flaps, ventilation air holes, and a string detail along the hemline. The style is completed with a drawstring hood, featuring Rains’ signature built-in cap. Made from waterproof, matte PU, this lightweight unisex rain jacket is an ode to nostalgia through its classic silhouette and utilitarian design details.</p>\n                                <p>- Casual unisex fit</p>\n\n                                <p>- 64% polyester, 36% polyurethane</p>\n\n                                <p>- Water column pressure: 4000 mm</p>\n\n                                <p>- Model is 187cm tall and wearing a size S / M</p>\n\n                                <p>- Unisex fit</p>\n\n                                <p>- Drawstring hood with built-in cap</p>\n\n                                <p>- Front placket with snap buttons</p>\n\n                                <p>- Ventilation under armpit</p>\n\n                                <p>- Adjustable cuffs</p>\n\n                                <p>- Double welted front pockets</p>\n\n                                <p>- Adjustable elastic string at hempen</p>\n\n                                <p>- Ultrasonically welded seams</p>\n\n                                <p>This is a unisex item, please check our clothing &amp; footwear sizing guide for specific Rains jacket sizing information. RAINS comes from the rainy nation of Denmark at the edge of the European continent, close to the ocean and with prevailing westerly winds; all factors that contribute to an average of 121 rain days each year. Arising from these rainy weather conditions comes the attitude that a quick rain shower may be beautiful, as well as moody- but first and foremost requires the right outfit. Rains focus on the whole experience of going outside on rainy days, issuing an invitation to explore even in the most mercurial weather.</p>','published','[\"products\\/product-32.jpg\",\"products\\/product-52.jpg\",\"products\\/product-91.jpg\",\"products\\/product-67.jpg\",\"products\\/product-5.jpg\",\"products\\/product-85.jpg\",\"products\\/product-81.jpg\",\"products\\/product-44.jpg\",\"products\\/product-11.jpg\",\"products\\/product-59.jpg\",\"products\\/product-64.jpg\",\"products\\/product-25.jpg\"]',NULL,'NC-190-A0',0,20,0,1,'in_stock',0,NULL,5,0,2,9,2.89,0,274,NULL,NULL,NULL,19,14,15,874,NULL,198027,'2025-12-25 18:49:42','2025-12-25 18:49:51',0,'Botble\\ACL\\Models\\User',NULL,'physical',NULL,NULL,0,0,'auto_generate',0,0,0,2),(23,'Sound Intone I65 Earphone White Version',NULL,'<p>Short Hooded Coat features a straight body, large pockets with button flaps, ventilation air holes, and a string detail along the hemline.</p>','<p>Short Hooded Coat features a straight body, large pockets with button flaps, ventilation air holes, and a string detail along the hemline. The style is completed with a drawstring hood, featuring Rains’ signature built-in cap. Made from waterproof, matte PU, this lightweight unisex rain jacket is an ode to nostalgia through its classic silhouette and utilitarian design details.</p>\n                                <p>- Casual unisex fit</p>\n\n                                <p>- 64% polyester, 36% polyurethane</p>\n\n                                <p>- Water column pressure: 4000 mm</p>\n\n                                <p>- Model is 187cm tall and wearing a size S / M</p>\n\n                                <p>- Unisex fit</p>\n\n                                <p>- Drawstring hood with built-in cap</p>\n\n                                <p>- Front placket with snap buttons</p>\n\n                                <p>- Ventilation under armpit</p>\n\n                                <p>- Adjustable cuffs</p>\n\n                                <p>- Double welted front pockets</p>\n\n                                <p>- Adjustable elastic string at hempen</p>\n\n                                <p>- Ultrasonically welded seams</p>\n\n                                <p>This is a unisex item, please check our clothing &amp; footwear sizing guide for specific Rains jacket sizing information. RAINS comes from the rainy nation of Denmark at the edge of the European continent, close to the ocean and with prevailing westerly winds; all factors that contribute to an average of 121 rain days each year. Arising from these rainy weather conditions comes the attitude that a quick rain shower may be beautiful, as well as moody- but first and foremost requires the right outfit. Rains focus on the whole experience of going outside on rainy days, issuing an invitation to explore even in the most mercurial weather.</p>','published','[\"products\\/product-51.jpg\",\"products\\/product-76.jpg\",\"products\\/product-82.jpg\",\"products\\/product-17.jpg\",\"products\\/product-30.jpg\"]',NULL,'NC-171-A0',0,20,0,1,'in_stock',0,NULL,2,0,4,10,2.70,0,241,NULL,NULL,NULL,16,15,17,539,NULL,145435,'2025-12-25 18:49:42','2025-12-25 18:49:51',0,'Botble\\ACL\\Models\\User',NULL,'physical',NULL,NULL,0,0,'auto_generate',0,0,0,2),(24,'B&amp;O Play Mini Bluetooth Speaker',NULL,'<p>Short Hooded Coat features a straight body, large pockets with button flaps, ventilation air holes, and a string detail along the hemline.</p>','<p>Short Hooded Coat features a straight body, large pockets with button flaps, ventilation air holes, and a string detail along the hemline. The style is completed with a drawstring hood, featuring Rains’ signature built-in cap. Made from waterproof, matte PU, this lightweight unisex rain jacket is an ode to nostalgia through its classic silhouette and utilitarian design details.</p>\n                                <p>- Casual unisex fit</p>\n\n                                <p>- 64% polyester, 36% polyurethane</p>\n\n                                <p>- Water column pressure: 4000 mm</p>\n\n                                <p>- Model is 187cm tall and wearing a size S / M</p>\n\n                                <p>- Unisex fit</p>\n\n                                <p>- Drawstring hood with built-in cap</p>\n\n                                <p>- Front placket with snap buttons</p>\n\n                                <p>- Ventilation under armpit</p>\n\n                                <p>- Adjustable cuffs</p>\n\n                                <p>- Double welted front pockets</p>\n\n                                <p>- Adjustable elastic string at hempen</p>\n\n                                <p>- Ultrasonically welded seams</p>\n\n                                <p>This is a unisex item, please check our clothing &amp; footwear sizing guide for specific Rains jacket sizing information. RAINS comes from the rainy nation of Denmark at the edge of the European continent, close to the ocean and with prevailing westerly winds; all factors that contribute to an average of 121 rain days each year. Arising from these rainy weather conditions comes the attitude that a quick rain shower may be beautiful, as well as moody- but first and foremost requires the right outfit. Rains focus on the whole experience of going outside on rainy days, issuing an invitation to explore even in the most mercurial weather.</p>','published','[\"products\\/product-54.jpg\",\"products\\/product-47.jpg\",\"products\\/product-75.jpg\",\"products\\/product-21.jpg\",\"products\\/product-78.jpg\",\"products\\/product-51.jpg\",\"products\\/product-4.jpg\",\"products\\/product-10.jpg\",\"products\\/product-58.jpg\",\"products\\/product-39.jpg\",\"products\\/product-15.jpg\"]',NULL,'NC-103-A0',0,14,0,1,'in_stock',1,NULL,1,0,1,9,3.56,0,458,325.18,NULL,NULL,11,17,10,691,NULL,157511,'2025-12-25 18:49:42','2025-12-25 18:49:51',0,'Botble\\ACL\\Models\\User',NULL,'physical',NULL,NULL,0,0,'auto_generate',0,0,0,1),(25,'Apple MacBook Air Retina 13.3-Inch Laptop',NULL,'<p>Short Hooded Coat features a straight body, large pockets with button flaps, ventilation air holes, and a string detail along the hemline.</p>','<p>Short Hooded Coat features a straight body, large pockets with button flaps, ventilation air holes, and a string detail along the hemline. The style is completed with a drawstring hood, featuring Rains’ signature built-in cap. Made from waterproof, matte PU, this lightweight unisex rain jacket is an ode to nostalgia through its classic silhouette and utilitarian design details.</p>\n                                <p>- Casual unisex fit</p>\n\n                                <p>- 64% polyester, 36% polyurethane</p>\n\n                                <p>- Water column pressure: 4000 mm</p>\n\n                                <p>- Model is 187cm tall and wearing a size S / M</p>\n\n                                <p>- Unisex fit</p>\n\n                                <p>- Drawstring hood with built-in cap</p>\n\n                                <p>- Front placket with snap buttons</p>\n\n                                <p>- Ventilation under armpit</p>\n\n                                <p>- Adjustable cuffs</p>\n\n                                <p>- Double welted front pockets</p>\n\n                                <p>- Adjustable elastic string at hempen</p>\n\n                                <p>- Ultrasonically welded seams</p>\n\n                                <p>This is a unisex item, please check our clothing &amp; footwear sizing guide for specific Rains jacket sizing information. RAINS comes from the rainy nation of Denmark at the edge of the European continent, close to the ocean and with prevailing westerly winds; all factors that contribute to an average of 121 rain days each year. Arising from these rainy weather conditions comes the attitude that a quick rain shower may be beautiful, as well as moody- but first and foremost requires the right outfit. Rains focus on the whole experience of going outside on rainy days, issuing an invitation to explore even in the most mercurial weather.</p>','published','[\"products\\/product-18.jpg\",\"products\\/product-7.jpg\",\"products\\/product-39.jpg\",\"products\\/product-94.jpg\",\"products\\/product-37.jpg\",\"products\\/product-74.jpg\",\"products\\/product-63.jpg\",\"products\\/product-4.jpg\",\"products\\/product-52.jpg\",\"products\\/product-49.jpg\",\"products\\/product-3.jpg\"]',NULL,'NC-117-A0',0,10,0,1,'in_stock',0,NULL,3,0,2,9,3.22,0,238,NULL,NULL,NULL,20,18,10,888,NULL,137682,'2025-12-25 18:49:42','2025-12-25 18:49:51',0,'Botble\\ACL\\Models\\User',NULL,'digital',NULL,NULL,0,0,'auto_generate',0,0,0,1),(26,'Apple MacBook Air Retina 12-Inch Laptop',NULL,'<p>Short Hooded Coat features a straight body, large pockets with button flaps, ventilation air holes, and a string detail along the hemline.</p>','<p>Short Hooded Coat features a straight body, large pockets with button flaps, ventilation air holes, and a string detail along the hemline. The style is completed with a drawstring hood, featuring Rains’ signature built-in cap. Made from waterproof, matte PU, this lightweight unisex rain jacket is an ode to nostalgia through its classic silhouette and utilitarian design details.</p>\n                                <p>- Casual unisex fit</p>\n\n                                <p>- 64% polyester, 36% polyurethane</p>\n\n                                <p>- Water column pressure: 4000 mm</p>\n\n                                <p>- Model is 187cm tall and wearing a size S / M</p>\n\n                                <p>- Unisex fit</p>\n\n                                <p>- Drawstring hood with built-in cap</p>\n\n                                <p>- Front placket with snap buttons</p>\n\n                                <p>- Ventilation under armpit</p>\n\n                                <p>- Adjustable cuffs</p>\n\n                                <p>- Double welted front pockets</p>\n\n                                <p>- Adjustable elastic string at hempen</p>\n\n                                <p>- Ultrasonically welded seams</p>\n\n                                <p>This is a unisex item, please check our clothing &amp; footwear sizing guide for specific Rains jacket sizing information. RAINS comes from the rainy nation of Denmark at the edge of the European continent, close to the ocean and with prevailing westerly winds; all factors that contribute to an average of 121 rain days each year. Arising from these rainy weather conditions comes the attitude that a quick rain shower may be beautiful, as well as moody- but first and foremost requires the right outfit. Rains focus on the whole experience of going outside on rainy days, issuing an invitation to explore even in the most mercurial weather.</p>','published','[\"products\\/product-31.jpg\",\"products\\/product-89.jpg\",\"products\\/product-16.jpg\",\"products\\/product-69.jpg\",\"products\\/product-59.jpg\",\"products\\/product-21.jpg\",\"products\\/product-43.jpg\",\"products\\/product-9.jpg\",\"products\\/product-55.jpg\",\"products\\/product-18.jpg\"]',NULL,'NC-137-A0',0,13,0,1,'in_stock',1,NULL,3,0,2,8,2.88,0,356,NULL,NULL,NULL,12,13,12,604,NULL,181019,'2025-12-25 18:49:42','2025-12-25 18:49:51',0,'Botble\\ACL\\Models\\User',NULL,'physical',NULL,NULL,0,0,'auto_generate',0,0,0,1),(27,'Samsung Gear VR Virtual Reality Headset',NULL,'<p>Short Hooded Coat features a straight body, large pockets with button flaps, ventilation air holes, and a string detail along the hemline.</p>','<p>Short Hooded Coat features a straight body, large pockets with button flaps, ventilation air holes, and a string detail along the hemline. The style is completed with a drawstring hood, featuring Rains’ signature built-in cap. Made from waterproof, matte PU, this lightweight unisex rain jacket is an ode to nostalgia through its classic silhouette and utilitarian design details.</p>\n                                <p>- Casual unisex fit</p>\n\n                                <p>- 64% polyester, 36% polyurethane</p>\n\n                                <p>- Water column pressure: 4000 mm</p>\n\n                                <p>- Model is 187cm tall and wearing a size S / M</p>\n\n                                <p>- Unisex fit</p>\n\n                                <p>- Drawstring hood with built-in cap</p>\n\n                                <p>- Front placket with snap buttons</p>\n\n                                <p>- Ventilation under armpit</p>\n\n                                <p>- Adjustable cuffs</p>\n\n                                <p>- Double welted front pockets</p>\n\n                                <p>- Adjustable elastic string at hempen</p>\n\n                                <p>- Ultrasonically welded seams</p>\n\n                                <p>This is a unisex item, please check our clothing &amp; footwear sizing guide for specific Rains jacket sizing information. RAINS comes from the rainy nation of Denmark at the edge of the European continent, close to the ocean and with prevailing westerly winds; all factors that contribute to an average of 121 rain days each year. Arising from these rainy weather conditions comes the attitude that a quick rain shower may be beautiful, as well as moody- but first and foremost requires the right outfit. Rains focus on the whole experience of going outside on rainy days, issuing an invitation to explore even in the most mercurial weather.</p>','published','[\"products\\/product-2.jpg\",\"products\\/product-85.jpg\",\"products\\/product-43.jpg\",\"products\\/product-51.jpg\",\"products\\/product-17.jpg\",\"products\\/product-89.jpg\",\"products\\/product-52.jpg\"]',NULL,'NC-162-A0',0,19,0,1,'in_stock',1,NULL,3,0,2,10,2.90,0,458,NULL,NULL,NULL,18,12,14,584,NULL,34901,'2025-12-25 18:49:42','2025-12-25 18:49:51',0,'Botble\\ACL\\Models\\User',NULL,'physical',NULL,NULL,0,0,'auto_generate',0,0,0,2),(28,'Aveeno Moisturizing Body Shower 450ml',NULL,'<p>Short Hooded Coat features a straight body, large pockets with button flaps, ventilation air holes, and a string detail along the hemline.</p>','<p>Short Hooded Coat features a straight body, large pockets with button flaps, ventilation air holes, and a string detail along the hemline. The style is completed with a drawstring hood, featuring Rains’ signature built-in cap. Made from waterproof, matte PU, this lightweight unisex rain jacket is an ode to nostalgia through its classic silhouette and utilitarian design details.</p>\n                                <p>- Casual unisex fit</p>\n\n                                <p>- 64% polyester, 36% polyurethane</p>\n\n                                <p>- Water column pressure: 4000 mm</p>\n\n                                <p>- Model is 187cm tall and wearing a size S / M</p>\n\n                                <p>- Unisex fit</p>\n\n                                <p>- Drawstring hood with built-in cap</p>\n\n                                <p>- Front placket with snap buttons</p>\n\n                                <p>- Ventilation under armpit</p>\n\n                                <p>- Adjustable cuffs</p>\n\n                                <p>- Double welted front pockets</p>\n\n                                <p>- Adjustable elastic string at hempen</p>\n\n                                <p>- Ultrasonically welded seams</p>\n\n                                <p>This is a unisex item, please check our clothing &amp; footwear sizing guide for specific Rains jacket sizing information. RAINS comes from the rainy nation of Denmark at the edge of the European continent, close to the ocean and with prevailing westerly winds; all factors that contribute to an average of 121 rain days each year. Arising from these rainy weather conditions comes the attitude that a quick rain shower may be beautiful, as well as moody- but first and foremost requires the right outfit. Rains focus on the whole experience of going outside on rainy days, issuing an invitation to explore even in the most mercurial weather.</p>','published','[\"products\\/product-90.jpg\",\"products\\/product-31.jpg\",\"products\\/product-14.jpg\",\"products\\/product-33.jpg\",\"products\\/product-8.jpg\",\"products\\/product-65.jpg\",\"products\\/product-89.jpg\",\"products\\/product-34.jpg\"]',NULL,'NC-111-A0',0,12,0,1,'in_stock',1,NULL,7,0,1,9,3.00,0,364,291.2,NULL,NULL,16,12,19,664,NULL,90250,'2025-12-25 18:49:42','2025-12-25 18:49:51',0,'Botble\\ACL\\Models\\User',NULL,'physical',NULL,NULL,0,0,'auto_generate',0,0,0,1),(29,'NYX Beauty Couton Pallete Makeup 12',NULL,'<p>Short Hooded Coat features a straight body, large pockets with button flaps, ventilation air holes, and a string detail along the hemline.</p>','<p>Short Hooded Coat features a straight body, large pockets with button flaps, ventilation air holes, and a string detail along the hemline. The style is completed with a drawstring hood, featuring Rains’ signature built-in cap. Made from waterproof, matte PU, this lightweight unisex rain jacket is an ode to nostalgia through its classic silhouette and utilitarian design details.</p>\n                                <p>- Casual unisex fit</p>\n\n                                <p>- 64% polyester, 36% polyurethane</p>\n\n                                <p>- Water column pressure: 4000 mm</p>\n\n                                <p>- Model is 187cm tall and wearing a size S / M</p>\n\n                                <p>- Unisex fit</p>\n\n                                <p>- Drawstring hood with built-in cap</p>\n\n                                <p>- Front placket with snap buttons</p>\n\n                                <p>- Ventilation under armpit</p>\n\n                                <p>- Adjustable cuffs</p>\n\n                                <p>- Double welted front pockets</p>\n\n                                <p>- Adjustable elastic string at hempen</p>\n\n                                <p>- Ultrasonically welded seams</p>\n\n                                <p>This is a unisex item, please check our clothing &amp; footwear sizing guide for specific Rains jacket sizing information. RAINS comes from the rainy nation of Denmark at the edge of the European continent, close to the ocean and with prevailing westerly winds; all factors that contribute to an average of 121 rain days each year. Arising from these rainy weather conditions comes the attitude that a quick rain shower may be beautiful, as well as moody- but first and foremost requires the right outfit. Rains focus on the whole experience of going outside on rainy days, issuing an invitation to explore even in the most mercurial weather.</p>','published','[\"products\\/product-27.jpg\",\"products\\/product-52.jpg\",\"products\\/product-88.jpg\",\"products\\/product-1.jpg\",\"products\\/product-83.jpg\",\"products\\/product-57.jpg\",\"products\\/product-86.jpg\",\"products\\/product-91.jpg\"]',NULL,'NC-127-A0',0,20,0,1,'in_stock',0,NULL,7,0,1,7,3.57,0,428,NULL,NULL,NULL,15,11,18,539,NULL,176022,'2025-12-25 18:49:42','2025-12-25 18:49:51',0,'Botble\\ACL\\Models\\User',NULL,'digital',NULL,NULL,0,0,'auto_generate',0,0,0,1),(30,'NYX Beauty Couton Pallete Makeup 12',NULL,'<p>Short Hooded Coat features a straight body, large pockets with button flaps, ventilation air holes, and a string detail along the hemline.</p>','<p>Short Hooded Coat features a straight body, large pockets with button flaps, ventilation air holes, and a string detail along the hemline. The style is completed with a drawstring hood, featuring Rains’ signature built-in cap. Made from waterproof, matte PU, this lightweight unisex rain jacket is an ode to nostalgia through its classic silhouette and utilitarian design details.</p>\n                                <p>- Casual unisex fit</p>\n\n                                <p>- 64% polyester, 36% polyurethane</p>\n\n                                <p>- Water column pressure: 4000 mm</p>\n\n                                <p>- Model is 187cm tall and wearing a size S / M</p>\n\n                                <p>- Unisex fit</p>\n\n                                <p>- Drawstring hood with built-in cap</p>\n\n                                <p>- Front placket with snap buttons</p>\n\n                                <p>- Ventilation under armpit</p>\n\n                                <p>- Adjustable cuffs</p>\n\n                                <p>- Double welted front pockets</p>\n\n                                <p>- Adjustable elastic string at hempen</p>\n\n                                <p>- Ultrasonically welded seams</p>\n\n                                <p>This is a unisex item, please check our clothing &amp; footwear sizing guide for specific Rains jacket sizing information. RAINS comes from the rainy nation of Denmark at the edge of the European continent, close to the ocean and with prevailing westerly winds; all factors that contribute to an average of 121 rain days each year. Arising from these rainy weather conditions comes the attitude that a quick rain shower may be beautiful, as well as moody- but first and foremost requires the right outfit. Rains focus on the whole experience of going outside on rainy days, issuing an invitation to explore even in the most mercurial weather.</p>','published','[\"products\\/product-40.jpg\",\"products\\/product-10.jpg\",\"products\\/product-70.jpg\",\"products\\/product-81.jpg\",\"products\\/product-95.jpg\",\"products\\/product-39.jpg\",\"products\\/product-45.jpg\",\"products\\/product-52.jpg\",\"products\\/product-79.jpg\",\"products\\/product-83.jpg\"]',NULL,'NC-110-A0',0,20,0,1,'in_stock',0,NULL,1,0,1,9,3.33,0,439,NULL,NULL,NULL,15,14,15,871,NULL,24831,'2025-12-25 18:49:42','2025-12-25 18:49:51',0,'Botble\\ACL\\Models\\User',NULL,'physical',NULL,NULL,0,0,'auto_generate',0,0,0,2),(31,'MVMTH Classical Leather Watch In Black',NULL,'<p>Short Hooded Coat features a straight body, large pockets with button flaps, ventilation air holes, and a string detail along the hemline.</p>','<p>Short Hooded Coat features a straight body, large pockets with button flaps, ventilation air holes, and a string detail along the hemline. The style is completed with a drawstring hood, featuring Rains’ signature built-in cap. Made from waterproof, matte PU, this lightweight unisex rain jacket is an ode to nostalgia through its classic silhouette and utilitarian design details.</p>\n                                <p>- Casual unisex fit</p>\n\n                                <p>- 64% polyester, 36% polyurethane</p>\n\n                                <p>- Water column pressure: 4000 mm</p>\n\n                                <p>- Model is 187cm tall and wearing a size S / M</p>\n\n                                <p>- Unisex fit</p>\n\n                                <p>- Drawstring hood with built-in cap</p>\n\n                                <p>- Front placket with snap buttons</p>\n\n                                <p>- Ventilation under armpit</p>\n\n                                <p>- Adjustable cuffs</p>\n\n                                <p>- Double welted front pockets</p>\n\n                                <p>- Adjustable elastic string at hempen</p>\n\n                                <p>- Ultrasonically welded seams</p>\n\n                                <p>This is a unisex item, please check our clothing &amp; footwear sizing guide for specific Rains jacket sizing information. RAINS comes from the rainy nation of Denmark at the edge of the European continent, close to the ocean and with prevailing westerly winds; all factors that contribute to an average of 121 rain days each year. Arising from these rainy weather conditions comes the attitude that a quick rain shower may be beautiful, as well as moody- but first and foremost requires the right outfit. Rains focus on the whole experience of going outside on rainy days, issuing an invitation to explore even in the most mercurial weather.</p>','published','[\"products\\/product-79.jpg\",\"products\\/product-92.jpg\",\"products\\/product-24.jpg\",\"products\\/product-60.jpg\",\"products\\/product-47.jpg\",\"products\\/product-14.jpg\",\"products\\/product-75.jpg\"]',NULL,'NC-137-A0',0,10,0,1,'in_stock',0,NULL,6,0,4,9,3.11,0,467,NULL,NULL,NULL,16,17,15,803,NULL,64285,'2025-12-25 18:49:42','2025-12-25 18:49:51',0,'Botble\\ACL\\Models\\User',NULL,'physical',NULL,NULL,0,0,'auto_generate',0,0,0,1),(32,'Baxter Care Hair Kit For Bearded Mens',NULL,'<p>Short Hooded Coat features a straight body, large pockets with button flaps, ventilation air holes, and a string detail along the hemline.</p>','<p>Short Hooded Coat features a straight body, large pockets with button flaps, ventilation air holes, and a string detail along the hemline. The style is completed with a drawstring hood, featuring Rains’ signature built-in cap. Made from waterproof, matte PU, this lightweight unisex rain jacket is an ode to nostalgia through its classic silhouette and utilitarian design details.</p>\n                                <p>- Casual unisex fit</p>\n\n                                <p>- 64% polyester, 36% polyurethane</p>\n\n                                <p>- Water column pressure: 4000 mm</p>\n\n                                <p>- Model is 187cm tall and wearing a size S / M</p>\n\n                                <p>- Unisex fit</p>\n\n                                <p>- Drawstring hood with built-in cap</p>\n\n                                <p>- Front placket with snap buttons</p>\n\n                                <p>- Ventilation under armpit</p>\n\n                                <p>- Adjustable cuffs</p>\n\n                                <p>- Double welted front pockets</p>\n\n                                <p>- Adjustable elastic string at hempen</p>\n\n                                <p>- Ultrasonically welded seams</p>\n\n                                <p>This is a unisex item, please check our clothing &amp; footwear sizing guide for specific Rains jacket sizing information. RAINS comes from the rainy nation of Denmark at the edge of the European continent, close to the ocean and with prevailing westerly winds; all factors that contribute to an average of 121 rain days each year. Arising from these rainy weather conditions comes the attitude that a quick rain shower may be beautiful, as well as moody- but first and foremost requires the right outfit. Rains focus on the whole experience of going outside on rainy days, issuing an invitation to explore even in the most mercurial weather.</p>','published','[\"products\\/product-27.jpg\",\"products\\/product-34.jpg\",\"products\\/product-81.jpg\",\"products\\/product-48.jpg\",\"products\\/product-23.jpg\",\"products\\/product-68.jpg\"]',NULL,'NC-170-A0',0,19,0,1,'in_stock',1,NULL,5,0,1,10,2.90,0,447,384.42,NULL,NULL,18,11,16,863,NULL,163416,'2025-12-25 18:49:42','2025-12-25 18:49:51',0,'Botble\\ACL\\Models\\User',NULL,'physical',NULL,NULL,0,0,'auto_generate',0,0,0,1),(33,'Ciate Palemore Lipstick Bold Red Color',NULL,'<p>Short Hooded Coat features a straight body, large pockets with button flaps, ventilation air holes, and a string detail along the hemline.</p>','<p>Short Hooded Coat features a straight body, large pockets with button flaps, ventilation air holes, and a string detail along the hemline. The style is completed with a drawstring hood, featuring Rains’ signature built-in cap. Made from waterproof, matte PU, this lightweight unisex rain jacket is an ode to nostalgia through its classic silhouette and utilitarian design details.</p>\n                                <p>- Casual unisex fit</p>\n\n                                <p>- 64% polyester, 36% polyurethane</p>\n\n                                <p>- Water column pressure: 4000 mm</p>\n\n                                <p>- Model is 187cm tall and wearing a size S / M</p>\n\n                                <p>- Unisex fit</p>\n\n                                <p>- Drawstring hood with built-in cap</p>\n\n                                <p>- Front placket with snap buttons</p>\n\n                                <p>- Ventilation under armpit</p>\n\n                                <p>- Adjustable cuffs</p>\n\n                                <p>- Double welted front pockets</p>\n\n                                <p>- Adjustable elastic string at hempen</p>\n\n                                <p>- Ultrasonically welded seams</p>\n\n                                <p>This is a unisex item, please check our clothing &amp; footwear sizing guide for specific Rains jacket sizing information. RAINS comes from the rainy nation of Denmark at the edge of the European continent, close to the ocean and with prevailing westerly winds; all factors that contribute to an average of 121 rain days each year. Arising from these rainy weather conditions comes the attitude that a quick rain shower may be beautiful, as well as moody- but first and foremost requires the right outfit. Rains focus on the whole experience of going outside on rainy days, issuing an invitation to explore even in the most mercurial weather.</p>','published','[\"products\\/product-67.jpg\",\"products\\/product-33.jpg\",\"products\\/product-2.jpg\",\"products\\/product-68.jpg\",\"products\\/product-82.jpg\",\"products\\/product-25.jpg\",\"products\\/product-70.jpg\",\"products\\/product-89.jpg\",\"products\\/product-29.jpg\",\"products\\/product-14.jpg\",\"products\\/product-74.jpg\",\"products\\/product-34.jpg\"]',NULL,'NC-150-A0',0,10,0,1,'in_stock',0,NULL,6,0,2,10,2.00,0,253,NULL,NULL,NULL,12,16,18,523,NULL,65033,'2025-12-25 18:49:42','2025-12-25 18:49:51',0,'Botble\\ACL\\Models\\User',NULL,'digital',NULL,NULL,0,0,'auto_generate',0,0,0,2),(34,'Vimto Squash Remix Apple 1.5 Litres',NULL,'<p>Short Hooded Coat features a straight body, large pockets with button flaps, ventilation air holes, and a string detail along the hemline.</p>','<p>Short Hooded Coat features a straight body, large pockets with button flaps, ventilation air holes, and a string detail along the hemline. The style is completed with a drawstring hood, featuring Rains’ signature built-in cap. Made from waterproof, matte PU, this lightweight unisex rain jacket is an ode to nostalgia through its classic silhouette and utilitarian design details.</p>\n                                <p>- Casual unisex fit</p>\n\n                                <p>- 64% polyester, 36% polyurethane</p>\n\n                                <p>- Water column pressure: 4000 mm</p>\n\n                                <p>- Model is 187cm tall and wearing a size S / M</p>\n\n                                <p>- Unisex fit</p>\n\n                                <p>- Drawstring hood with built-in cap</p>\n\n                                <p>- Front placket with snap buttons</p>\n\n                                <p>- Ventilation under armpit</p>\n\n                                <p>- Adjustable cuffs</p>\n\n                                <p>- Double welted front pockets</p>\n\n                                <p>- Adjustable elastic string at hempen</p>\n\n                                <p>- Ultrasonically welded seams</p>\n\n                                <p>This is a unisex item, please check our clothing &amp; footwear sizing guide for specific Rains jacket sizing information. RAINS comes from the rainy nation of Denmark at the edge of the European continent, close to the ocean and with prevailing westerly winds; all factors that contribute to an average of 121 rain days each year. Arising from these rainy weather conditions comes the attitude that a quick rain shower may be beautiful, as well as moody- but first and foremost requires the right outfit. Rains focus on the whole experience of going outside on rainy days, issuing an invitation to explore even in the most mercurial weather.</p>','published','[\"products\\/product-70.jpg\",\"products\\/product-84.jpg\",\"products\\/product-16.jpg\",\"products\\/product-79.jpg\",\"products\\/product-85.jpg\",\"products\\/product-87.jpg\",\"products\\/product-92.jpg\",\"products\\/product-13.jpg\",\"products\\/product-54.jpg\",\"products\\/product-49.jpg\",\"products\\/product-90.jpg\"]',NULL,'NC-150-A0',0,18,0,1,'in_stock',0,NULL,2,0,3,9,3.33,0,376,NULL,NULL,NULL,16,18,13,703,NULL,86604,'2025-12-25 18:49:42','2025-12-25 18:49:51',0,'Botble\\ACL\\Models\\User',NULL,'physical',NULL,NULL,0,0,'auto_generate',0,0,0,2),(35,'Crock Pot Slow Cooker',NULL,'<p>Short Hooded Coat features a straight body, large pockets with button flaps, ventilation air holes, and a string detail along the hemline.</p>','<p>Short Hooded Coat features a straight body, large pockets with button flaps, ventilation air holes, and a string detail along the hemline. The style is completed with a drawstring hood, featuring Rains’ signature built-in cap. Made from waterproof, matte PU, this lightweight unisex rain jacket is an ode to nostalgia through its classic silhouette and utilitarian design details.</p>\n                                <p>- Casual unisex fit</p>\n\n                                <p>- 64% polyester, 36% polyurethane</p>\n\n                                <p>- Water column pressure: 4000 mm</p>\n\n                                <p>- Model is 187cm tall and wearing a size S / M</p>\n\n                                <p>- Unisex fit</p>\n\n                                <p>- Drawstring hood with built-in cap</p>\n\n                                <p>- Front placket with snap buttons</p>\n\n                                <p>- Ventilation under armpit</p>\n\n                                <p>- Adjustable cuffs</p>\n\n                                <p>- Double welted front pockets</p>\n\n                                <p>- Adjustable elastic string at hempen</p>\n\n                                <p>- Ultrasonically welded seams</p>\n\n                                <p>This is a unisex item, please check our clothing &amp; footwear sizing guide for specific Rains jacket sizing information. RAINS comes from the rainy nation of Denmark at the edge of the European continent, close to the ocean and with prevailing westerly winds; all factors that contribute to an average of 121 rain days each year. Arising from these rainy weather conditions comes the attitude that a quick rain shower may be beautiful, as well as moody- but first and foremost requires the right outfit. Rains focus on the whole experience of going outside on rainy days, issuing an invitation to explore even in the most mercurial weather.</p>','published','[\"products\\/product-31.jpg\",\"products\\/product-55.jpg\",\"products\\/product-19.jpg\",\"products\\/product-63.jpg\",\"products\\/product-42.jpg\",\"products\\/product-33.jpg\",\"products\\/product-4.jpg\",\"products\\/product-9.jpg\",\"products\\/product-53.jpg\"]',NULL,'NC-106-A0',0,19,0,1,'in_stock',1,NULL,4,0,3,9,2.44,0,203,NULL,NULL,NULL,10,19,11,862,NULL,81527,'2025-12-25 18:49:42','2025-12-25 18:49:51',0,'Botble\\ACL\\Models\\User',NULL,'physical',NULL,NULL,0,0,'auto_generate',0,0,0,1),(36,'Taylors of Harrogate Yorkshire Coffee',NULL,'<p>Short Hooded Coat features a straight body, large pockets with button flaps, ventilation air holes, and a string detail along the hemline.</p>','<p>Short Hooded Coat features a straight body, large pockets with button flaps, ventilation air holes, and a string detail along the hemline. The style is completed with a drawstring hood, featuring Rains’ signature built-in cap. Made from waterproof, matte PU, this lightweight unisex rain jacket is an ode to nostalgia through its classic silhouette and utilitarian design details.</p>\n                                <p>- Casual unisex fit</p>\n\n                                <p>- 64% polyester, 36% polyurethane</p>\n\n                                <p>- Water column pressure: 4000 mm</p>\n\n                                <p>- Model is 187cm tall and wearing a size S / M</p>\n\n                                <p>- Unisex fit</p>\n\n                                <p>- Drawstring hood with built-in cap</p>\n\n                                <p>- Front placket with snap buttons</p>\n\n                                <p>- Ventilation under armpit</p>\n\n                                <p>- Adjustable cuffs</p>\n\n                                <p>- Double welted front pockets</p>\n\n                                <p>- Adjustable elastic string at hempen</p>\n\n                                <p>- Ultrasonically welded seams</p>\n\n                                <p>This is a unisex item, please check our clothing &amp; footwear sizing guide for specific Rains jacket sizing information. RAINS comes from the rainy nation of Denmark at the edge of the European continent, close to the ocean and with prevailing westerly winds; all factors that contribute to an average of 121 rain days each year. Arising from these rainy weather conditions comes the attitude that a quick rain shower may be beautiful, as well as moody- but first and foremost requires the right outfit. Rains focus on the whole experience of going outside on rainy days, issuing an invitation to explore even in the most mercurial weather.</p>','published','[\"products\\/product-47.jpg\",\"products\\/product-38.jpg\",\"products\\/product-73.jpg\",\"products\\/product-76.jpg\",\"products\\/product-67.jpg\"]',NULL,'NC-145-A0',0,10,0,1,'in_stock',0,NULL,6,0,3,10,2.30,0,473,397.32,NULL,NULL,16,19,20,647,NULL,23147,'2025-12-25 18:49:42','2025-12-25 18:49:51',0,'Botble\\ACL\\Models\\User',NULL,'physical',NULL,NULL,0,0,'auto_generate',0,0,0,2),(37,'Soft Mochi &amp; Galeto Ice Cream',NULL,'<p>Short Hooded Coat features a straight body, large pockets with button flaps, ventilation air holes, and a string detail along the hemline.</p>','<p>Short Hooded Coat features a straight body, large pockets with button flaps, ventilation air holes, and a string detail along the hemline. The style is completed with a drawstring hood, featuring Rains’ signature built-in cap. Made from waterproof, matte PU, this lightweight unisex rain jacket is an ode to nostalgia through its classic silhouette and utilitarian design details.</p>\n                                <p>- Casual unisex fit</p>\n\n                                <p>- 64% polyester, 36% polyurethane</p>\n\n                                <p>- Water column pressure: 4000 mm</p>\n\n                                <p>- Model is 187cm tall and wearing a size S / M</p>\n\n                                <p>- Unisex fit</p>\n\n                                <p>- Drawstring hood with built-in cap</p>\n\n                                <p>- Front placket with snap buttons</p>\n\n                                <p>- Ventilation under armpit</p>\n\n                                <p>- Adjustable cuffs</p>\n\n                                <p>- Double welted front pockets</p>\n\n                                <p>- Adjustable elastic string at hempen</p>\n\n                                <p>- Ultrasonically welded seams</p>\n\n                                <p>This is a unisex item, please check our clothing &amp; footwear sizing guide for specific Rains jacket sizing information. RAINS comes from the rainy nation of Denmark at the edge of the European continent, close to the ocean and with prevailing westerly winds; all factors that contribute to an average of 121 rain days each year. Arising from these rainy weather conditions comes the attitude that a quick rain shower may be beautiful, as well as moody- but first and foremost requires the right outfit. Rains focus on the whole experience of going outside on rainy days, issuing an invitation to explore even in the most mercurial weather.</p>','published','[\"products\\/product-25.jpg\",\"products\\/product-32.jpg\",\"products\\/product-84.jpg\",\"products\\/product-92.jpg\",\"products\\/product-24.jpg\",\"products\\/product-27.jpg\"]',NULL,'NC-102-A0',0,18,0,1,'in_stock',1,NULL,5,0,2,9,3.33,0,231,NULL,NULL,NULL,20,20,19,529,NULL,192875,'2025-12-25 18:49:42','2025-12-25 18:49:51',0,'Botble\\ACL\\Models\\User',NULL,'digital',NULL,NULL,0,0,'auto_generate',0,0,0,2),(38,'Naked Noodle Egg Noodles Singapore',NULL,'<p>Short Hooded Coat features a straight body, large pockets with button flaps, ventilation air holes, and a string detail along the hemline.</p>','<p>Short Hooded Coat features a straight body, large pockets with button flaps, ventilation air holes, and a string detail along the hemline. The style is completed with a drawstring hood, featuring Rains’ signature built-in cap. Made from waterproof, matte PU, this lightweight unisex rain jacket is an ode to nostalgia through its classic silhouette and utilitarian design details.</p>\n                                <p>- Casual unisex fit</p>\n\n                                <p>- 64% polyester, 36% polyurethane</p>\n\n                                <p>- Water column pressure: 4000 mm</p>\n\n                                <p>- Model is 187cm tall and wearing a size S / M</p>\n\n                                <p>- Unisex fit</p>\n\n                                <p>- Drawstring hood with built-in cap</p>\n\n                                <p>- Front placket with snap buttons</p>\n\n                                <p>- Ventilation under armpit</p>\n\n                                <p>- Adjustable cuffs</p>\n\n                                <p>- Double welted front pockets</p>\n\n                                <p>- Adjustable elastic string at hempen</p>\n\n                                <p>- Ultrasonically welded seams</p>\n\n                                <p>This is a unisex item, please check our clothing &amp; footwear sizing guide for specific Rains jacket sizing information. RAINS comes from the rainy nation of Denmark at the edge of the European continent, close to the ocean and with prevailing westerly winds; all factors that contribute to an average of 121 rain days each year. Arising from these rainy weather conditions comes the attitude that a quick rain shower may be beautiful, as well as moody- but first and foremost requires the right outfit. Rains focus on the whole experience of going outside on rainy days, issuing an invitation to explore even in the most mercurial weather.</p>','published','[\"products\\/product-20.jpg\",\"products\\/product-19.jpg\",\"products\\/product-60.jpg\",\"products\\/product-84.jpg\",\"products\\/product-8.jpg\",\"products\\/product-30.jpg\",\"products\\/product-61.jpg\",\"products\\/product-24.jpg\",\"products\\/product-92.jpg\",\"products\\/product-58.jpg\",\"products\\/product-70.jpg\"]',NULL,'NC-200-A0',0,16,0,1,'in_stock',0,NULL,2,0,1,10,3.10,0,255,NULL,NULL,NULL,13,17,13,732,NULL,59411,'2025-12-25 18:49:42','2025-12-25 18:49:51',0,'Botble\\ACL\\Models\\User',NULL,'physical',NULL,NULL,0,0,'auto_generate',0,0,0,2),(39,'Saute Pan Silver',NULL,'<p>Short Hooded Coat features a straight body, large pockets with button flaps, ventilation air holes, and a string detail along the hemline.</p>','<p>Short Hooded Coat features a straight body, large pockets with button flaps, ventilation air holes, and a string detail along the hemline. The style is completed with a drawstring hood, featuring Rains’ signature built-in cap. Made from waterproof, matte PU, this lightweight unisex rain jacket is an ode to nostalgia through its classic silhouette and utilitarian design details.</p>\n                                <p>- Casual unisex fit</p>\n\n                                <p>- 64% polyester, 36% polyurethane</p>\n\n                                <p>- Water column pressure: 4000 mm</p>\n\n                                <p>- Model is 187cm tall and wearing a size S / M</p>\n\n                                <p>- Unisex fit</p>\n\n                                <p>- Drawstring hood with built-in cap</p>\n\n                                <p>- Front placket with snap buttons</p>\n\n                                <p>- Ventilation under armpit</p>\n\n                                <p>- Adjustable cuffs</p>\n\n                                <p>- Double welted front pockets</p>\n\n                                <p>- Adjustable elastic string at hempen</p>\n\n                                <p>- Ultrasonically welded seams</p>\n\n                                <p>This is a unisex item, please check our clothing &amp; footwear sizing guide for specific Rains jacket sizing information. RAINS comes from the rainy nation of Denmark at the edge of the European continent, close to the ocean and with prevailing westerly winds; all factors that contribute to an average of 121 rain days each year. Arising from these rainy weather conditions comes the attitude that a quick rain shower may be beautiful, as well as moody- but first and foremost requires the right outfit. Rains focus on the whole experience of going outside on rainy days, issuing an invitation to explore even in the most mercurial weather.</p>','published','[\"products\\/product-13.jpg\",\"products\\/product-65.jpg\",\"products\\/product-38.jpg\",\"products\\/product-67.jpg\",\"products\\/product-95.jpg\",\"products\\/product-87.jpg\"]',NULL,'NC-132-A0',0,17,0,1,'in_stock',1,NULL,5,0,4,10,2.70,0,261,NULL,NULL,NULL,12,15,15,822,NULL,63651,'2025-12-25 18:49:42','2025-12-25 18:49:51',0,'Botble\\ACL\\Models\\User',NULL,'physical',NULL,NULL,0,0,'auto_generate',0,0,0,1),(40,'Bar S – Classic Bun Length Franks',NULL,'<p>Short Hooded Coat features a straight body, large pockets with button flaps, ventilation air holes, and a string detail along the hemline.</p>','<p>Short Hooded Coat features a straight body, large pockets with button flaps, ventilation air holes, and a string detail along the hemline. The style is completed with a drawstring hood, featuring Rains’ signature built-in cap. Made from waterproof, matte PU, this lightweight unisex rain jacket is an ode to nostalgia through its classic silhouette and utilitarian design details.</p>\n                                <p>- Casual unisex fit</p>\n\n                                <p>- 64% polyester, 36% polyurethane</p>\n\n                                <p>- Water column pressure: 4000 mm</p>\n\n                                <p>- Model is 187cm tall and wearing a size S / M</p>\n\n                                <p>- Unisex fit</p>\n\n                                <p>- Drawstring hood with built-in cap</p>\n\n                                <p>- Front placket with snap buttons</p>\n\n                                <p>- Ventilation under armpit</p>\n\n                                <p>- Adjustable cuffs</p>\n\n                                <p>- Double welted front pockets</p>\n\n                                <p>- Adjustable elastic string at hempen</p>\n\n                                <p>- Ultrasonically welded seams</p>\n\n                                <p>This is a unisex item, please check our clothing &amp; footwear sizing guide for specific Rains jacket sizing information. RAINS comes from the rainy nation of Denmark at the edge of the European continent, close to the ocean and with prevailing westerly winds; all factors that contribute to an average of 121 rain days each year. Arising from these rainy weather conditions comes the attitude that a quick rain shower may be beautiful, as well as moody- but first and foremost requires the right outfit. Rains focus on the whole experience of going outside on rainy days, issuing an invitation to explore even in the most mercurial weather.</p>','published','[\"products\\/product-37.jpg\",\"products\\/product-86.jpg\",\"products\\/product-58.jpg\",\"products\\/product-1.jpg\",\"products\\/product-39.jpg\",\"products\\/product-59.jpg\",\"products\\/product-38.jpg\",\"products\\/product-64.jpg\",\"products\\/product-68.jpg\",\"products\\/product-79.jpg\",\"products\\/product-71.jpg\",\"products\\/product-12.jpg\"]',NULL,'NC-198-A0',0,19,0,1,'in_stock',1,NULL,6,0,3,10,2.60,0,348,261,NULL,NULL,12,16,18,900,NULL,36661,'2025-12-25 18:49:42','2025-12-25 18:49:52',0,'Botble\\ACL\\Models\\User',NULL,'physical',NULL,NULL,0,0,'auto_generate',0,0,0,2),(41,'Broccoli Crowns',NULL,'<p>Short Hooded Coat features a straight body, large pockets with button flaps, ventilation air holes, and a string detail along the hemline.</p>','<p>Short Hooded Coat features a straight body, large pockets with button flaps, ventilation air holes, and a string detail along the hemline. The style is completed with a drawstring hood, featuring Rains’ signature built-in cap. Made from waterproof, matte PU, this lightweight unisex rain jacket is an ode to nostalgia through its classic silhouette and utilitarian design details.</p>\n                                <p>- Casual unisex fit</p>\n\n                                <p>- 64% polyester, 36% polyurethane</p>\n\n                                <p>- Water column pressure: 4000 mm</p>\n\n                                <p>- Model is 187cm tall and wearing a size S / M</p>\n\n                                <p>- Unisex fit</p>\n\n                                <p>- Drawstring hood with built-in cap</p>\n\n                                <p>- Front placket with snap buttons</p>\n\n                                <p>- Ventilation under armpit</p>\n\n                                <p>- Adjustable cuffs</p>\n\n                                <p>- Double welted front pockets</p>\n\n                                <p>- Adjustable elastic string at hempen</p>\n\n                                <p>- Ultrasonically welded seams</p>\n\n                                <p>This is a unisex item, please check our clothing &amp; footwear sizing guide for specific Rains jacket sizing information. RAINS comes from the rainy nation of Denmark at the edge of the European continent, close to the ocean and with prevailing westerly winds; all factors that contribute to an average of 121 rain days each year. Arising from these rainy weather conditions comes the attitude that a quick rain shower may be beautiful, as well as moody- but first and foremost requires the right outfit. Rains focus on the whole experience of going outside on rainy days, issuing an invitation to explore even in the most mercurial weather.</p>','published','[\"products\\/product-65.jpg\",\"products\\/product-43.jpg\",\"products\\/product-8.jpg\",\"products\\/product-73.jpg\",\"products\\/product-74.jpg\",\"products\\/product-57.jpg\",\"products\\/product-59.jpg\",\"products\\/product-69.jpg\",\"products\\/product-36.jpg\",\"products\\/product-40.jpg\",\"products\\/product-47.jpg\",\"products\\/product-66.jpg\"]',NULL,'NC-143-A0',0,14,0,1,'in_stock',1,NULL,1,0,3,10,2.50,0,273,NULL,NULL,NULL,19,15,15,728,NULL,12548,'2025-12-25 18:49:42','2025-12-25 18:49:52',0,'Botble\\ACL\\Models\\User',NULL,'digital',NULL,NULL,0,0,'auto_generate',0,0,0,1),(42,'Slimming World Vegan Mac Greens',NULL,'<p>Short Hooded Coat features a straight body, large pockets with button flaps, ventilation air holes, and a string detail along the hemline.</p>','<p>Short Hooded Coat features a straight body, large pockets with button flaps, ventilation air holes, and a string detail along the hemline. The style is completed with a drawstring hood, featuring Rains’ signature built-in cap. Made from waterproof, matte PU, this lightweight unisex rain jacket is an ode to nostalgia through its classic silhouette and utilitarian design details.</p>\n                                <p>- Casual unisex fit</p>\n\n                                <p>- 64% polyester, 36% polyurethane</p>\n\n                                <p>- Water column pressure: 4000 mm</p>\n\n                                <p>- Model is 187cm tall and wearing a size S / M</p>\n\n                                <p>- Unisex fit</p>\n\n                                <p>- Drawstring hood with built-in cap</p>\n\n                                <p>- Front placket with snap buttons</p>\n\n                                <p>- Ventilation under armpit</p>\n\n                                <p>- Adjustable cuffs</p>\n\n                                <p>- Double welted front pockets</p>\n\n                                <p>- Adjustable elastic string at hempen</p>\n\n                                <p>- Ultrasonically welded seams</p>\n\n                                <p>This is a unisex item, please check our clothing &amp; footwear sizing guide for specific Rains jacket sizing information. RAINS comes from the rainy nation of Denmark at the edge of the European continent, close to the ocean and with prevailing westerly winds; all factors that contribute to an average of 121 rain days each year. Arising from these rainy weather conditions comes the attitude that a quick rain shower may be beautiful, as well as moody- but first and foremost requires the right outfit. Rains focus on the whole experience of going outside on rainy days, issuing an invitation to explore even in the most mercurial weather.</p>','published','[\"products\\/product-4.jpg\",\"products\\/product-18.jpg\",\"products\\/product-70.jpg\",\"products\\/product-34.jpg\",\"products\\/product-24.jpg\",\"products\\/product-76.jpg\",\"products\\/product-91.jpg\",\"products\\/product-77.jpg\",\"products\\/product-57.jpg\"]',NULL,'NC-114-A0',0,13,0,1,'in_stock',1,NULL,3,0,1,10,3.20,0,268,NULL,NULL,NULL,11,10,13,685,NULL,126864,'2025-12-25 18:49:42','2025-12-25 18:49:52',0,'Botble\\ACL\\Models\\User',NULL,'physical',NULL,NULL,0,0,'auto_generate',0,0,0,2),(43,'Häagen-Dazs Salted Caramel',NULL,'<p>Short Hooded Coat features a straight body, large pockets with button flaps, ventilation air holes, and a string detail along the hemline.</p>','<p>Short Hooded Coat features a straight body, large pockets with button flaps, ventilation air holes, and a string detail along the hemline. The style is completed with a drawstring hood, featuring Rains’ signature built-in cap. Made from waterproof, matte PU, this lightweight unisex rain jacket is an ode to nostalgia through its classic silhouette and utilitarian design details.</p>\n                                <p>- Casual unisex fit</p>\n\n                                <p>- 64% polyester, 36% polyurethane</p>\n\n                                <p>- Water column pressure: 4000 mm</p>\n\n                                <p>- Model is 187cm tall and wearing a size S / M</p>\n\n                                <p>- Unisex fit</p>\n\n                                <p>- Drawstring hood with built-in cap</p>\n\n                                <p>- Front placket with snap buttons</p>\n\n                                <p>- Ventilation under armpit</p>\n\n                                <p>- Adjustable cuffs</p>\n\n                                <p>- Double welted front pockets</p>\n\n                                <p>- Adjustable elastic string at hempen</p>\n\n                                <p>- Ultrasonically welded seams</p>\n\n                                <p>This is a unisex item, please check our clothing &amp; footwear sizing guide for specific Rains jacket sizing information. RAINS comes from the rainy nation of Denmark at the edge of the European continent, close to the ocean and with prevailing westerly winds; all factors that contribute to an average of 121 rain days each year. Arising from these rainy weather conditions comes the attitude that a quick rain shower may be beautiful, as well as moody- but first and foremost requires the right outfit. Rains focus on the whole experience of going outside on rainy days, issuing an invitation to explore even in the most mercurial weather.</p>','published','[\"products\\/product-86.jpg\",\"products\\/product-63.jpg\",\"products\\/product-41.jpg\",\"products\\/product-29.jpg\",\"products\\/product-8.jpg\",\"products\\/product-7.jpg\",\"products\\/product-55.jpg\",\"products\\/product-61.jpg\",\"products\\/product-46.jpg\"]',NULL,'NC-101-A0',0,14,0,1,'in_stock',0,NULL,5,0,3,9,3.22,0,231,NULL,NULL,NULL,13,13,15,598,NULL,24361,'2025-12-25 18:49:42','2025-12-25 18:49:52',0,'Botble\\ACL\\Models\\User',NULL,'physical',NULL,NULL,0,0,'auto_generate',0,0,0,1),(44,'Iceland 3 Solo Exotic Burst',NULL,'<p>Short Hooded Coat features a straight body, large pockets with button flaps, ventilation air holes, and a string detail along the hemline.</p>','<p>Short Hooded Coat features a straight body, large pockets with button flaps, ventilation air holes, and a string detail along the hemline. The style is completed with a drawstring hood, featuring Rains’ signature built-in cap. Made from waterproof, matte PU, this lightweight unisex rain jacket is an ode to nostalgia through its classic silhouette and utilitarian design details.</p>\n                                <p>- Casual unisex fit</p>\n\n                                <p>- 64% polyester, 36% polyurethane</p>\n\n                                <p>- Water column pressure: 4000 mm</p>\n\n                                <p>- Model is 187cm tall and wearing a size S / M</p>\n\n                                <p>- Unisex fit</p>\n\n                                <p>- Drawstring hood with built-in cap</p>\n\n                                <p>- Front placket with snap buttons</p>\n\n                                <p>- Ventilation under armpit</p>\n\n                                <p>- Adjustable cuffs</p>\n\n                                <p>- Double welted front pockets</p>\n\n                                <p>- Adjustable elastic string at hempen</p>\n\n                                <p>- Ultrasonically welded seams</p>\n\n                                <p>This is a unisex item, please check our clothing &amp; footwear sizing guide for specific Rains jacket sizing information. RAINS comes from the rainy nation of Denmark at the edge of the European continent, close to the ocean and with prevailing westerly winds; all factors that contribute to an average of 121 rain days each year. Arising from these rainy weather conditions comes the attitude that a quick rain shower may be beautiful, as well as moody- but first and foremost requires the right outfit. Rains focus on the whole experience of going outside on rainy days, issuing an invitation to explore even in the most mercurial weather.</p>','published','[\"products\\/product-91.jpg\",\"products\\/product-10.jpg\",\"products\\/product-52.jpg\",\"products\\/product-23.jpg\",\"products\\/product-42.jpg\",\"products\\/product-16.jpg\",\"products\\/product-67.jpg\",\"products\\/product-2.jpg\",\"products\\/product-3.jpg\",\"products\\/product-27.jpg\",\"products\\/product-68.jpg\"]',NULL,'NC-149-A0',0,16,0,1,'in_stock',0,NULL,6,0,4,9,3.89,0,473,368.94,NULL,NULL,20,15,13,850,NULL,141441,'2025-12-25 18:49:43','2025-12-25 18:49:52',0,'Botble\\ACL\\Models\\User',NULL,'physical',NULL,NULL,0,0,'auto_generate',0,0,0,2),(45,'Extreme Budweiser Light Can',NULL,'<p>Short Hooded Coat features a straight body, large pockets with button flaps, ventilation air holes, and a string detail along the hemline.</p>','<p>Short Hooded Coat features a straight body, large pockets with button flaps, ventilation air holes, and a string detail along the hemline. The style is completed with a drawstring hood, featuring Rains’ signature built-in cap. Made from waterproof, matte PU, this lightweight unisex rain jacket is an ode to nostalgia through its classic silhouette and utilitarian design details.</p>\n                                <p>- Casual unisex fit</p>\n\n                                <p>- 64% polyester, 36% polyurethane</p>\n\n                                <p>- Water column pressure: 4000 mm</p>\n\n                                <p>- Model is 187cm tall and wearing a size S / M</p>\n\n                                <p>- Unisex fit</p>\n\n                                <p>- Drawstring hood with built-in cap</p>\n\n                                <p>- Front placket with snap buttons</p>\n\n                                <p>- Ventilation under armpit</p>\n\n                                <p>- Adjustable cuffs</p>\n\n                                <p>- Double welted front pockets</p>\n\n                                <p>- Adjustable elastic string at hempen</p>\n\n                                <p>- Ultrasonically welded seams</p>\n\n                                <p>This is a unisex item, please check our clothing &amp; footwear sizing guide for specific Rains jacket sizing information. RAINS comes from the rainy nation of Denmark at the edge of the European continent, close to the ocean and with prevailing westerly winds; all factors that contribute to an average of 121 rain days each year. Arising from these rainy weather conditions comes the attitude that a quick rain shower may be beautiful, as well as moody- but first and foremost requires the right outfit. Rains focus on the whole experience of going outside on rainy days, issuing an invitation to explore even in the most mercurial weather.</p>','published','[\"products\\/product-37.jpg\",\"products\\/product-92.jpg\",\"products\\/product-53.jpg\",\"products\\/product-33.jpg\",\"products\\/product-84.jpg\"]',NULL,'NC-103-A0',0,13,0,1,'in_stock',0,NULL,7,0,3,10,2.80,0,264,NULL,NULL,NULL,11,15,20,595,NULL,160237,'2025-12-25 18:49:43','2025-12-25 18:49:52',0,'Botble\\ACL\\Models\\User',NULL,'digital',NULL,NULL,0,0,'auto_generate',0,0,0,1),(46,'Iceland Macaroni Cheese Traybake',NULL,'<p>Short Hooded Coat features a straight body, large pockets with button flaps, ventilation air holes, and a string detail along the hemline.</p>','<p>Short Hooded Coat features a straight body, large pockets with button flaps, ventilation air holes, and a string detail along the hemline. The style is completed with a drawstring hood, featuring Rains’ signature built-in cap. Made from waterproof, matte PU, this lightweight unisex rain jacket is an ode to nostalgia through its classic silhouette and utilitarian design details.</p>\n                                <p>- Casual unisex fit</p>\n\n                                <p>- 64% polyester, 36% polyurethane</p>\n\n                                <p>- Water column pressure: 4000 mm</p>\n\n                                <p>- Model is 187cm tall and wearing a size S / M</p>\n\n                                <p>- Unisex fit</p>\n\n                                <p>- Drawstring hood with built-in cap</p>\n\n                                <p>- Front placket with snap buttons</p>\n\n                                <p>- Ventilation under armpit</p>\n\n                                <p>- Adjustable cuffs</p>\n\n                                <p>- Double welted front pockets</p>\n\n                                <p>- Adjustable elastic string at hempen</p>\n\n                                <p>- Ultrasonically welded seams</p>\n\n                                <p>This is a unisex item, please check our clothing &amp; footwear sizing guide for specific Rains jacket sizing information. RAINS comes from the rainy nation of Denmark at the edge of the European continent, close to the ocean and with prevailing westerly winds; all factors that contribute to an average of 121 rain days each year. Arising from these rainy weather conditions comes the attitude that a quick rain shower may be beautiful, as well as moody- but first and foremost requires the right outfit. Rains focus on the whole experience of going outside on rainy days, issuing an invitation to explore even in the most mercurial weather.</p>','published','[\"products\\/product-23.jpg\",\"products\\/product-9.jpg\",\"products\\/product-24.jpg\",\"products\\/product-52.jpg\",\"products\\/product-77.jpg\"]',NULL,'NC-130-A0',0,13,0,1,'in_stock',0,NULL,3,0,2,9,2.67,0,487,NULL,NULL,NULL,20,16,17,568,NULL,86981,'2025-12-25 18:49:43','2025-12-25 18:49:52',0,'Botble\\ACL\\Models\\User',NULL,'physical',NULL,NULL,0,0,'auto_generate',0,0,0,1),(47,'Dolmio Bolognese Pasta Sauce',NULL,'<p>Short Hooded Coat features a straight body, large pockets with button flaps, ventilation air holes, and a string detail along the hemline.</p>','<p>Short Hooded Coat features a straight body, large pockets with button flaps, ventilation air holes, and a string detail along the hemline. The style is completed with a drawstring hood, featuring Rains’ signature built-in cap. Made from waterproof, matte PU, this lightweight unisex rain jacket is an ode to nostalgia through its classic silhouette and utilitarian design details.</p>\n                                <p>- Casual unisex fit</p>\n\n                                <p>- 64% polyester, 36% polyurethane</p>\n\n                                <p>- Water column pressure: 4000 mm</p>\n\n                                <p>- Model is 187cm tall and wearing a size S / M</p>\n\n                                <p>- Unisex fit</p>\n\n                                <p>- Drawstring hood with built-in cap</p>\n\n                                <p>- Front placket with snap buttons</p>\n\n                                <p>- Ventilation under armpit</p>\n\n                                <p>- Adjustable cuffs</p>\n\n                                <p>- Double welted front pockets</p>\n\n                                <p>- Adjustable elastic string at hempen</p>\n\n                                <p>- Ultrasonically welded seams</p>\n\n                                <p>This is a unisex item, please check our clothing &amp; footwear sizing guide for specific Rains jacket sizing information. RAINS comes from the rainy nation of Denmark at the edge of the European continent, close to the ocean and with prevailing westerly winds; all factors that contribute to an average of 121 rain days each year. Arising from these rainy weather conditions comes the attitude that a quick rain shower may be beautiful, as well as moody- but first and foremost requires the right outfit. Rains focus on the whole experience of going outside on rainy days, issuing an invitation to explore even in the most mercurial weather.</p>','published','[\"products\\/product-64.jpg\",\"products\\/product-42.jpg\",\"products\\/product-10.jpg\",\"products\\/product-17.jpg\",\"products\\/product-47.jpg\",\"products\\/product-40.jpg\",\"products\\/product-41.jpg\",\"products\\/product-72.jpg\",\"products\\/product-32.jpg\",\"products\\/product-69.jpg\"]',NULL,'NC-112-A0',0,15,0,1,'in_stock',0,NULL,4,0,1,9,3.67,0,279,NULL,NULL,NULL,11,14,10,884,NULL,36971,'2025-12-25 18:49:43','2025-12-25 18:49:52',0,'Botble\\ACL\\Models\\User',NULL,'physical',NULL,NULL,0,0,'auto_generate',0,0,0,2),(48,'Sitema BakeIT Plastic Box',NULL,'<p>Short Hooded Coat features a straight body, large pockets with button flaps, ventilation air holes, and a string detail along the hemline.</p>','<p>Short Hooded Coat features a straight body, large pockets with button flaps, ventilation air holes, and a string detail along the hemline. The style is completed with a drawstring hood, featuring Rains’ signature built-in cap. Made from waterproof, matte PU, this lightweight unisex rain jacket is an ode to nostalgia through its classic silhouette and utilitarian design details.</p>\n                                <p>- Casual unisex fit</p>\n\n                                <p>- 64% polyester, 36% polyurethane</p>\n\n                                <p>- Water column pressure: 4000 mm</p>\n\n                                <p>- Model is 187cm tall and wearing a size S / M</p>\n\n                                <p>- Unisex fit</p>\n\n                                <p>- Drawstring hood with built-in cap</p>\n\n                                <p>- Front placket with snap buttons</p>\n\n                                <p>- Ventilation under armpit</p>\n\n                                <p>- Adjustable cuffs</p>\n\n                                <p>- Double welted front pockets</p>\n\n                                <p>- Adjustable elastic string at hempen</p>\n\n                                <p>- Ultrasonically welded seams</p>\n\n                                <p>This is a unisex item, please check our clothing &amp; footwear sizing guide for specific Rains jacket sizing information. RAINS comes from the rainy nation of Denmark at the edge of the European continent, close to the ocean and with prevailing westerly winds; all factors that contribute to an average of 121 rain days each year. Arising from these rainy weather conditions comes the attitude that a quick rain shower may be beautiful, as well as moody- but first and foremost requires the right outfit. Rains focus on the whole experience of going outside on rainy days, issuing an invitation to explore even in the most mercurial weather.</p>','published','[\"products\\/product-49.jpg\",\"products\\/product-60.jpg\",\"products\\/product-81.jpg\",\"products\\/product-8.jpg\",\"products\\/product-59.jpg\",\"products\\/product-36.jpg\",\"products\\/product-65.jpg\",\"products\\/product-51.jpg\",\"products\\/product-91.jpg\"]',NULL,'NC-169-A0',0,10,0,1,'in_stock',0,NULL,5,0,2,8,2.88,0,500,400,NULL,NULL,20,20,18,831,NULL,105391,'2025-12-25 18:49:43','2025-12-25 18:49:52',0,'Botble\\ACL\\Models\\User',NULL,'physical',NULL,NULL,0,0,'auto_generate',0,0,0,2),(49,'Wayfair Basics Dinner Plate Storage',NULL,'<p>Short Hooded Coat features a straight body, large pockets with button flaps, ventilation air holes, and a string detail along the hemline.</p>','<p>Short Hooded Coat features a straight body, large pockets with button flaps, ventilation air holes, and a string detail along the hemline. The style is completed with a drawstring hood, featuring Rains’ signature built-in cap. Made from waterproof, matte PU, this lightweight unisex rain jacket is an ode to nostalgia through its classic silhouette and utilitarian design details.</p>\n                                <p>- Casual unisex fit</p>\n\n                                <p>- 64% polyester, 36% polyurethane</p>\n\n                                <p>- Water column pressure: 4000 mm</p>\n\n                                <p>- Model is 187cm tall and wearing a size S / M</p>\n\n                                <p>- Unisex fit</p>\n\n                                <p>- Drawstring hood with built-in cap</p>\n\n                                <p>- Front placket with snap buttons</p>\n\n                                <p>- Ventilation under armpit</p>\n\n                                <p>- Adjustable cuffs</p>\n\n                                <p>- Double welted front pockets</p>\n\n                                <p>- Adjustable elastic string at hempen</p>\n\n                                <p>- Ultrasonically welded seams</p>\n\n                                <p>This is a unisex item, please check our clothing &amp; footwear sizing guide for specific Rains jacket sizing information. RAINS comes from the rainy nation of Denmark at the edge of the European continent, close to the ocean and with prevailing westerly winds; all factors that contribute to an average of 121 rain days each year. Arising from these rainy weather conditions comes the attitude that a quick rain shower may be beautiful, as well as moody- but first and foremost requires the right outfit. Rains focus on the whole experience of going outside on rainy days, issuing an invitation to explore even in the most mercurial weather.</p>','published','[\"products\\/product-51.jpg\",\"products\\/product-89.jpg\",\"products\\/product-29.jpg\",\"products\\/product-87.jpg\",\"products\\/product-73.jpg\",\"products\\/product-6.jpg\",\"products\\/product-75.jpg\"]',NULL,'NC-181-A0',0,10,0,1,'in_stock',1,NULL,6,0,3,8,3.00,0,484,NULL,NULL,NULL,18,13,19,611,NULL,28910,'2025-12-25 18:49:43','2025-12-25 18:49:52',0,'Botble\\ACL\\Models\\User',NULL,'digital',NULL,NULL,0,0,'auto_generate',0,0,0,1),(50,'Miko The Panda Water Bottle',NULL,'<p>Short Hooded Coat features a straight body, large pockets with button flaps, ventilation air holes, and a string detail along the hemline.</p>','<p>Short Hooded Coat features a straight body, large pockets with button flaps, ventilation air holes, and a string detail along the hemline. The style is completed with a drawstring hood, featuring Rains’ signature built-in cap. Made from waterproof, matte PU, this lightweight unisex rain jacket is an ode to nostalgia through its classic silhouette and utilitarian design details.</p>\n                                <p>- Casual unisex fit</p>\n\n                                <p>- 64% polyester, 36% polyurethane</p>\n\n                                <p>- Water column pressure: 4000 mm</p>\n\n                                <p>- Model is 187cm tall and wearing a size S / M</p>\n\n                                <p>- Unisex fit</p>\n\n                                <p>- Drawstring hood with built-in cap</p>\n\n                                <p>- Front placket with snap buttons</p>\n\n                                <p>- Ventilation under armpit</p>\n\n                                <p>- Adjustable cuffs</p>\n\n                                <p>- Double welted front pockets</p>\n\n                                <p>- Adjustable elastic string at hempen</p>\n\n                                <p>- Ultrasonically welded seams</p>\n\n                                <p>This is a unisex item, please check our clothing &amp; footwear sizing guide for specific Rains jacket sizing information. RAINS comes from the rainy nation of Denmark at the edge of the European continent, close to the ocean and with prevailing westerly winds; all factors that contribute to an average of 121 rain days each year. Arising from these rainy weather conditions comes the attitude that a quick rain shower may be beautiful, as well as moody- but first and foremost requires the right outfit. Rains focus on the whole experience of going outside on rainy days, issuing an invitation to explore even in the most mercurial weather.</p>','published','[\"products\\/product-6.jpg\",\"products\\/product-47.jpg\",\"products\\/product-4.jpg\",\"products\\/product-72.jpg\",\"products\\/product-86.jpg\",\"products\\/product-35.jpg\",\"products\\/product-87.jpg\",\"products\\/product-2.jpg\",\"products\\/product-94.jpg\",\"products\\/product-37.jpg\",\"products\\/product-8.jpg\"]',NULL,'NC-185-A0',0,16,0,1,'in_stock',1,NULL,6,0,2,9,4.22,0,277,NULL,NULL,NULL,11,18,11,640,NULL,149041,'2025-12-25 18:49:43','2025-12-25 18:49:52',0,'Botble\\ACL\\Models\\User',NULL,'physical',NULL,NULL,0,0,'auto_generate',0,0,0,2),(51,'Sesame Seed Bread',NULL,'<p>Short Hooded Coat features a straight body, large pockets with button flaps, ventilation air holes, and a string detail along the hemline.</p>','<p>Short Hooded Coat features a straight body, large pockets with button flaps, ventilation air holes, and a string detail along the hemline. The style is completed with a drawstring hood, featuring Rains’ signature built-in cap. Made from waterproof, matte PU, this lightweight unisex rain jacket is an ode to nostalgia through its classic silhouette and utilitarian design details.</p>\n                                <p>- Casual unisex fit</p>\n\n                                <p>- 64% polyester, 36% polyurethane</p>\n\n                                <p>- Water column pressure: 4000 mm</p>\n\n                                <p>- Model is 187cm tall and wearing a size S / M</p>\n\n                                <p>- Unisex fit</p>\n\n                                <p>- Drawstring hood with built-in cap</p>\n\n                                <p>- Front placket with snap buttons</p>\n\n                                <p>- Ventilation under armpit</p>\n\n                                <p>- Adjustable cuffs</p>\n\n                                <p>- Double welted front pockets</p>\n\n                                <p>- Adjustable elastic string at hempen</p>\n\n                                <p>- Ultrasonically welded seams</p>\n\n                                <p>This is a unisex item, please check our clothing &amp; footwear sizing guide for specific Rains jacket sizing information. RAINS comes from the rainy nation of Denmark at the edge of the European continent, close to the ocean and with prevailing westerly winds; all factors that contribute to an average of 121 rain days each year. Arising from these rainy weather conditions comes the attitude that a quick rain shower may be beautiful, as well as moody- but first and foremost requires the right outfit. Rains focus on the whole experience of going outside on rainy days, issuing an invitation to explore even in the most mercurial weather.</p>','published','[\"products\\/product-47.jpg\",\"products\\/product-13.jpg\",\"products\\/product-85.jpg\",\"products\\/product-65.jpg\",\"products\\/product-72.jpg\",\"products\\/product-35.jpg\",\"products\\/product-44.jpg\",\"products\\/product-42.jpg\",\"products\\/product-21.jpg\",\"products\\/product-7.jpg\"]',NULL,'NC-102-A0',0,20,0,1,'in_stock',0,NULL,2,0,2,10,3.10,0,281,NULL,NULL,NULL,12,14,12,836,NULL,72607,'2025-12-25 18:49:43','2025-12-25 18:49:52',0,'Botble\\ACL\\Models\\User',NULL,'physical',NULL,NULL,0,0,'auto_generate',0,0,0,2),(52,'Morrisons The Best Beef',NULL,'<p>Short Hooded Coat features a straight body, large pockets with button flaps, ventilation air holes, and a string detail along the hemline.</p>','<p>Short Hooded Coat features a straight body, large pockets with button flaps, ventilation air holes, and a string detail along the hemline. The style is completed with a drawstring hood, featuring Rains’ signature built-in cap. Made from waterproof, matte PU, this lightweight unisex rain jacket is an ode to nostalgia through its classic silhouette and utilitarian design details.</p>\n                                <p>- Casual unisex fit</p>\n\n                                <p>- 64% polyester, 36% polyurethane</p>\n\n                                <p>- Water column pressure: 4000 mm</p>\n\n                                <p>- Model is 187cm tall and wearing a size S / M</p>\n\n                                <p>- Unisex fit</p>\n\n                                <p>- Drawstring hood with built-in cap</p>\n\n                                <p>- Front placket with snap buttons</p>\n\n                                <p>- Ventilation under armpit</p>\n\n                                <p>- Adjustable cuffs</p>\n\n                                <p>- Double welted front pockets</p>\n\n                                <p>- Adjustable elastic string at hempen</p>\n\n                                <p>- Ultrasonically welded seams</p>\n\n                                <p>This is a unisex item, please check our clothing &amp; footwear sizing guide for specific Rains jacket sizing information. RAINS comes from the rainy nation of Denmark at the edge of the European continent, close to the ocean and with prevailing westerly winds; all factors that contribute to an average of 121 rain days each year. Arising from these rainy weather conditions comes the attitude that a quick rain shower may be beautiful, as well as moody- but first and foremost requires the right outfit. Rains focus on the whole experience of going outside on rainy days, issuing an invitation to explore even in the most mercurial weather.</p>','published','[\"products\\/product-93.jpg\",\"products\\/product-24.jpg\",\"products\\/product-20.jpg\",\"products\\/product-19.jpg\",\"products\\/product-59.jpg\",\"products\\/product-47.jpg\",\"products\\/product-4.jpg\"]',NULL,'NC-158-A0',0,20,0,1,'in_stock',0,NULL,7,0,3,10,3.00,0,335,251.25,NULL,NULL,13,14,12,759,NULL,55933,'2025-12-25 18:49:43','2025-12-25 18:49:52',0,'Botble\\ACL\\Models\\User',NULL,'physical',NULL,NULL,0,0,'auto_generate',0,0,0,1),(53,'Avocado, Hass Large',NULL,'<p>Short Hooded Coat features a straight body, large pockets with button flaps, ventilation air holes, and a string detail along the hemline.</p>','<p>Short Hooded Coat features a straight body, large pockets with button flaps, ventilation air holes, and a string detail along the hemline. The style is completed with a drawstring hood, featuring Rains’ signature built-in cap. Made from waterproof, matte PU, this lightweight unisex rain jacket is an ode to nostalgia through its classic silhouette and utilitarian design details.</p>\n                                <p>- Casual unisex fit</p>\n\n                                <p>- 64% polyester, 36% polyurethane</p>\n\n                                <p>- Water column pressure: 4000 mm</p>\n\n                                <p>- Model is 187cm tall and wearing a size S / M</p>\n\n                                <p>- Unisex fit</p>\n\n                                <p>- Drawstring hood with built-in cap</p>\n\n                                <p>- Front placket with snap buttons</p>\n\n                                <p>- Ventilation under armpit</p>\n\n                                <p>- Adjustable cuffs</p>\n\n                                <p>- Double welted front pockets</p>\n\n                                <p>- Adjustable elastic string at hempen</p>\n\n                                <p>- Ultrasonically welded seams</p>\n\n                                <p>This is a unisex item, please check our clothing &amp; footwear sizing guide for specific Rains jacket sizing information. RAINS comes from the rainy nation of Denmark at the edge of the European continent, close to the ocean and with prevailing westerly winds; all factors that contribute to an average of 121 rain days each year. Arising from these rainy weather conditions comes the attitude that a quick rain shower may be beautiful, as well as moody- but first and foremost requires the right outfit. Rains focus on the whole experience of going outside on rainy days, issuing an invitation to explore even in the most mercurial weather.</p>','published','[\"products\\/product-2.jpg\",\"products\\/product-46.jpg\",\"products\\/product-43.jpg\",\"products\\/product-42.jpg\",\"products\\/product-3.jpg\",\"products\\/product-7.jpg\",\"products\\/product-45.jpg\",\"products\\/product-6.jpg\"]',NULL,'NC-175-A0',0,17,0,1,'in_stock',1,NULL,2,0,3,9,2.78,0,430,NULL,NULL,NULL,20,17,19,717,NULL,159433,'2025-12-25 18:49:43','2025-12-25 18:49:52',0,'Botble\\ACL\\Models\\User',NULL,'digital',NULL,NULL,0,0,'auto_generate',0,0,0,2),(54,'Italia Beef Lasagne',NULL,'<p>Short Hooded Coat features a straight body, large pockets with button flaps, ventilation air holes, and a string detail along the hemline.</p>','<p>Short Hooded Coat features a straight body, large pockets with button flaps, ventilation air holes, and a string detail along the hemline. The style is completed with a drawstring hood, featuring Rains’ signature built-in cap. Made from waterproof, matte PU, this lightweight unisex rain jacket is an ode to nostalgia through its classic silhouette and utilitarian design details.</p>\n                                <p>- Casual unisex fit</p>\n\n                                <p>- 64% polyester, 36% polyurethane</p>\n\n                                <p>- Water column pressure: 4000 mm</p>\n\n                                <p>- Model is 187cm tall and wearing a size S / M</p>\n\n                                <p>- Unisex fit</p>\n\n                                <p>- Drawstring hood with built-in cap</p>\n\n                                <p>- Front placket with snap buttons</p>\n\n                                <p>- Ventilation under armpit</p>\n\n                                <p>- Adjustable cuffs</p>\n\n                                <p>- Double welted front pockets</p>\n\n                                <p>- Adjustable elastic string at hempen</p>\n\n                                <p>- Ultrasonically welded seams</p>\n\n                                <p>This is a unisex item, please check our clothing &amp; footwear sizing guide for specific Rains jacket sizing information. RAINS comes from the rainy nation of Denmark at the edge of the European continent, close to the ocean and with prevailing westerly winds; all factors that contribute to an average of 121 rain days each year. Arising from these rainy weather conditions comes the attitude that a quick rain shower may be beautiful, as well as moody- but first and foremost requires the right outfit. Rains focus on the whole experience of going outside on rainy days, issuing an invitation to explore even in the most mercurial weather.</p>','published','[\"products\\/product-69.jpg\",\"products\\/product-21.jpg\",\"products\\/product-68.jpg\",\"products\\/product-56.jpg\",\"products\\/product-71.jpg\",\"products\\/product-26.jpg\",\"products\\/product-25.jpg\",\"products\\/product-61.jpg\"]',NULL,'NC-144-A0',0,14,0,1,'in_stock',1,NULL,7,0,2,9,3.56,0,401,NULL,NULL,NULL,18,18,13,890,NULL,124855,'2025-12-25 18:49:43','2025-12-25 18:49:52',0,'Botble\\ACL\\Models\\User',NULL,'physical',NULL,NULL,0,0,'auto_generate',0,0,0,2),(55,'Maxwell House Classic Roast Mocha',NULL,'<p>Short Hooded Coat features a straight body, large pockets with button flaps, ventilation air holes, and a string detail along the hemline.</p>','<p>Short Hooded Coat features a straight body, large pockets with button flaps, ventilation air holes, and a string detail along the hemline. The style is completed with a drawstring hood, featuring Rains’ signature built-in cap. Made from waterproof, matte PU, this lightweight unisex rain jacket is an ode to nostalgia through its classic silhouette and utilitarian design details.</p>\n                                <p>- Casual unisex fit</p>\n\n                                <p>- 64% polyester, 36% polyurethane</p>\n\n                                <p>- Water column pressure: 4000 mm</p>\n\n                                <p>- Model is 187cm tall and wearing a size S / M</p>\n\n                                <p>- Unisex fit</p>\n\n                                <p>- Drawstring hood with built-in cap</p>\n\n                                <p>- Front placket with snap buttons</p>\n\n                                <p>- Ventilation under armpit</p>\n\n                                <p>- Adjustable cuffs</p>\n\n                                <p>- Double welted front pockets</p>\n\n                                <p>- Adjustable elastic string at hempen</p>\n\n                                <p>- Ultrasonically welded seams</p>\n\n                                <p>This is a unisex item, please check our clothing &amp; footwear sizing guide for specific Rains jacket sizing information. RAINS comes from the rainy nation of Denmark at the edge of the European continent, close to the ocean and with prevailing westerly winds; all factors that contribute to an average of 121 rain days each year. Arising from these rainy weather conditions comes the attitude that a quick rain shower may be beautiful, as well as moody- but first and foremost requires the right outfit. Rains focus on the whole experience of going outside on rainy days, issuing an invitation to explore even in the most mercurial weather.</p>','published','[\"products\\/product-57.jpg\",\"products\\/product-92.jpg\",\"products\\/product-17.jpg\",\"products\\/product-76.jpg\",\"products\\/product-2.jpg\",\"products\\/product-8.jpg\",\"products\\/product-48.jpg\",\"products\\/product-34.jpg\",\"products\\/product-11.jpg\",\"products\\/product-67.jpg\",\"products\\/product-90.jpg\"]',NULL,'NC-187-A0',0,15,0,1,'in_stock',1,NULL,7,0,3,9,3.11,0,369,NULL,NULL,NULL,19,15,17,578,NULL,177923,'2025-12-25 18:49:43','2025-12-25 18:49:52',0,'Botble\\ACL\\Models\\User',NULL,'physical',NULL,NULL,0,0,'auto_generate',0,0,0,2),(56,'Bottled Pure Water 500ml',NULL,'<p>Short Hooded Coat features a straight body, large pockets with button flaps, ventilation air holes, and a string detail along the hemline.</p>','<p>Short Hooded Coat features a straight body, large pockets with button flaps, ventilation air holes, and a string detail along the hemline. The style is completed with a drawstring hood, featuring Rains’ signature built-in cap. Made from waterproof, matte PU, this lightweight unisex rain jacket is an ode to nostalgia through its classic silhouette and utilitarian design details.</p>\n                                <p>- Casual unisex fit</p>\n\n                                <p>- 64% polyester, 36% polyurethane</p>\n\n                                <p>- Water column pressure: 4000 mm</p>\n\n                                <p>- Model is 187cm tall and wearing a size S / M</p>\n\n                                <p>- Unisex fit</p>\n\n                                <p>- Drawstring hood with built-in cap</p>\n\n                                <p>- Front placket with snap buttons</p>\n\n                                <p>- Ventilation under armpit</p>\n\n                                <p>- Adjustable cuffs</p>\n\n                                <p>- Double welted front pockets</p>\n\n                                <p>- Adjustable elastic string at hempen</p>\n\n                                <p>- Ultrasonically welded seams</p>\n\n                                <p>This is a unisex item, please check our clothing &amp; footwear sizing guide for specific Rains jacket sizing information. RAINS comes from the rainy nation of Denmark at the edge of the European continent, close to the ocean and with prevailing westerly winds; all factors that contribute to an average of 121 rain days each year. Arising from these rainy weather conditions comes the attitude that a quick rain shower may be beautiful, as well as moody- but first and foremost requires the right outfit. Rains focus on the whole experience of going outside on rainy days, issuing an invitation to explore even in the most mercurial weather.</p>','published','[\"products\\/product-28.jpg\",\"products\\/product-73.jpg\",\"products\\/product-56.jpg\",\"products\\/product-11.jpg\",\"products\\/product-91.jpg\",\"products\\/product-14.jpg\",\"products\\/product-25.jpg\",\"products\\/product-40.jpg\",\"products\\/product-48.jpg\",\"products\\/product-43.jpg\"]',NULL,'NC-155-A0',0,15,0,1,'in_stock',0,NULL,5,0,2,10,3.50,0,277,207.75,NULL,NULL,10,13,11,761,NULL,102108,'2025-12-25 18:49:43','2025-12-25 18:49:52',0,'Botble\\ACL\\Models\\User',NULL,'physical',NULL,NULL,0,0,'auto_generate',0,0,0,1),(57,'Famart Farmhouse Soft White',NULL,'<p>Short Hooded Coat features a straight body, large pockets with button flaps, ventilation air holes, and a string detail along the hemline.</p>','<p>Short Hooded Coat features a straight body, large pockets with button flaps, ventilation air holes, and a string detail along the hemline. The style is completed with a drawstring hood, featuring Rains’ signature built-in cap. Made from waterproof, matte PU, this lightweight unisex rain jacket is an ode to nostalgia through its classic silhouette and utilitarian design details.</p>\n                                <p>- Casual unisex fit</p>\n\n                                <p>- 64% polyester, 36% polyurethane</p>\n\n                                <p>- Water column pressure: 4000 mm</p>\n\n                                <p>- Model is 187cm tall and wearing a size S / M</p>\n\n                                <p>- Unisex fit</p>\n\n                                <p>- Drawstring hood with built-in cap</p>\n\n                                <p>- Front placket with snap buttons</p>\n\n                                <p>- Ventilation under armpit</p>\n\n                                <p>- Adjustable cuffs</p>\n\n                                <p>- Double welted front pockets</p>\n\n                                <p>- Adjustable elastic string at hempen</p>\n\n                                <p>- Ultrasonically welded seams</p>\n\n                                <p>This is a unisex item, please check our clothing &amp; footwear sizing guide for specific Rains jacket sizing information. RAINS comes from the rainy nation of Denmark at the edge of the European continent, close to the ocean and with prevailing westerly winds; all factors that contribute to an average of 121 rain days each year. Arising from these rainy weather conditions comes the attitude that a quick rain shower may be beautiful, as well as moody- but first and foremost requires the right outfit. Rains focus on the whole experience of going outside on rainy days, issuing an invitation to explore even in the most mercurial weather.</p>','published','[\"products\\/product-55.jpg\",\"products\\/product-74.jpg\",\"products\\/product-80.jpg\",\"products\\/product-39.jpg\",\"products\\/product-25.jpg\",\"products\\/product-49.jpg\",\"products\\/product-9.jpg\",\"products\\/product-28.jpg\"]',NULL,'NC-157-A0',0,15,0,1,'in_stock',0,NULL,7,0,1,10,3.70,0,474,NULL,NULL,NULL,13,14,13,597,NULL,61640,'2025-12-25 18:49:43','2025-12-25 18:49:52',0,'Botble\\ACL\\Models\\User',NULL,'digital',NULL,NULL,0,0,'auto_generate',0,0,0,2),(58,'Coca-Cola Original Taste',NULL,'<p>Short Hooded Coat features a straight body, large pockets with button flaps, ventilation air holes, and a string detail along the hemline.</p>','<p>Short Hooded Coat features a straight body, large pockets with button flaps, ventilation air holes, and a string detail along the hemline. The style is completed with a drawstring hood, featuring Rains’ signature built-in cap. Made from waterproof, matte PU, this lightweight unisex rain jacket is an ode to nostalgia through its classic silhouette and utilitarian design details.</p>\n                                <p>- Casual unisex fit</p>\n\n                                <p>- 64% polyester, 36% polyurethane</p>\n\n                                <p>- Water column pressure: 4000 mm</p>\n\n                                <p>- Model is 187cm tall and wearing a size S / M</p>\n\n                                <p>- Unisex fit</p>\n\n                                <p>- Drawstring hood with built-in cap</p>\n\n                                <p>- Front placket with snap buttons</p>\n\n                                <p>- Ventilation under armpit</p>\n\n                                <p>- Adjustable cuffs</p>\n\n                                <p>- Double welted front pockets</p>\n\n                                <p>- Adjustable elastic string at hempen</p>\n\n                                <p>- Ultrasonically welded seams</p>\n\n                                <p>This is a unisex item, please check our clothing &amp; footwear sizing guide for specific Rains jacket sizing information. RAINS comes from the rainy nation of Denmark at the edge of the European continent, close to the ocean and with prevailing westerly winds; all factors that contribute to an average of 121 rain days each year. Arising from these rainy weather conditions comes the attitude that a quick rain shower may be beautiful, as well as moody- but first and foremost requires the right outfit. Rains focus on the whole experience of going outside on rainy days, issuing an invitation to explore even in the most mercurial weather.</p>','published','[\"products\\/product-59.jpg\",\"products\\/product-67.jpg\",\"products\\/product-73.jpg\",\"products\\/product-52.jpg\",\"products\\/product-80.jpg\",\"products\\/product-45.jpg\",\"products\\/product-21.jpg\",\"products\\/product-77.jpg\",\"products\\/product-31.jpg\",\"products\\/product-29.jpg\",\"products\\/product-66.jpg\"]',NULL,'NC-178-A0',0,11,0,1,'in_stock',0,NULL,7,0,3,10,3.20,0,445,NULL,NULL,NULL,11,18,10,596,NULL,199746,'2025-12-25 18:49:43','2025-12-25 18:49:52',0,'Botble\\ACL\\Models\\User',NULL,'physical',NULL,NULL,0,0,'auto_generate',0,0,0,1),(59,'Casillero Diablo Cabernet Sauvignon',NULL,'<p>Short Hooded Coat features a straight body, large pockets with button flaps, ventilation air holes, and a string detail along the hemline.</p>','<p>Short Hooded Coat features a straight body, large pockets with button flaps, ventilation air holes, and a string detail along the hemline. The style is completed with a drawstring hood, featuring Rains’ signature built-in cap. Made from waterproof, matte PU, this lightweight unisex rain jacket is an ode to nostalgia through its classic silhouette and utilitarian design details.</p>\n                                <p>- Casual unisex fit</p>\n\n                                <p>- 64% polyester, 36% polyurethane</p>\n\n                                <p>- Water column pressure: 4000 mm</p>\n\n                                <p>- Model is 187cm tall and wearing a size S / M</p>\n\n                                <p>- Unisex fit</p>\n\n                                <p>- Drawstring hood with built-in cap</p>\n\n                                <p>- Front placket with snap buttons</p>\n\n                                <p>- Ventilation under armpit</p>\n\n                                <p>- Adjustable cuffs</p>\n\n                                <p>- Double welted front pockets</p>\n\n                                <p>- Adjustable elastic string at hempen</p>\n\n                                <p>- Ultrasonically welded seams</p>\n\n                                <p>This is a unisex item, please check our clothing &amp; footwear sizing guide for specific Rains jacket sizing information. RAINS comes from the rainy nation of Denmark at the edge of the European continent, close to the ocean and with prevailing westerly winds; all factors that contribute to an average of 121 rain days each year. Arising from these rainy weather conditions comes the attitude that a quick rain shower may be beautiful, as well as moody- but first and foremost requires the right outfit. Rains focus on the whole experience of going outside on rainy days, issuing an invitation to explore even in the most mercurial weather.</p>','published','[\"products\\/product-25.jpg\",\"products\\/product-24.jpg\",\"products\\/product-78.jpg\",\"products\\/product-51.jpg\",\"products\\/product-9.jpg\",\"products\\/product-42.jpg\",\"products\\/product-65.jpg\",\"products\\/product-23.jpg\",\"products\\/product-14.jpg\",\"products\\/product-8.jpg\",\"products\\/product-71.jpg\"]',NULL,'NC-130-A0',0,13,0,1,'in_stock',0,NULL,7,0,1,9,3.11,0,498,NULL,NULL,NULL,18,16,20,885,NULL,181193,'2025-12-25 18:49:43','2025-12-25 18:49:52',0,'Botble\\ACL\\Models\\User',NULL,'physical',NULL,NULL,0,0,'auto_generate',0,0,0,1),(60,'Arla Organic Free Range Milk',NULL,'<p>Short Hooded Coat features a straight body, large pockets with button flaps, ventilation air holes, and a string detail along the hemline.</p>','<p>Short Hooded Coat features a straight body, large pockets with button flaps, ventilation air holes, and a string detail along the hemline. The style is completed with a drawstring hood, featuring Rains’ signature built-in cap. Made from waterproof, matte PU, this lightweight unisex rain jacket is an ode to nostalgia through its classic silhouette and utilitarian design details.</p>\n                                <p>- Casual unisex fit</p>\n\n                                <p>- 64% polyester, 36% polyurethane</p>\n\n                                <p>- Water column pressure: 4000 mm</p>\n\n                                <p>- Model is 187cm tall and wearing a size S / M</p>\n\n                                <p>- Unisex fit</p>\n\n                                <p>- Drawstring hood with built-in cap</p>\n\n                                <p>- Front placket with snap buttons</p>\n\n                                <p>- Ventilation under armpit</p>\n\n                                <p>- Adjustable cuffs</p>\n\n                                <p>- Double welted front pockets</p>\n\n                                <p>- Adjustable elastic string at hempen</p>\n\n                                <p>- Ultrasonically welded seams</p>\n\n                                <p>This is a unisex item, please check our clothing &amp; footwear sizing guide for specific Rains jacket sizing information. RAINS comes from the rainy nation of Denmark at the edge of the European continent, close to the ocean and with prevailing westerly winds; all factors that contribute to an average of 121 rain days each year. Arising from these rainy weather conditions comes the attitude that a quick rain shower may be beautiful, as well as moody- but first and foremost requires the right outfit. Rains focus on the whole experience of going outside on rainy days, issuing an invitation to explore even in the most mercurial weather.</p>','published','[\"products\\/product-1.jpg\",\"products\\/product-29.jpg\",\"products\\/product-13.jpg\",\"products\\/product-63.jpg\",\"products\\/product-94.jpg\",\"products\\/product-15.jpg\",\"products\\/product-61.jpg\",\"products\\/product-17.jpg\",\"products\\/product-82.jpg\"]',NULL,'NC-107-A0',0,10,0,1,'in_stock',1,NULL,2,0,4,10,2.30,0,281,252.9,NULL,NULL,18,13,13,625,NULL,81554,'2025-12-25 18:49:43','2025-12-25 18:49:52',0,'Botble\\ACL\\Models\\User',NULL,'physical',NULL,NULL,0,0,'auto_generate',0,0,0,2),(61,'Aptamil Follow On Baby Milk',NULL,'<p>Short Hooded Coat features a straight body, large pockets with button flaps, ventilation air holes, and a string detail along the hemline.</p>','<p>Short Hooded Coat features a straight body, large pockets with button flaps, ventilation air holes, and a string detail along the hemline. The style is completed with a drawstring hood, featuring Rains’ signature built-in cap. Made from waterproof, matte PU, this lightweight unisex rain jacket is an ode to nostalgia through its classic silhouette and utilitarian design details.</p>\n                                <p>- Casual unisex fit</p>\n\n                                <p>- 64% polyester, 36% polyurethane</p>\n\n                                <p>- Water column pressure: 4000 mm</p>\n\n                                <p>- Model is 187cm tall and wearing a size S / M</p>\n\n                                <p>- Unisex fit</p>\n\n                                <p>- Drawstring hood with built-in cap</p>\n\n                                <p>- Front placket with snap buttons</p>\n\n                                <p>- Ventilation under armpit</p>\n\n                                <p>- Adjustable cuffs</p>\n\n                                <p>- Double welted front pockets</p>\n\n                                <p>- Adjustable elastic string at hempen</p>\n\n                                <p>- Ultrasonically welded seams</p>\n\n                                <p>This is a unisex item, please check our clothing &amp; footwear sizing guide for specific Rains jacket sizing information. RAINS comes from the rainy nation of Denmark at the edge of the European continent, close to the ocean and with prevailing westerly winds; all factors that contribute to an average of 121 rain days each year. Arising from these rainy weather conditions comes the attitude that a quick rain shower may be beautiful, as well as moody- but first and foremost requires the right outfit. Rains focus on the whole experience of going outside on rainy days, issuing an invitation to explore even in the most mercurial weather.</p>','published','[\"products\\/product-13.jpg\",\"products\\/product-68.jpg\",\"products\\/product-11.jpg\",\"products\\/product-33.jpg\",\"products\\/product-16.jpg\"]',NULL,'NC-142-A0',0,14,0,1,'in_stock',0,NULL,5,0,3,10,3.80,0,445,NULL,NULL,NULL,17,13,18,744,NULL,183404,'2025-12-25 18:49:43','2025-12-25 18:49:52',0,'Botble\\ACL\\Models\\User',NULL,'digital',NULL,NULL,0,0,'auto_generate',0,0,0,2),(62,'Cuisinart Chef’S Classic Hard-Anodized',NULL,'<p>Short Hooded Coat features a straight body, large pockets with button flaps, ventilation air holes, and a string detail along the hemline.</p>','<p>Short Hooded Coat features a straight body, large pockets with button flaps, ventilation air holes, and a string detail along the hemline. The style is completed with a drawstring hood, featuring Rains’ signature built-in cap. Made from waterproof, matte PU, this lightweight unisex rain jacket is an ode to nostalgia through its classic silhouette and utilitarian design details.</p>\n                                <p>- Casual unisex fit</p>\n\n                                <p>- 64% polyester, 36% polyurethane</p>\n\n                                <p>- Water column pressure: 4000 mm</p>\n\n                                <p>- Model is 187cm tall and wearing a size S / M</p>\n\n                                <p>- Unisex fit</p>\n\n                                <p>- Drawstring hood with built-in cap</p>\n\n                                <p>- Front placket with snap buttons</p>\n\n                                <p>- Ventilation under armpit</p>\n\n                                <p>- Adjustable cuffs</p>\n\n                                <p>- Double welted front pockets</p>\n\n                                <p>- Adjustable elastic string at hempen</p>\n\n                                <p>- Ultrasonically welded seams</p>\n\n                                <p>This is a unisex item, please check our clothing &amp; footwear sizing guide for specific Rains jacket sizing information. RAINS comes from the rainy nation of Denmark at the edge of the European continent, close to the ocean and with prevailing westerly winds; all factors that contribute to an average of 121 rain days each year. Arising from these rainy weather conditions comes the attitude that a quick rain shower may be beautiful, as well as moody- but first and foremost requires the right outfit. Rains focus on the whole experience of going outside on rainy days, issuing an invitation to explore even in the most mercurial weather.</p>','published','[\"products\\/product-71.jpg\",\"products\\/product-87.jpg\",\"products\\/product-14.jpg\",\"products\\/product-56.jpg\",\"products\\/product-33.jpg\",\"products\\/product-85.jpg\"]',NULL,'NC-106-A0',0,18,0,1,'in_stock',1,NULL,4,0,3,10,3.00,0,443,NULL,NULL,NULL,19,19,10,895,NULL,168875,'2025-12-25 18:49:43','2025-12-25 18:49:52',0,'Botble\\ACL\\Models\\User',NULL,'physical',NULL,NULL,0,0,'auto_generate',0,0,0,1),(63,'Corn, Yellow Sweet',NULL,'<p>Short Hooded Coat features a straight body, large pockets with button flaps, ventilation air holes, and a string detail along the hemline.</p>','<p>Short Hooded Coat features a straight body, large pockets with button flaps, ventilation air holes, and a string detail along the hemline. The style is completed with a drawstring hood, featuring Rains’ signature built-in cap. Made from waterproof, matte PU, this lightweight unisex rain jacket is an ode to nostalgia through its classic silhouette and utilitarian design details.</p>\n                                <p>- Casual unisex fit</p>\n\n                                <p>- 64% polyester, 36% polyurethane</p>\n\n                                <p>- Water column pressure: 4000 mm</p>\n\n                                <p>- Model is 187cm tall and wearing a size S / M</p>\n\n                                <p>- Unisex fit</p>\n\n                                <p>- Drawstring hood with built-in cap</p>\n\n                                <p>- Front placket with snap buttons</p>\n\n                                <p>- Ventilation under armpit</p>\n\n                                <p>- Adjustable cuffs</p>\n\n                                <p>- Double welted front pockets</p>\n\n                                <p>- Adjustable elastic string at hempen</p>\n\n                                <p>- Ultrasonically welded seams</p>\n\n                                <p>This is a unisex item, please check our clothing &amp; footwear sizing guide for specific Rains jacket sizing information. RAINS comes from the rainy nation of Denmark at the edge of the European continent, close to the ocean and with prevailing westerly winds; all factors that contribute to an average of 121 rain days each year. Arising from these rainy weather conditions comes the attitude that a quick rain shower may be beautiful, as well as moody- but first and foremost requires the right outfit. Rains focus on the whole experience of going outside on rainy days, issuing an invitation to explore even in the most mercurial weather.</p>','published','[\"products\\/product-42.jpg\",\"products\\/product-72.jpg\",\"products\\/product-14.jpg\",\"products\\/product-41.jpg\",\"products\\/product-84.jpg\",\"products\\/product-44.jpg\",\"products\\/product-94.jpg\",\"products\\/product-8.jpg\",\"products\\/product-89.jpg\",\"products\\/product-27.jpg\",\"products\\/product-49.jpg\"]',NULL,'NC-159-A0',0,11,0,1,'in_stock',1,NULL,6,0,2,10,2.70,0,494,NULL,NULL,NULL,12,15,12,587,NULL,18510,'2025-12-25 18:49:43','2025-12-25 18:49:52',0,'Botble\\ACL\\Models\\User',NULL,'physical',NULL,NULL,0,0,'auto_generate',0,0,0,1),(64,'Hobnobs The Nobbly Biscuit',NULL,'<p>Short Hooded Coat features a straight body, large pockets with button flaps, ventilation air holes, and a string detail along the hemline.</p>','<p>Short Hooded Coat features a straight body, large pockets with button flaps, ventilation air holes, and a string detail along the hemline. The style is completed with a drawstring hood, featuring Rains’ signature built-in cap. Made from waterproof, matte PU, this lightweight unisex rain jacket is an ode to nostalgia through its classic silhouette and utilitarian design details.</p>\n                                <p>- Casual unisex fit</p>\n\n                                <p>- 64% polyester, 36% polyurethane</p>\n\n                                <p>- Water column pressure: 4000 mm</p>\n\n                                <p>- Model is 187cm tall and wearing a size S / M</p>\n\n                                <p>- Unisex fit</p>\n\n                                <p>- Drawstring hood with built-in cap</p>\n\n                                <p>- Front placket with snap buttons</p>\n\n                                <p>- Ventilation under armpit</p>\n\n                                <p>- Adjustable cuffs</p>\n\n                                <p>- Double welted front pockets</p>\n\n                                <p>- Adjustable elastic string at hempen</p>\n\n                                <p>- Ultrasonically welded seams</p>\n\n                                <p>This is a unisex item, please check our clothing &amp; footwear sizing guide for specific Rains jacket sizing information. RAINS comes from the rainy nation of Denmark at the edge of the European continent, close to the ocean and with prevailing westerly winds; all factors that contribute to an average of 121 rain days each year. Arising from these rainy weather conditions comes the attitude that a quick rain shower may be beautiful, as well as moody- but first and foremost requires the right outfit. Rains focus on the whole experience of going outside on rainy days, issuing an invitation to explore even in the most mercurial weather.</p>','published','[\"products\\/product-87.jpg\",\"products\\/product-41.jpg\",\"products\\/product-82.jpg\",\"products\\/product-78.jpg\",\"products\\/product-74.jpg\",\"products\\/product-92.jpg\",\"products\\/product-50.jpg\",\"products\\/product-31.jpg\",\"products\\/product-3.jpg\",\"products\\/product-28.jpg\",\"products\\/product-25.jpg\"]',NULL,'NC-149-A0',0,17,0,1,'in_stock',1,NULL,3,0,3,9,3.11,0,248,220.72,NULL,NULL,17,12,20,869,NULL,145065,'2025-12-25 18:49:43','2025-12-25 18:49:52',0,'Botble\\ACL\\Models\\User',NULL,'physical',NULL,NULL,0,0,'auto_generate',0,0,0,1),(65,'Honest Organic Still Lemonade',NULL,'<p>Short Hooded Coat features a straight body, large pockets with button flaps, ventilation air holes, and a string detail along the hemline.</p>','<p>Short Hooded Coat features a straight body, large pockets with button flaps, ventilation air holes, and a string detail along the hemline. The style is completed with a drawstring hood, featuring Rains’ signature built-in cap. Made from waterproof, matte PU, this lightweight unisex rain jacket is an ode to nostalgia through its classic silhouette and utilitarian design details.</p>\n                                <p>- Casual unisex fit</p>\n\n                                <p>- 64% polyester, 36% polyurethane</p>\n\n                                <p>- Water column pressure: 4000 mm</p>\n\n                                <p>- Model is 187cm tall and wearing a size S / M</p>\n\n                                <p>- Unisex fit</p>\n\n                                <p>- Drawstring hood with built-in cap</p>\n\n                                <p>- Front placket with snap buttons</p>\n\n                                <p>- Ventilation under armpit</p>\n\n                                <p>- Adjustable cuffs</p>\n\n                                <p>- Double welted front pockets</p>\n\n                                <p>- Adjustable elastic string at hempen</p>\n\n                                <p>- Ultrasonically welded seams</p>\n\n                                <p>This is a unisex item, please check our clothing &amp; footwear sizing guide for specific Rains jacket sizing information. RAINS comes from the rainy nation of Denmark at the edge of the European continent, close to the ocean and with prevailing westerly winds; all factors that contribute to an average of 121 rain days each year. Arising from these rainy weather conditions comes the attitude that a quick rain shower may be beautiful, as well as moody- but first and foremost requires the right outfit. Rains focus on the whole experience of going outside on rainy days, issuing an invitation to explore even in the most mercurial weather.</p>','published','[\"products\\/product-9.jpg\",\"products\\/product-2.jpg\",\"products\\/product-88.jpg\",\"products\\/product-71.jpg\",\"products\\/product-19.jpg\",\"products\\/product-76.jpg\",\"products\\/product-13.jpg\",\"products\\/product-65.jpg\",\"products\\/product-41.jpg\",\"products\\/product-20.jpg\"]',NULL,'NC-119-A0',0,14,0,1,'in_stock',1,NULL,3,0,2,8,3.13,0,393,NULL,NULL,NULL,15,13,11,845,NULL,187490,'2025-12-25 18:49:43','2025-12-25 18:49:52',0,'Botble\\ACL\\Models\\User',NULL,'digital',NULL,NULL,0,0,'auto_generate',0,0,0,2),(66,'Ice Beck’s Beer 350ml x 24 Pieces',NULL,'<p>Short Hooded Coat features a straight body, large pockets with button flaps, ventilation air holes, and a string detail along the hemline.</p>','<p>Short Hooded Coat features a straight body, large pockets with button flaps, ventilation air holes, and a string detail along the hemline. The style is completed with a drawstring hood, featuring Rains’ signature built-in cap. Made from waterproof, matte PU, this lightweight unisex rain jacket is an ode to nostalgia through its classic silhouette and utilitarian design details.</p>\n                                <p>- Casual unisex fit</p>\n\n                                <p>- 64% polyester, 36% polyurethane</p>\n\n                                <p>- Water column pressure: 4000 mm</p>\n\n                                <p>- Model is 187cm tall and wearing a size S / M</p>\n\n                                <p>- Unisex fit</p>\n\n                                <p>- Drawstring hood with built-in cap</p>\n\n                                <p>- Front placket with snap buttons</p>\n\n                                <p>- Ventilation under armpit</p>\n\n                                <p>- Adjustable cuffs</p>\n\n                                <p>- Double welted front pockets</p>\n\n                                <p>- Adjustable elastic string at hempen</p>\n\n                                <p>- Ultrasonically welded seams</p>\n\n                                <p>This is a unisex item, please check our clothing &amp; footwear sizing guide for specific Rains jacket sizing information. RAINS comes from the rainy nation of Denmark at the edge of the European continent, close to the ocean and with prevailing westerly winds; all factors that contribute to an average of 121 rain days each year. Arising from these rainy weather conditions comes the attitude that a quick rain shower may be beautiful, as well as moody- but first and foremost requires the right outfit. Rains focus on the whole experience of going outside on rainy days, issuing an invitation to explore even in the most mercurial weather.</p>','published','[\"products\\/product-79.jpg\",\"products\\/product-6.jpg\",\"products\\/product-59.jpg\",\"products\\/product-27.jpg\",\"products\\/product-67.jpg\",\"products\\/product-42.jpg\",\"products\\/product-55.jpg\",\"products\\/product-45.jpg\",\"products\\/product-22.jpg\",\"products\\/product-12.jpg\"]',NULL,'NC-144-A0',0,17,0,1,'in_stock',1,NULL,4,0,3,10,3.50,0,407,NULL,NULL,NULL,20,13,16,780,NULL,179057,'2025-12-25 18:49:43','2025-12-25 18:49:52',0,'Botble\\ACL\\Models\\User',NULL,'physical',NULL,NULL,0,0,'auto_generate',0,0,0,1),(67,'Iceland 6 Hot Cross Buns',NULL,'<p>Short Hooded Coat features a straight body, large pockets with button flaps, ventilation air holes, and a string detail along the hemline.</p>','<p>Short Hooded Coat features a straight body, large pockets with button flaps, ventilation air holes, and a string detail along the hemline. The style is completed with a drawstring hood, featuring Rains’ signature built-in cap. Made from waterproof, matte PU, this lightweight unisex rain jacket is an ode to nostalgia through its classic silhouette and utilitarian design details.</p>\n                                <p>- Casual unisex fit</p>\n\n                                <p>- 64% polyester, 36% polyurethane</p>\n\n                                <p>- Water column pressure: 4000 mm</p>\n\n                                <p>- Model is 187cm tall and wearing a size S / M</p>\n\n                                <p>- Unisex fit</p>\n\n                                <p>- Drawstring hood with built-in cap</p>\n\n                                <p>- Front placket with snap buttons</p>\n\n                                <p>- Ventilation under armpit</p>\n\n                                <p>- Adjustable cuffs</p>\n\n                                <p>- Double welted front pockets</p>\n\n                                <p>- Adjustable elastic string at hempen</p>\n\n                                <p>- Ultrasonically welded seams</p>\n\n                                <p>This is a unisex item, please check our clothing &amp; footwear sizing guide for specific Rains jacket sizing information. RAINS comes from the rainy nation of Denmark at the edge of the European continent, close to the ocean and with prevailing westerly winds; all factors that contribute to an average of 121 rain days each year. Arising from these rainy weather conditions comes the attitude that a quick rain shower may be beautiful, as well as moody- but first and foremost requires the right outfit. Rains focus on the whole experience of going outside on rainy days, issuing an invitation to explore even in the most mercurial weather.</p>','published','[\"products\\/product-92.jpg\",\"products\\/product-1.jpg\",\"products\\/product-73.jpg\",\"products\\/product-37.jpg\",\"products\\/product-52.jpg\"]',NULL,'NC-195-A0',0,19,0,1,'in_stock',1,NULL,2,0,2,9,2.89,0,337,NULL,NULL,NULL,12,18,10,612,NULL,3630,'2025-12-25 18:49:43','2025-12-25 18:49:52',0,'Botble\\ACL\\Models\\User',NULL,'physical',NULL,NULL,0,0,'auto_generate',0,0,0,1),(68,'Iceland Luxury 4 Panini Rolls',NULL,'<p>Short Hooded Coat features a straight body, large pockets with button flaps, ventilation air holes, and a string detail along the hemline.</p>','<p>Short Hooded Coat features a straight body, large pockets with button flaps, ventilation air holes, and a string detail along the hemline. The style is completed with a drawstring hood, featuring Rains’ signature built-in cap. Made from waterproof, matte PU, this lightweight unisex rain jacket is an ode to nostalgia through its classic silhouette and utilitarian design details.</p>\n                                <p>- Casual unisex fit</p>\n\n                                <p>- 64% polyester, 36% polyurethane</p>\n\n                                <p>- Water column pressure: 4000 mm</p>\n\n                                <p>- Model is 187cm tall and wearing a size S / M</p>\n\n                                <p>- Unisex fit</p>\n\n                                <p>- Drawstring hood with built-in cap</p>\n\n                                <p>- Front placket with snap buttons</p>\n\n                                <p>- Ventilation under armpit</p>\n\n                                <p>- Adjustable cuffs</p>\n\n                                <p>- Double welted front pockets</p>\n\n                                <p>- Adjustable elastic string at hempen</p>\n\n                                <p>- Ultrasonically welded seams</p>\n\n                                <p>This is a unisex item, please check our clothing &amp; footwear sizing guide for specific Rains jacket sizing information. RAINS comes from the rainy nation of Denmark at the edge of the European continent, close to the ocean and with prevailing westerly winds; all factors that contribute to an average of 121 rain days each year. Arising from these rainy weather conditions comes the attitude that a quick rain shower may be beautiful, as well as moody- but first and foremost requires the right outfit. Rains focus on the whole experience of going outside on rainy days, issuing an invitation to explore even in the most mercurial weather.</p>','published','[\"products\\/product-63.jpg\",\"products\\/product-47.jpg\",\"products\\/product-49.jpg\",\"products\\/product-69.jpg\",\"products\\/product-90.jpg\",\"products\\/product-55.jpg\",\"products\\/product-54.jpg\",\"products\\/product-81.jpg\"]',NULL,'NC-140-A0',0,19,0,1,'in_stock',1,NULL,1,0,5,10,3.60,0,480,388.8,NULL,NULL,20,12,14,531,NULL,152087,'2025-12-25 18:49:43','2025-12-25 18:49:52',0,'Botble\\ACL\\Models\\User',NULL,'physical',NULL,NULL,0,0,'auto_generate',0,0,0,1),(69,'Iceland Soft Scoop Vanilla',NULL,'<p>Short Hooded Coat features a straight body, large pockets with button flaps, ventilation air holes, and a string detail along the hemline.</p>','<p>Short Hooded Coat features a straight body, large pockets with button flaps, ventilation air holes, and a string detail along the hemline. The style is completed with a drawstring hood, featuring Rains’ signature built-in cap. Made from waterproof, matte PU, this lightweight unisex rain jacket is an ode to nostalgia through its classic silhouette and utilitarian design details.</p>\n                                <p>- Casual unisex fit</p>\n\n                                <p>- 64% polyester, 36% polyurethane</p>\n\n                                <p>- Water column pressure: 4000 mm</p>\n\n                                <p>- Model is 187cm tall and wearing a size S / M</p>\n\n                                <p>- Unisex fit</p>\n\n                                <p>- Drawstring hood with built-in cap</p>\n\n                                <p>- Front placket with snap buttons</p>\n\n                                <p>- Ventilation under armpit</p>\n\n                                <p>- Adjustable cuffs</p>\n\n                                <p>- Double welted front pockets</p>\n\n                                <p>- Adjustable elastic string at hempen</p>\n\n                                <p>- Ultrasonically welded seams</p>\n\n                                <p>This is a unisex item, please check our clothing &amp; footwear sizing guide for specific Rains jacket sizing information. RAINS comes from the rainy nation of Denmark at the edge of the European continent, close to the ocean and with prevailing westerly winds; all factors that contribute to an average of 121 rain days each year. Arising from these rainy weather conditions comes the attitude that a quick rain shower may be beautiful, as well as moody- but first and foremost requires the right outfit. Rains focus on the whole experience of going outside on rainy days, issuing an invitation to explore even in the most mercurial weather.</p>','published','[\"products\\/product-5.jpg\",\"products\\/product-53.jpg\",\"products\\/product-54.jpg\",\"products\\/product-89.jpg\",\"products\\/product-8.jpg\"]',NULL,'NC-125-A0',0,14,0,1,'in_stock',1,NULL,7,0,4,9,3.56,0,368,NULL,NULL,NULL,12,17,14,779,NULL,10515,'2025-12-25 18:49:43','2025-12-25 18:49:52',0,'Botble\\ACL\\Models\\User',NULL,'digital',NULL,NULL,0,0,'auto_generate',0,0,0,2),(70,'Iceland Spaghetti Bolognese',NULL,'<p>Short Hooded Coat features a straight body, large pockets with button flaps, ventilation air holes, and a string detail along the hemline.</p>','<p>Short Hooded Coat features a straight body, large pockets with button flaps, ventilation air holes, and a string detail along the hemline. The style is completed with a drawstring hood, featuring Rains’ signature built-in cap. Made from waterproof, matte PU, this lightweight unisex rain jacket is an ode to nostalgia through its classic silhouette and utilitarian design details.</p>\n                                <p>- Casual unisex fit</p>\n\n                                <p>- 64% polyester, 36% polyurethane</p>\n\n                                <p>- Water column pressure: 4000 mm</p>\n\n                                <p>- Model is 187cm tall and wearing a size S / M</p>\n\n                                <p>- Unisex fit</p>\n\n                                <p>- Drawstring hood with built-in cap</p>\n\n                                <p>- Front placket with snap buttons</p>\n\n                                <p>- Ventilation under armpit</p>\n\n                                <p>- Adjustable cuffs</p>\n\n                                <p>- Double welted front pockets</p>\n\n                                <p>- Adjustable elastic string at hempen</p>\n\n                                <p>- Ultrasonically welded seams</p>\n\n                                <p>This is a unisex item, please check our clothing &amp; footwear sizing guide for specific Rains jacket sizing information. RAINS comes from the rainy nation of Denmark at the edge of the European continent, close to the ocean and with prevailing westerly winds; all factors that contribute to an average of 121 rain days each year. Arising from these rainy weather conditions comes the attitude that a quick rain shower may be beautiful, as well as moody- but first and foremost requires the right outfit. Rains focus on the whole experience of going outside on rainy days, issuing an invitation to explore even in the most mercurial weather.</p>','published','[\"products\\/product-85.jpg\",\"products\\/product-80.jpg\",\"products\\/product-6.jpg\",\"products\\/product-7.jpg\",\"products\\/product-3.jpg\",\"products\\/product-82.jpg\",\"products\\/product-87.jpg\",\"products\\/product-32.jpg\"]',NULL,'NC-197-A0',0,13,0,1,'in_stock',0,NULL,2,0,3,10,3.20,0,355,NULL,NULL,NULL,17,13,20,685,NULL,190566,'2025-12-25 18:49:43','2025-12-25 18:49:52',0,'Botble\\ACL\\Models\\User',NULL,'physical',NULL,NULL,0,0,'auto_generate',0,0,0,1),(71,'Kellogg’s Coco Pops Cereal',NULL,'<p>Short Hooded Coat features a straight body, large pockets with button flaps, ventilation air holes, and a string detail along the hemline.</p>','<p>Short Hooded Coat features a straight body, large pockets with button flaps, ventilation air holes, and a string detail along the hemline. The style is completed with a drawstring hood, featuring Rains’ signature built-in cap. Made from waterproof, matte PU, this lightweight unisex rain jacket is an ode to nostalgia through its classic silhouette and utilitarian design details.</p>\n                                <p>- Casual unisex fit</p>\n\n                                <p>- 64% polyester, 36% polyurethane</p>\n\n                                <p>- Water column pressure: 4000 mm</p>\n\n                                <p>- Model is 187cm tall and wearing a size S / M</p>\n\n                                <p>- Unisex fit</p>\n\n                                <p>- Drawstring hood with built-in cap</p>\n\n                                <p>- Front placket with snap buttons</p>\n\n                                <p>- Ventilation under armpit</p>\n\n                                <p>- Adjustable cuffs</p>\n\n                                <p>- Double welted front pockets</p>\n\n                                <p>- Adjustable elastic string at hempen</p>\n\n                                <p>- Ultrasonically welded seams</p>\n\n                                <p>This is a unisex item, please check our clothing &amp; footwear sizing guide for specific Rains jacket sizing information. RAINS comes from the rainy nation of Denmark at the edge of the European continent, close to the ocean and with prevailing westerly winds; all factors that contribute to an average of 121 rain days each year. Arising from these rainy weather conditions comes the attitude that a quick rain shower may be beautiful, as well as moody- but first and foremost requires the right outfit. Rains focus on the whole experience of going outside on rainy days, issuing an invitation to explore even in the most mercurial weather.</p>','published','[\"products\\/product-62.jpg\",\"products\\/product-75.jpg\",\"products\\/product-25.jpg\",\"products\\/product-51.jpg\",\"products\\/product-55.jpg\",\"products\\/product-65.jpg\",\"products\\/product-82.jpg\",\"products\\/product-45.jpg\",\"products\\/product-94.jpg\",\"products\\/product-44.jpg\",\"products\\/product-10.jpg\"]',NULL,'NC-158-A0',0,15,0,1,'in_stock',0,NULL,2,0,2,9,3.44,0,346,NULL,NULL,NULL,14,16,17,669,NULL,191197,'2025-12-25 18:49:43','2025-12-25 18:49:52',0,'Botble\\ACL\\Models\\User',NULL,'physical',NULL,NULL,0,0,'auto_generate',0,0,0,2),(72,'Kit Kat Chunky Milk Chocolate',NULL,'<p>Short Hooded Coat features a straight body, large pockets with button flaps, ventilation air holes, and a string detail along the hemline.</p>','<p>Short Hooded Coat features a straight body, large pockets with button flaps, ventilation air holes, and a string detail along the hemline. The style is completed with a drawstring hood, featuring Rains’ signature built-in cap. Made from waterproof, matte PU, this lightweight unisex rain jacket is an ode to nostalgia through its classic silhouette and utilitarian design details.</p>\n                                <p>- Casual unisex fit</p>\n\n                                <p>- 64% polyester, 36% polyurethane</p>\n\n                                <p>- Water column pressure: 4000 mm</p>\n\n                                <p>- Model is 187cm tall and wearing a size S / M</p>\n\n                                <p>- Unisex fit</p>\n\n                                <p>- Drawstring hood with built-in cap</p>\n\n                                <p>- Front placket with snap buttons</p>\n\n                                <p>- Ventilation under armpit</p>\n\n                                <p>- Adjustable cuffs</p>\n\n                                <p>- Double welted front pockets</p>\n\n                                <p>- Adjustable elastic string at hempen</p>\n\n                                <p>- Ultrasonically welded seams</p>\n\n                                <p>This is a unisex item, please check our clothing &amp; footwear sizing guide for specific Rains jacket sizing information. RAINS comes from the rainy nation of Denmark at the edge of the European continent, close to the ocean and with prevailing westerly winds; all factors that contribute to an average of 121 rain days each year. Arising from these rainy weather conditions comes the attitude that a quick rain shower may be beautiful, as well as moody- but first and foremost requires the right outfit. Rains focus on the whole experience of going outside on rainy days, issuing an invitation to explore even in the most mercurial weather.</p>','published','[\"products\\/product-32.jpg\",\"products\\/product-50.jpg\",\"products\\/product-93.jpg\",\"products\\/product-17.jpg\",\"products\\/product-52.jpg\",\"products\\/product-18.jpg\",\"products\\/product-79.jpg\",\"products\\/product-48.jpg\"]',NULL,'NC-151-A0',0,10,0,1,'in_stock',0,NULL,2,0,1,9,3.22,0,222,157.62,NULL,NULL,16,12,13,813,NULL,7575,'2025-12-25 18:49:43','2025-12-25 18:49:52',0,'Botble\\ACL\\Models\\User',NULL,'physical',NULL,NULL,0,0,'auto_generate',0,0,0,2),(73,'Large Green Bell Pepper',NULL,'<p>Short Hooded Coat features a straight body, large pockets with button flaps, ventilation air holes, and a string detail along the hemline.</p>','<p>Short Hooded Coat features a straight body, large pockets with button flaps, ventilation air holes, and a string detail along the hemline. The style is completed with a drawstring hood, featuring Rains’ signature built-in cap. Made from waterproof, matte PU, this lightweight unisex rain jacket is an ode to nostalgia through its classic silhouette and utilitarian design details.</p>\n                                <p>- Casual unisex fit</p>\n\n                                <p>- 64% polyester, 36% polyurethane</p>\n\n                                <p>- Water column pressure: 4000 mm</p>\n\n                                <p>- Model is 187cm tall and wearing a size S / M</p>\n\n                                <p>- Unisex fit</p>\n\n                                <p>- Drawstring hood with built-in cap</p>\n\n                                <p>- Front placket with snap buttons</p>\n\n                                <p>- Ventilation under armpit</p>\n\n                                <p>- Adjustable cuffs</p>\n\n                                <p>- Double welted front pockets</p>\n\n                                <p>- Adjustable elastic string at hempen</p>\n\n                                <p>- Ultrasonically welded seams</p>\n\n                                <p>This is a unisex item, please check our clothing &amp; footwear sizing guide for specific Rains jacket sizing information. RAINS comes from the rainy nation of Denmark at the edge of the European continent, close to the ocean and with prevailing westerly winds; all factors that contribute to an average of 121 rain days each year. Arising from these rainy weather conditions comes the attitude that a quick rain shower may be beautiful, as well as moody- but first and foremost requires the right outfit. Rains focus on the whole experience of going outside on rainy days, issuing an invitation to explore even in the most mercurial weather.</p>','published','[\"products\\/product-2.jpg\",\"products\\/product-70.jpg\",\"products\\/product-30.jpg\",\"products\\/product-7.jpg\",\"products\\/product-40.jpg\",\"products\\/product-84.jpg\"]',NULL,'NC-110-A0',0,14,0,1,'in_stock',1,NULL,2,0,3,10,3.30,0,412,NULL,NULL,NULL,20,10,14,731,NULL,50849,'2025-12-25 18:49:43','2025-12-25 18:49:53',0,'Botble\\ACL\\Models\\User',NULL,'digital',NULL,NULL,0,0,'auto_generate',0,0,0,1),(74,'Pice 94w Beasley Journal',NULL,'<p>Short Hooded Coat features a straight body, large pockets with button flaps, ventilation air holes, and a string detail along the hemline.</p>','<p>Short Hooded Coat features a straight body, large pockets with button flaps, ventilation air holes, and a string detail along the hemline. The style is completed with a drawstring hood, featuring Rains’ signature built-in cap. Made from waterproof, matte PU, this lightweight unisex rain jacket is an ode to nostalgia through its classic silhouette and utilitarian design details.</p>\n                                <p>- Casual unisex fit</p>\n\n                                <p>- 64% polyester, 36% polyurethane</p>\n\n                                <p>- Water column pressure: 4000 mm</p>\n\n                                <p>- Model is 187cm tall and wearing a size S / M</p>\n\n                                <p>- Unisex fit</p>\n\n                                <p>- Drawstring hood with built-in cap</p>\n\n                                <p>- Front placket with snap buttons</p>\n\n                                <p>- Ventilation under armpit</p>\n\n                                <p>- Adjustable cuffs</p>\n\n                                <p>- Double welted front pockets</p>\n\n                                <p>- Adjustable elastic string at hempen</p>\n\n                                <p>- Ultrasonically welded seams</p>\n\n                                <p>This is a unisex item, please check our clothing &amp; footwear sizing guide for specific Rains jacket sizing information. RAINS comes from the rainy nation of Denmark at the edge of the European continent, close to the ocean and with prevailing westerly winds; all factors that contribute to an average of 121 rain days each year. Arising from these rainy weather conditions comes the attitude that a quick rain shower may be beautiful, as well as moody- but first and foremost requires the right outfit. Rains focus on the whole experience of going outside on rainy days, issuing an invitation to explore even in the most mercurial weather.</p>','published','[\"products\\/product-82.jpg\",\"products\\/product-42.jpg\",\"products\\/product-11.jpg\",\"products\\/product-60.jpg\",\"products\\/product-85.jpg\"]',NULL,'NC-110-A0',0,16,0,1,'in_stock',0,NULL,5,0,3,10,2.50,0,485,NULL,NULL,NULL,12,18,19,865,NULL,41046,'2025-12-25 18:49:43','2025-12-25 18:49:53',0,'Botble\\ACL\\Models\\User',NULL,'physical',NULL,NULL,0,0,'auto_generate',0,0,0,2),(75,'Province Piece Glass Drinking Glass',NULL,'<p>Short Hooded Coat features a straight body, large pockets with button flaps, ventilation air holes, and a string detail along the hemline.</p>','<p>Short Hooded Coat features a straight body, large pockets with button flaps, ventilation air holes, and a string detail along the hemline. The style is completed with a drawstring hood, featuring Rains’ signature built-in cap. Made from waterproof, matte PU, this lightweight unisex rain jacket is an ode to nostalgia through its classic silhouette and utilitarian design details.</p>\n                                <p>- Casual unisex fit</p>\n\n                                <p>- 64% polyester, 36% polyurethane</p>\n\n                                <p>- Water column pressure: 4000 mm</p>\n\n                                <p>- Model is 187cm tall and wearing a size S / M</p>\n\n                                <p>- Unisex fit</p>\n\n                                <p>- Drawstring hood with built-in cap</p>\n\n                                <p>- Front placket with snap buttons</p>\n\n                                <p>- Ventilation under armpit</p>\n\n                                <p>- Adjustable cuffs</p>\n\n                                <p>- Double welted front pockets</p>\n\n                                <p>- Adjustable elastic string at hempen</p>\n\n                                <p>- Ultrasonically welded seams</p>\n\n                                <p>This is a unisex item, please check our clothing &amp; footwear sizing guide for specific Rains jacket sizing information. RAINS comes from the rainy nation of Denmark at the edge of the European continent, close to the ocean and with prevailing westerly winds; all factors that contribute to an average of 121 rain days each year. Arising from these rainy weather conditions comes the attitude that a quick rain shower may be beautiful, as well as moody- but first and foremost requires the right outfit. Rains focus on the whole experience of going outside on rainy days, issuing an invitation to explore even in the most mercurial weather.</p>','published','[\"products\\/product-80.jpg\",\"products\\/product-88.jpg\",\"products\\/product-55.jpg\",\"products\\/product-17.jpg\",\"products\\/product-18.jpg\",\"products\\/product-63.jpg\",\"products\\/product-48.jpg\"]',NULL,'NC-191-A0',0,15,0,1,'in_stock',1,NULL,4,0,3,9,3.00,0,348,NULL,NULL,NULL,10,12,14,693,NULL,2738,'2025-12-25 18:49:43','2025-12-25 18:49:53',0,'Botble\\ACL\\Models\\User',NULL,'physical',NULL,NULL,0,0,'auto_generate',0,0,0,1),(76,'Miko Wooden Bluetooth Speaker',NULL,NULL,NULL,'published','[\"products\\/product-48.jpg\"]',NULL,'NC-141-A0',0,14,0,1,'in_stock',0,NULL,1,1,0,0,0.00,0,390,NULL,NULL,NULL,18,17,13,577,NULL,0,'2025-12-25 18:49:43','2025-12-25 18:49:50',0,'Botble\\ACL\\Models\\User',NULL,'digital',NULL,NULL,0,0,'auto_generate',0,0,0,NULL),(77,'Miko Wooden Bluetooth Speaker',NULL,NULL,NULL,'published','[\"products\\/product-78.jpg\"]',NULL,'NC-141-A0-A1',0,14,0,1,'in_stock',0,NULL,1,1,0,0,0.00,0,390,NULL,NULL,NULL,18,17,13,577,NULL,0,'2025-12-25 18:49:43','2025-12-25 18:49:50',0,'Botble\\ACL\\Models\\User',NULL,'digital',NULL,NULL,0,0,'auto_generate',0,0,0,NULL),(78,'Miko Wooden Bluetooth Speaker',NULL,NULL,NULL,'published','[\"products\\/product-92.jpg\"]',NULL,'NC-141-A0-A2',0,14,0,1,'in_stock',0,NULL,1,1,0,0,0.00,0,390,NULL,NULL,NULL,18,17,13,577,NULL,0,'2025-12-25 18:49:43','2025-12-25 18:49:50',0,'Botble\\ACL\\Models\\User',NULL,'digital',NULL,NULL,0,0,'auto_generate',0,0,0,NULL),(79,'Gorgeous Wooden Gloves',NULL,NULL,NULL,'published','[\"products\\/product-57.jpg\"]',NULL,'NC-190-A0',0,18,0,1,'in_stock',0,NULL,7,1,0,0,0.00,0,232,NULL,NULL,NULL,13,12,12,892,NULL,0,'2025-12-25 18:49:43','2025-12-25 18:49:50',0,'Botble\\ACL\\Models\\User',NULL,'physical',NULL,NULL,0,0,'auto_generate',0,0,0,NULL),(80,'Gorgeous Wooden Gloves',NULL,NULL,NULL,'published','[\"products\\/product-65.jpg\"]',NULL,'NC-190-A0-A1',0,18,0,1,'in_stock',0,NULL,7,1,0,0,0.00,0,232,NULL,NULL,NULL,13,12,12,892,NULL,0,'2025-12-25 18:49:43','2025-12-25 18:49:50',0,'Botble\\ACL\\Models\\User',NULL,'physical',NULL,NULL,0,0,'auto_generate',0,0,0,NULL),(81,'Pinkol Enormous Granite Bottle',NULL,NULL,NULL,'published','[\"products\\/product-11.jpg\"]',NULL,'NC-118-A0',0,19,0,1,'in_stock',0,NULL,2,1,0,0,0.00,0,275,NULL,NULL,NULL,18,14,19,671,NULL,0,'2025-12-25 18:49:43','2025-12-25 18:49:50',0,'Botble\\ACL\\Models\\User',NULL,'physical',NULL,NULL,0,0,'auto_generate',0,0,0,NULL),(82,'Pinkol Enormous Granite Bottle',NULL,NULL,NULL,'published','[\"products\\/product-53.jpg\"]',NULL,'NC-118-A0-A1',0,19,0,1,'in_stock',0,NULL,2,1,0,0,0.00,0,275,NULL,NULL,NULL,18,14,19,671,NULL,0,'2025-12-25 18:49:43','2025-12-25 18:49:50',0,'Botble\\ACL\\Models\\User',NULL,'physical',NULL,NULL,0,0,'auto_generate',0,0,0,NULL),(83,'Pinkol Enormous Granite Bottle',NULL,NULL,NULL,'published','[\"products\\/product-80.jpg\"]',NULL,'NC-118-A0-A2',0,19,0,1,'in_stock',0,NULL,2,1,0,0,0.00,0,275,NULL,NULL,NULL,18,14,19,671,NULL,0,'2025-12-25 18:49:43','2025-12-25 18:49:50',0,'Botble\\ACL\\Models\\User',NULL,'physical',NULL,NULL,0,0,'auto_generate',0,0,0,NULL),(84,'Gorgeous Aluminum Table',NULL,NULL,NULL,'published','[\"products\\/product-7.jpg\"]',NULL,'NC-144-A0',0,18,0,1,'in_stock',0,NULL,5,1,0,0,0.00,0,331,278.04,NULL,NULL,13,14,11,565,NULL,0,'2025-12-25 18:49:43','2025-12-25 18:49:50',0,'Botble\\ACL\\Models\\User',NULL,'physical',NULL,NULL,0,0,'auto_generate',0,0,0,NULL),(85,'Gorgeous Aluminum Table',NULL,NULL,NULL,'published','[\"products\\/product-2.jpg\"]',NULL,'NC-144-A0-A1',0,18,0,1,'in_stock',0,NULL,5,1,0,0,0.00,0,331,274.73,NULL,NULL,13,14,11,565,NULL,0,'2025-12-25 18:49:43','2025-12-25 18:49:50',0,'Botble\\ACL\\Models\\User',NULL,'physical',NULL,NULL,0,0,'auto_generate',0,0,0,NULL),(86,'Gorgeous Aluminum Table',NULL,NULL,NULL,'published','[\"products\\/product-37.jpg\"]',NULL,'NC-144-A0-A2',0,18,0,1,'in_stock',0,NULL,5,1,0,0,0.00,0,331,271.42,NULL,NULL,13,14,11,565,NULL,0,'2025-12-25 18:49:43','2025-12-25 18:49:50',0,'Botble\\ACL\\Models\\User',NULL,'physical',NULL,NULL,0,0,'auto_generate',0,0,0,NULL),(87,'Gorgeous Aluminum Table',NULL,NULL,NULL,'published','[\"products\\/product-32.jpg\"]',NULL,'NC-144-A0-A3',0,18,0,1,'in_stock',0,NULL,5,1,0,0,0.00,0,331,244.94,NULL,NULL,13,14,11,565,NULL,0,'2025-12-25 18:49:43','2025-12-25 18:49:50',0,'Botble\\ACL\\Models\\User',NULL,'physical',NULL,NULL,0,0,'auto_generate',0,0,0,NULL),(88,'Evo Lightweight Granite Shirt',NULL,NULL,NULL,'published','[\"products\\/product-34.jpg\"]',NULL,'NC-125-A0',0,17,0,1,'in_stock',0,NULL,7,1,0,0,0.00,0,205,NULL,NULL,NULL,15,11,17,561,NULL,0,'2025-12-25 18:49:43','2025-12-25 18:49:50',0,'Botble\\ACL\\Models\\User',NULL,'digital',NULL,NULL,0,0,'auto_generate',0,0,0,NULL),(89,'Evo Lightweight Granite Shirt',NULL,NULL,NULL,'published','[\"products\\/product-5.jpg\"]',NULL,'NC-125-A0-A1',0,17,0,1,'in_stock',0,NULL,7,1,0,0,0.00,0,205,NULL,NULL,NULL,15,11,17,561,NULL,0,'2025-12-25 18:49:43','2025-12-25 18:49:50',0,'Botble\\ACL\\Models\\User',NULL,'digital',NULL,NULL,0,0,'auto_generate',0,0,0,NULL),(90,'CLCo. Incredible Paper Car',NULL,NULL,NULL,'published','[\"products\\/product-45.jpg\"]',NULL,'NC-194-A0',0,10,0,1,'in_stock',0,NULL,6,1,0,0,0.00,0,478,NULL,NULL,NULL,17,18,11,598,NULL,0,'2025-12-25 18:49:43','2025-12-25 18:49:50',0,'Botble\\ACL\\Models\\User',NULL,'physical',NULL,NULL,0,0,'auto_generate',0,0,0,NULL),(91,'CLCo. Incredible Paper Car',NULL,NULL,NULL,'published','[\"products\\/product-62.jpg\"]',NULL,'NC-194-A0-A1',0,10,0,1,'in_stock',0,NULL,6,1,0,0,0.00,0,478,NULL,NULL,NULL,17,18,11,598,NULL,0,'2025-12-25 18:49:43','2025-12-25 18:49:50',0,'Botble\\ACL\\Models\\User',NULL,'physical',NULL,NULL,0,0,'auto_generate',0,0,0,NULL),(92,'CLCo. Incredible Paper Car',NULL,NULL,NULL,'published','[\"products\\/product-55.jpg\"]',NULL,'NC-194-A0-A2',0,10,0,1,'in_stock',0,NULL,6,1,0,0,0.00,0,478,NULL,NULL,NULL,17,18,11,598,NULL,0,'2025-12-25 18:49:44','2025-12-25 18:49:50',0,'Botble\\ACL\\Models\\User',NULL,'physical',NULL,NULL,0,0,'auto_generate',0,0,0,NULL),(93,'CLCo. Incredible Paper Car',NULL,NULL,NULL,'published','[\"products\\/product-72.jpg\"]',NULL,'NC-194-A0-A3',0,10,0,1,'in_stock',0,NULL,6,1,0,0,0.00,0,478,NULL,NULL,NULL,17,18,11,598,NULL,0,'2025-12-25 18:49:44','2025-12-25 18:49:50',0,'Botble\\ACL\\Models\\User',NULL,'physical',NULL,NULL,0,0,'auto_generate',0,0,0,NULL),(94,'Progash Durable Granite Hat',NULL,NULL,NULL,'published','[\"products\\/product-51.jpg\"]',NULL,'NC-107-A0',0,17,0,1,'in_stock',0,NULL,6,1,0,0,0.00,0,371,NULL,NULL,NULL,18,18,14,646,NULL,0,'2025-12-25 18:49:44','2025-12-25 18:49:51',0,'Botble\\ACL\\Models\\User',NULL,'physical',NULL,NULL,0,0,'auto_generate',0,0,0,NULL),(95,'Progash Durable Granite Hat',NULL,NULL,NULL,'published','[\"products\\/product-35.jpg\"]',NULL,'NC-107-A0-A1',0,17,0,1,'in_stock',0,NULL,6,1,0,0,0.00,0,371,NULL,NULL,NULL,18,18,14,646,NULL,0,'2025-12-25 18:49:44','2025-12-25 18:49:51',0,'Botble\\ACL\\Models\\User',NULL,'physical',NULL,NULL,0,0,'auto_generate',0,0,0,NULL),(96,'Purab Enormous Miranda Bottle',NULL,NULL,NULL,'published','[\"products\\/product-3.jpg\"]',NULL,'NC-184-A0',0,20,0,1,'in_stock',0,NULL,7,1,0,0,0.00,0,475,346.75,NULL,NULL,12,18,19,627,NULL,0,'2025-12-25 18:49:44','2025-12-25 18:49:51',0,'Botble\\ACL\\Models\\User',NULL,'physical',NULL,NULL,0,0,'auto_generate',0,0,0,NULL),(97,'Purab Enormous Miranda Bottle',NULL,NULL,NULL,'published','[\"products\\/product-84.jpg\"]',NULL,'NC-184-A0-A1',0,20,0,1,'in_stock',0,NULL,7,1,0,0,0.00,0,475,346.75,NULL,NULL,12,18,19,627,NULL,0,'2025-12-25 18:49:44','2025-12-25 18:49:51',0,'Botble\\ACL\\Models\\User',NULL,'physical',NULL,NULL,0,0,'auto_generate',0,0,0,NULL),(98,'Miklonda Co. Crafted Candles',NULL,NULL,NULL,'published','[\"products\\/product-88.jpg\"]',NULL,'NC-105-A0',0,16,0,1,'in_stock',0,NULL,1,1,0,0,0.00,0,282,NULL,NULL,NULL,12,12,10,617,NULL,0,'2025-12-25 18:49:44','2025-12-25 18:49:51',0,'Botble\\ACL\\Models\\User',NULL,'digital',NULL,NULL,0,0,'auto_generate',0,0,0,NULL),(99,'Miklonda Co. Crafted Candles',NULL,NULL,NULL,'published','[\"products\\/product-78.jpg\"]',NULL,'NC-105-A0-A1',0,16,0,1,'in_stock',0,NULL,1,1,0,0,0.00,0,282,NULL,NULL,NULL,12,12,10,617,NULL,0,'2025-12-25 18:49:44','2025-12-25 18:49:51',0,'Botble\\ACL\\Models\\User',NULL,'digital',NULL,NULL,0,0,'auto_generate',0,0,0,NULL),(100,'Miklonda Co. Crafted Candles',NULL,NULL,NULL,'published','[\"products\\/product-25.jpg\"]',NULL,'NC-105-A0-A2',0,16,0,1,'in_stock',0,NULL,1,1,0,0,0.00,0,282,NULL,NULL,NULL,12,12,10,617,NULL,0,'2025-12-25 18:49:44','2025-12-25 18:49:51',0,'Botble\\ACL\\Models\\User',NULL,'digital',NULL,NULL,0,0,'auto_generate',0,0,0,NULL),(101,'Miklonda Co. Crafted Candles',NULL,NULL,NULL,'published','[\"products\\/product-48.jpg\"]',NULL,'NC-105-A0-A3',0,16,0,1,'in_stock',0,NULL,1,1,0,0,0.00,0,282,NULL,NULL,NULL,12,12,10,617,NULL,0,'2025-12-25 18:49:44','2025-12-25 18:49:51',0,'Botble\\ACL\\Models\\User',NULL,'digital',NULL,NULL,0,0,'auto_generate',0,0,0,NULL),(102,'Pinkol Enormous Granite Bottle',NULL,NULL,NULL,'published','[\"products\\/product-76.jpg\"]',NULL,'NC-112-A0',0,12,0,1,'in_stock',0,NULL,7,1,0,0,0.00,0,402,NULL,NULL,NULL,19,12,14,840,NULL,0,'2025-12-25 18:49:44','2025-12-25 18:49:51',0,'Botble\\ACL\\Models\\User',NULL,'physical',NULL,NULL,0,0,'auto_generate',0,0,0,NULL),(103,'Pinkol Enormous Granite Bottle',NULL,NULL,NULL,'published','[\"products\\/product-1.jpg\"]',NULL,'NC-112-A0-A1',0,12,0,1,'in_stock',0,NULL,7,1,0,0,0.00,0,402,NULL,NULL,NULL,19,12,14,840,NULL,0,'2025-12-25 18:49:44','2025-12-25 18:49:51',0,'Botble\\ACL\\Models\\User',NULL,'physical',NULL,NULL,0,0,'auto_generate',0,0,0,NULL),(104,'Pinkol Enormous Granite Bottle',NULL,NULL,NULL,'published','[\"products\\/product-83.jpg\"]',NULL,'NC-112-A0-A2',0,12,0,1,'in_stock',0,NULL,7,1,0,0,0.00,0,402,NULL,NULL,NULL,19,12,14,840,NULL,0,'2025-12-25 18:49:44','2025-12-25 18:49:51',0,'Botble\\ACL\\Models\\User',NULL,'physical',NULL,NULL,0,0,'auto_generate',0,0,0,NULL),(105,'Pinkol Enormous Granite Bottle',NULL,NULL,NULL,'published','[\"products\\/product-40.jpg\"]',NULL,'NC-112-A0-A3',0,12,0,1,'in_stock',0,NULL,7,1,0,0,0.00,0,402,NULL,NULL,NULL,19,12,14,840,NULL,0,'2025-12-25 18:49:44','2025-12-25 18:49:51',0,'Botble\\ACL\\Models\\User',NULL,'physical',NULL,NULL,0,0,'auto_generate',0,0,0,NULL),(106,'Dual Camera 20MP',NULL,NULL,NULL,'published','[\"products\\/product-71.jpg\"]',NULL,'NC-145-A0',0,12,0,1,'in_stock',0,NULL,4,1,0,0,0.00,0,442,NULL,NULL,NULL,14,10,17,599,NULL,0,'2025-12-25 18:49:44','2025-12-25 18:49:51',0,'Botble\\ACL\\Models\\User',NULL,'physical',NULL,NULL,0,0,'auto_generate',0,0,0,NULL),(107,'Smart Watches',NULL,NULL,NULL,'published','[\"products\\/product-49.jpg\"]',NULL,'NC-176-A0',0,19,0,1,'in_stock',0,NULL,5,1,0,0,0.00,0,256,222.72,NULL,NULL,20,20,17,683,NULL,0,'2025-12-25 18:49:44','2025-12-25 18:49:51',0,'Botble\\ACL\\Models\\User',NULL,'physical',NULL,NULL,0,0,'auto_generate',0,0,0,NULL),(108,'Smart Watches',NULL,NULL,NULL,'published','[\"products\\/product-91.jpg\"]',NULL,'NC-176-A0-A1',0,19,0,1,'in_stock',0,NULL,5,1,0,0,0.00,0,256,184.32,NULL,NULL,20,20,17,683,NULL,0,'2025-12-25 18:49:44','2025-12-25 18:49:51',0,'Botble\\ACL\\Models\\User',NULL,'physical',NULL,NULL,0,0,'auto_generate',0,0,0,NULL),(109,'Smart Watches',NULL,NULL,NULL,'published','[\"products\\/product-54.jpg\"]',NULL,'NC-176-A0-A2',0,19,0,1,'in_stock',0,NULL,5,1,0,0,0.00,0,256,199.68,NULL,NULL,20,20,17,683,NULL,0,'2025-12-25 18:49:44','2025-12-25 18:49:51',0,'Botble\\ACL\\Models\\User',NULL,'physical',NULL,NULL,0,0,'auto_generate',0,0,0,NULL),(110,'Beat Headphone',NULL,NULL,NULL,'published','[\"products\\/product-33.jpg\"]',NULL,'NC-105-A0',0,12,0,1,'in_stock',0,NULL,7,1,0,0,0.00,0,349,NULL,NULL,NULL,18,13,10,515,NULL,0,'2025-12-25 18:49:44','2025-12-25 18:49:51',0,'Botble\\ACL\\Models\\User',NULL,'digital',NULL,NULL,0,0,'auto_generate',0,0,0,NULL),(111,'Beat Headphone',NULL,NULL,NULL,'published','[\"products\\/product-10.jpg\"]',NULL,'NC-105-A0-A1',0,12,0,1,'in_stock',0,NULL,7,1,0,0,0.00,0,349,NULL,NULL,NULL,18,13,10,515,NULL,0,'2025-12-25 18:49:44','2025-12-25 18:49:51',0,'Botble\\ACL\\Models\\User',NULL,'digital',NULL,NULL,0,0,'auto_generate',0,0,0,NULL),(112,'Red & Black Headphone',NULL,NULL,NULL,'published','[\"products\\/product-72.jpg\"]',NULL,'NC-125-A0',0,11,0,1,'in_stock',0,NULL,7,1,0,0,0.00,0,366,NULL,NULL,NULL,20,13,15,699,NULL,0,'2025-12-25 18:49:44','2025-12-25 18:49:51',0,'Botble\\ACL\\Models\\User',NULL,'physical',NULL,NULL,0,0,'auto_generate',0,0,0,NULL),(113,'Red & Black Headphone',NULL,NULL,NULL,'published','[\"products\\/product-73.jpg\"]',NULL,'NC-125-A0-A1',0,11,0,1,'in_stock',0,NULL,7,1,0,0,0.00,0,366,NULL,NULL,NULL,20,13,15,699,NULL,0,'2025-12-25 18:49:44','2025-12-25 18:49:51',0,'Botble\\ACL\\Models\\User',NULL,'physical',NULL,NULL,0,0,'auto_generate',0,0,0,NULL),(114,'Smart Watch External',NULL,NULL,NULL,'published','[\"products\\/product-60.jpg\"]',NULL,'NC-195-A0',0,18,0,1,'in_stock',0,NULL,2,1,0,0,0.00,0,436,NULL,NULL,NULL,10,19,20,622,NULL,0,'2025-12-25 18:49:44','2025-12-25 18:49:51',0,'Botble\\ACL\\Models\\User',NULL,'physical',NULL,NULL,0,0,'auto_generate',0,0,0,NULL),(115,'Smart Watch External',NULL,NULL,NULL,'published','[\"products\\/product-43.jpg\"]',NULL,'NC-195-A0-A1',0,18,0,1,'in_stock',0,NULL,2,1,0,0,0.00,0,436,NULL,NULL,NULL,10,19,20,622,NULL,0,'2025-12-25 18:49:44','2025-12-25 18:49:51',0,'Botble\\ACL\\Models\\User',NULL,'physical',NULL,NULL,0,0,'auto_generate',0,0,0,NULL),(116,'Smart Watch External',NULL,NULL,NULL,'published','[\"products\\/product-89.jpg\"]',NULL,'NC-195-A0-A2',0,18,0,1,'in_stock',0,NULL,2,1,0,0,0.00,0,436,NULL,NULL,NULL,10,19,20,622,NULL,0,'2025-12-25 18:49:44','2025-12-25 18:49:51',0,'Botble\\ACL\\Models\\User',NULL,'physical',NULL,NULL,0,0,'auto_generate',0,0,0,NULL),(117,'Nikon HD camera',NULL,NULL,NULL,'published','[\"products\\/product-92.jpg\"]',NULL,'NC-131-A0',0,11,0,1,'in_stock',0,NULL,1,1,0,0,0.00,0,226,192.1,NULL,NULL,13,14,15,673,NULL,0,'2025-12-25 18:49:44','2025-12-25 18:49:51',0,'Botble\\ACL\\Models\\User',NULL,'physical',NULL,NULL,0,0,'auto_generate',0,0,0,NULL),(118,'Nikon HD camera',NULL,NULL,NULL,'published','[\"products\\/product-1.jpg\"]',NULL,'NC-131-A0-A1',0,11,0,1,'in_stock',0,NULL,1,1,0,0,0.00,0,226,192.1,NULL,NULL,13,14,15,673,NULL,0,'2025-12-25 18:49:44','2025-12-25 18:49:51',0,'Botble\\ACL\\Models\\User',NULL,'physical',NULL,NULL,0,0,'auto_generate',0,0,0,NULL),(119,'Nikon HD camera',NULL,NULL,NULL,'published','[\"products\\/product-33.jpg\"]',NULL,'NC-131-A0-A2',0,11,0,1,'in_stock',0,NULL,1,1,0,0,0.00,0,226,203.4,NULL,NULL,13,14,15,673,NULL,0,'2025-12-25 18:49:44','2025-12-25 18:49:51',0,'Botble\\ACL\\Models\\User',NULL,'physical',NULL,NULL,0,0,'auto_generate',0,0,0,NULL),(120,'Audio Equipment',NULL,NULL,NULL,'published','[\"products\\/product-78.jpg\"]',NULL,'NC-162-A0',0,16,0,1,'in_stock',0,NULL,1,1,0,0,0.00,0,431,NULL,NULL,NULL,20,17,18,874,NULL,0,'2025-12-25 18:49:44','2025-12-25 18:49:51',0,'Botble\\ACL\\Models\\User',NULL,'digital',NULL,NULL,0,0,'auto_generate',0,0,0,NULL),(121,'Audio Equipment',NULL,NULL,NULL,'published','[\"products\\/product-88.jpg\"]',NULL,'NC-162-A0-A1',0,16,0,1,'in_stock',0,NULL,1,1,0,0,0.00,0,431,NULL,NULL,NULL,20,17,18,874,NULL,0,'2025-12-25 18:49:45','2025-12-25 18:49:51',0,'Botble\\ACL\\Models\\User',NULL,'digital',NULL,NULL,0,0,'auto_generate',0,0,0,NULL),(122,'Audio Equipment',NULL,NULL,NULL,'published','[\"products\\/product-72.jpg\"]',NULL,'NC-162-A0-A2',0,16,0,1,'in_stock',0,NULL,1,1,0,0,0.00,0,431,NULL,NULL,NULL,20,17,18,874,NULL,0,'2025-12-25 18:49:45','2025-12-25 18:49:51',0,'Botble\\ACL\\Models\\User',NULL,'digital',NULL,NULL,0,0,'auto_generate',0,0,0,NULL),(123,'Audio Equipment',NULL,NULL,NULL,'published','[\"products\\/product-28.jpg\"]',NULL,'NC-162-A0-A3',0,16,0,1,'in_stock',0,NULL,1,1,0,0,0.00,0,431,NULL,NULL,NULL,20,17,18,874,NULL,0,'2025-12-25 18:49:45','2025-12-25 18:49:51',0,'Botble\\ACL\\Models\\User',NULL,'digital',NULL,NULL,0,0,'auto_generate',0,0,0,NULL),(124,'Smart Televisions',NULL,NULL,NULL,'published','[\"products\\/product-67.jpg\"]',NULL,'NC-112-A0',0,14,0,1,'in_stock',0,NULL,4,1,0,0,0.00,0,335,NULL,NULL,NULL,16,14,18,614,NULL,0,'2025-12-25 18:49:45','2025-12-25 18:49:51',0,'Botble\\ACL\\Models\\User',NULL,'physical',NULL,NULL,0,0,'auto_generate',0,0,0,NULL),(125,'Smart Televisions',NULL,NULL,NULL,'published','[\"products\\/product-82.jpg\"]',NULL,'NC-112-A0-A1',0,14,0,1,'in_stock',0,NULL,4,1,0,0,0.00,0,335,NULL,NULL,NULL,16,14,18,614,NULL,0,'2025-12-25 18:49:45','2025-12-25 18:49:51',0,'Botble\\ACL\\Models\\User',NULL,'physical',NULL,NULL,0,0,'auto_generate',0,0,0,NULL),(126,'Samsung Smart Phone',NULL,NULL,NULL,'published','[\"products\\/product-40.jpg\"]',NULL,'NC-124-A0',0,19,0,1,'in_stock',0,NULL,5,1,0,0,0.00,0,350,NULL,NULL,NULL,11,13,11,747,NULL,0,'2025-12-25 18:49:45','2025-12-25 18:49:51',0,'Botble\\ACL\\Models\\User',NULL,'physical',NULL,NULL,0,0,'auto_generate',0,0,0,NULL),(127,'Samsung Smart Phone',NULL,NULL,NULL,'published','[\"products\\/product-3.jpg\"]',NULL,'NC-124-A0-A1',0,19,0,1,'in_stock',0,NULL,5,1,0,0,0.00,0,350,NULL,NULL,NULL,11,13,11,747,NULL,0,'2025-12-25 18:49:45','2025-12-25 18:49:51',0,'Botble\\ACL\\Models\\User',NULL,'physical',NULL,NULL,0,0,'auto_generate',0,0,0,NULL),(128,'Herschel Leather Duffle Bag In Brown Color',NULL,NULL,NULL,'published','[\"products\\/product-30.jpg\"]',NULL,'NC-178-A0',0,19,0,1,'in_stock',0,NULL,7,1,0,0,0.00,0,227,172.52,NULL,NULL,12,12,14,567,NULL,0,'2025-12-25 18:49:45','2025-12-25 18:49:51',0,'Botble\\ACL\\Models\\User',NULL,'physical',NULL,NULL,0,0,'auto_generate',0,0,0,NULL),(129,'Herschel Leather Duffle Bag In Brown Color',NULL,NULL,NULL,'published','[\"products\\/product-6.jpg\"]',NULL,'NC-178-A0-A1',0,19,0,1,'in_stock',0,NULL,7,1,0,0,0.00,0,227,192.95,NULL,NULL,12,12,14,567,NULL,0,'2025-12-25 18:49:45','2025-12-25 18:49:51',0,'Botble\\ACL\\Models\\User',NULL,'physical',NULL,NULL,0,0,'auto_generate',0,0,0,NULL),(130,'Herschel Leather Duffle Bag In Brown Color',NULL,NULL,NULL,'published','[\"products\\/product-37.jpg\"]',NULL,'NC-178-A0-A2',0,19,0,1,'in_stock',0,NULL,7,1,0,0,0.00,0,227,179.33,NULL,NULL,12,12,14,567,NULL,0,'2025-12-25 18:49:45','2025-12-25 18:49:51',0,'Botble\\ACL\\Models\\User',NULL,'physical',NULL,NULL,0,0,'auto_generate',0,0,0,NULL),(131,'Xbox One Wireless Controller Black Color',NULL,NULL,NULL,'published','[\"products\\/product-24.jpg\"]',NULL,'NC-185-A0',0,17,0,1,'in_stock',0,NULL,3,1,0,0,0.00,0,278,NULL,NULL,NULL,12,10,20,869,NULL,0,'2025-12-25 18:49:45','2025-12-25 18:49:51',0,'Botble\\ACL\\Models\\User',NULL,'digital',NULL,NULL,0,0,'auto_generate',0,0,0,NULL),(132,'Xbox One Wireless Controller Black Color',NULL,NULL,NULL,'published','[\"products\\/product-92.jpg\"]',NULL,'NC-185-A0-A1',0,17,0,1,'in_stock',0,NULL,3,1,0,0,0.00,0,278,NULL,NULL,NULL,12,10,20,869,NULL,0,'2025-12-25 18:49:45','2025-12-25 18:49:51',0,'Botble\\ACL\\Models\\User',NULL,'digital',NULL,NULL,0,0,'auto_generate',0,0,0,NULL),(133,'EPSION Plaster Printer',NULL,NULL,NULL,'published','[\"products\\/product-32.jpg\"]',NULL,'NC-190-A0',0,20,0,1,'in_stock',0,NULL,5,1,0,0,0.00,0,274,NULL,NULL,NULL,19,14,15,874,NULL,0,'2025-12-25 18:49:45','2025-12-25 18:49:51',0,'Botble\\ACL\\Models\\User',NULL,'physical',NULL,NULL,0,0,'auto_generate',0,0,0,NULL),(134,'EPSION Plaster Printer',NULL,NULL,NULL,'published','[\"products\\/product-52.jpg\"]',NULL,'NC-190-A0-A1',0,20,0,1,'in_stock',0,NULL,5,1,0,0,0.00,0,274,NULL,NULL,NULL,19,14,15,874,NULL,0,'2025-12-25 18:49:45','2025-12-25 18:49:51',0,'Botble\\ACL\\Models\\User',NULL,'physical',NULL,NULL,0,0,'auto_generate',0,0,0,NULL),(135,'Sound Intone I65 Earphone White Version',NULL,NULL,NULL,'published','[\"products\\/product-51.jpg\"]',NULL,'NC-171-A0',0,20,0,1,'in_stock',0,NULL,2,1,0,0,0.00,0,241,NULL,NULL,NULL,16,15,17,539,NULL,0,'2025-12-25 18:49:45','2025-12-25 18:49:51',0,'Botble\\ACL\\Models\\User',NULL,'physical',NULL,NULL,0,0,'auto_generate',0,0,0,NULL),(136,'Sound Intone I65 Earphone White Version',NULL,NULL,NULL,'published','[\"products\\/product-76.jpg\"]',NULL,'NC-171-A0-A1',0,20,0,1,'in_stock',0,NULL,2,1,0,0,0.00,0,241,NULL,NULL,NULL,16,15,17,539,NULL,0,'2025-12-25 18:49:45','2025-12-25 18:49:51',0,'Botble\\ACL\\Models\\User',NULL,'physical',NULL,NULL,0,0,'auto_generate',0,0,0,NULL),(137,'Sound Intone I65 Earphone White Version',NULL,NULL,NULL,'published','[\"products\\/product-82.jpg\"]',NULL,'NC-171-A0-A2',0,20,0,1,'in_stock',0,NULL,2,1,0,0,0.00,0,241,NULL,NULL,NULL,16,15,17,539,NULL,0,'2025-12-25 18:49:45','2025-12-25 18:49:51',0,'Botble\\ACL\\Models\\User',NULL,'physical',NULL,NULL,0,0,'auto_generate',0,0,0,NULL),(138,'Sound Intone I65 Earphone White Version',NULL,NULL,NULL,'published','[\"products\\/product-17.jpg\"]',NULL,'NC-171-A0-A3',0,20,0,1,'in_stock',0,NULL,2,1,0,0,0.00,0,241,NULL,NULL,NULL,16,15,17,539,NULL,0,'2025-12-25 18:49:45','2025-12-25 18:49:51',0,'Botble\\ACL\\Models\\User',NULL,'physical',NULL,NULL,0,0,'auto_generate',0,0,0,NULL),(139,'B&O Play Mini Bluetooth Speaker',NULL,NULL,NULL,'published','[\"products\\/product-54.jpg\"]',NULL,'NC-103-A0',0,14,0,1,'in_stock',0,NULL,1,1,0,0,0.00,0,458,325.18,NULL,NULL,11,17,10,691,NULL,0,'2025-12-25 18:49:45','2025-12-25 18:49:51',0,'Botble\\ACL\\Models\\User',NULL,'physical',NULL,NULL,0,0,'auto_generate',0,0,0,NULL),(140,'Apple MacBook Air Retina 13.3-Inch Laptop',NULL,NULL,NULL,'published','[\"products\\/product-18.jpg\"]',NULL,'NC-117-A0',0,10,0,1,'in_stock',0,NULL,3,1,0,0,0.00,0,238,NULL,NULL,NULL,20,18,10,888,NULL,0,'2025-12-25 18:49:45','2025-12-25 18:49:51',0,'Botble\\ACL\\Models\\User',NULL,'digital',NULL,NULL,0,0,'auto_generate',0,0,0,NULL),(141,'Apple MacBook Air Retina 13.3-Inch Laptop',NULL,NULL,NULL,'published','[\"products\\/product-7.jpg\"]',NULL,'NC-117-A0-A1',0,10,0,1,'in_stock',0,NULL,3,1,0,0,0.00,0,238,NULL,NULL,NULL,20,18,10,888,NULL,0,'2025-12-25 18:49:45','2025-12-25 18:49:51',0,'Botble\\ACL\\Models\\User',NULL,'digital',NULL,NULL,0,0,'auto_generate',0,0,0,NULL),(142,'Apple MacBook Air Retina 12-Inch Laptop',NULL,NULL,NULL,'published','[\"products\\/product-31.jpg\"]',NULL,'NC-137-A0',0,13,0,1,'in_stock',0,NULL,3,1,0,0,0.00,0,356,NULL,NULL,NULL,12,13,12,604,NULL,0,'2025-12-25 18:49:45','2025-12-25 18:49:51',0,'Botble\\ACL\\Models\\User',NULL,'physical',NULL,NULL,0,0,'auto_generate',0,0,0,NULL),(143,'Apple MacBook Air Retina 12-Inch Laptop',NULL,NULL,NULL,'published','[\"products\\/product-89.jpg\"]',NULL,'NC-137-A0-A1',0,13,0,1,'in_stock',0,NULL,3,1,0,0,0.00,0,356,NULL,NULL,NULL,12,13,12,604,NULL,0,'2025-12-25 18:49:45','2025-12-25 18:49:51',0,'Botble\\ACL\\Models\\User',NULL,'physical',NULL,NULL,0,0,'auto_generate',0,0,0,NULL),(144,'Samsung Gear VR Virtual Reality Headset',NULL,NULL,NULL,'published','[\"products\\/product-2.jpg\"]',NULL,'NC-162-A0',0,19,0,1,'in_stock',0,NULL,3,1,0,0,0.00,0,458,NULL,NULL,NULL,18,12,14,584,NULL,0,'2025-12-25 18:49:45','2025-12-25 18:49:51',0,'Botble\\ACL\\Models\\User',NULL,'physical',NULL,NULL,0,0,'auto_generate',0,0,0,NULL),(145,'Samsung Gear VR Virtual Reality Headset',NULL,NULL,NULL,'published','[\"products\\/product-85.jpg\"]',NULL,'NC-162-A0-A1',0,19,0,1,'in_stock',0,NULL,3,1,0,0,0.00,0,458,NULL,NULL,NULL,18,12,14,584,NULL,0,'2025-12-25 18:49:45','2025-12-25 18:49:51',0,'Botble\\ACL\\Models\\User',NULL,'physical',NULL,NULL,0,0,'auto_generate',0,0,0,NULL),(146,'Aveeno Moisturizing Body Shower 450ml',NULL,NULL,NULL,'published','[\"products\\/product-90.jpg\"]',NULL,'NC-111-A0',0,12,0,1,'in_stock',0,NULL,7,1,0,0,0.00,0,364,291.2,NULL,NULL,16,12,19,664,NULL,0,'2025-12-25 18:49:45','2025-12-25 18:49:51',0,'Botble\\ACL\\Models\\User',NULL,'physical',NULL,NULL,0,0,'auto_generate',0,0,0,NULL),(147,'NYX Beauty Couton Pallete Makeup 12',NULL,NULL,NULL,'published','[\"products\\/product-27.jpg\"]',NULL,'NC-127-A0',0,20,0,1,'in_stock',0,NULL,7,1,0,0,0.00,0,428,NULL,NULL,NULL,15,11,18,539,NULL,0,'2025-12-25 18:49:45','2025-12-25 18:49:51',0,'Botble\\ACL\\Models\\User',NULL,'digital',NULL,NULL,0,0,'auto_generate',0,0,0,NULL),(148,'NYX Beauty Couton Pallete Makeup 12',NULL,NULL,NULL,'published','[\"products\\/product-40.jpg\"]',NULL,'NC-110-A0',0,20,0,1,'in_stock',0,NULL,1,1,0,0,0.00,0,439,NULL,NULL,NULL,15,14,15,871,NULL,0,'2025-12-25 18:49:46','2025-12-25 18:49:51',0,'Botble\\ACL\\Models\\User',NULL,'physical',NULL,NULL,0,0,'auto_generate',0,0,0,NULL),(149,'MVMTH Classical Leather Watch In Black',NULL,NULL,NULL,'published','[\"products\\/product-79.jpg\"]',NULL,'NC-137-A0',0,10,0,1,'in_stock',0,NULL,6,1,0,0,0.00,0,467,NULL,NULL,NULL,16,17,15,803,NULL,0,'2025-12-25 18:49:46','2025-12-25 18:49:51',0,'Botble\\ACL\\Models\\User',NULL,'physical',NULL,NULL,0,0,'auto_generate',0,0,0,NULL),(150,'MVMTH Classical Leather Watch In Black',NULL,NULL,NULL,'published','[\"products\\/product-92.jpg\"]',NULL,'NC-137-A0-A1',0,10,0,1,'in_stock',0,NULL,6,1,0,0,0.00,0,467,NULL,NULL,NULL,16,17,15,803,NULL,0,'2025-12-25 18:49:46','2025-12-25 18:49:51',0,'Botble\\ACL\\Models\\User',NULL,'physical',NULL,NULL,0,0,'auto_generate',0,0,0,NULL),(151,'MVMTH Classical Leather Watch In Black',NULL,NULL,NULL,'published','[\"products\\/product-24.jpg\"]',NULL,'NC-137-A0-A2',0,10,0,1,'in_stock',0,NULL,6,1,0,0,0.00,0,467,NULL,NULL,NULL,16,17,15,803,NULL,0,'2025-12-25 18:49:46','2025-12-25 18:49:51',0,'Botble\\ACL\\Models\\User',NULL,'physical',NULL,NULL,0,0,'auto_generate',0,0,0,NULL),(152,'MVMTH Classical Leather Watch In Black',NULL,NULL,NULL,'published','[\"products\\/product-60.jpg\"]',NULL,'NC-137-A0-A3',0,10,0,1,'in_stock',0,NULL,6,1,0,0,0.00,0,467,NULL,NULL,NULL,16,17,15,803,NULL,0,'2025-12-25 18:49:46','2025-12-25 18:49:51',0,'Botble\\ACL\\Models\\User',NULL,'physical',NULL,NULL,0,0,'auto_generate',0,0,0,NULL),(153,'Baxter Care Hair Kit For Bearded Mens',NULL,NULL,NULL,'published','[\"products\\/product-27.jpg\"]',NULL,'NC-170-A0',0,19,0,1,'in_stock',0,NULL,5,1,0,0,0.00,0,447,384.42,NULL,NULL,18,11,16,863,NULL,0,'2025-12-25 18:49:46','2025-12-25 18:49:51',0,'Botble\\ACL\\Models\\User',NULL,'physical',NULL,NULL,0,0,'auto_generate',0,0,0,NULL),(154,'Ciate Palemore Lipstick Bold Red Color',NULL,NULL,NULL,'published','[\"products\\/product-67.jpg\"]',NULL,'NC-150-A0',0,10,0,1,'in_stock',0,NULL,6,1,0,0,0.00,0,253,NULL,NULL,NULL,12,16,18,523,NULL,0,'2025-12-25 18:49:46','2025-12-25 18:49:51',0,'Botble\\ACL\\Models\\User',NULL,'digital',NULL,NULL,0,0,'auto_generate',0,0,0,NULL),(155,'Ciate Palemore Lipstick Bold Red Color',NULL,NULL,NULL,'published','[\"products\\/product-33.jpg\"]',NULL,'NC-150-A0-A1',0,10,0,1,'in_stock',0,NULL,6,1,0,0,0.00,0,253,NULL,NULL,NULL,12,16,18,523,NULL,0,'2025-12-25 18:49:46','2025-12-25 18:49:51',0,'Botble\\ACL\\Models\\User',NULL,'digital',NULL,NULL,0,0,'auto_generate',0,0,0,NULL),(156,'Vimto Squash Remix Apple 1.5 Litres',NULL,NULL,NULL,'published','[\"products\\/product-70.jpg\"]',NULL,'NC-150-A0',0,18,0,1,'in_stock',0,NULL,2,1,0,0,0.00,0,376,NULL,NULL,NULL,16,18,13,703,NULL,0,'2025-12-25 18:49:46','2025-12-25 18:49:51',0,'Botble\\ACL\\Models\\User',NULL,'physical',NULL,NULL,0,0,'auto_generate',0,0,0,NULL),(157,'Vimto Squash Remix Apple 1.5 Litres',NULL,NULL,NULL,'published','[\"products\\/product-84.jpg\"]',NULL,'NC-150-A0-A1',0,18,0,1,'in_stock',0,NULL,2,1,0,0,0.00,0,376,NULL,NULL,NULL,16,18,13,703,NULL,0,'2025-12-25 18:49:46','2025-12-25 18:49:51',0,'Botble\\ACL\\Models\\User',NULL,'physical',NULL,NULL,0,0,'auto_generate',0,0,0,NULL),(158,'Vimto Squash Remix Apple 1.5 Litres',NULL,NULL,NULL,'published','[\"products\\/product-16.jpg\"]',NULL,'NC-150-A0-A2',0,18,0,1,'in_stock',0,NULL,2,1,0,0,0.00,0,376,NULL,NULL,NULL,16,18,13,703,NULL,0,'2025-12-25 18:49:46','2025-12-25 18:49:51',0,'Botble\\ACL\\Models\\User',NULL,'physical',NULL,NULL,0,0,'auto_generate',0,0,0,NULL),(159,'Crock Pot Slow Cooker',NULL,NULL,NULL,'published','[\"products\\/product-31.jpg\"]',NULL,'NC-106-A0',0,19,0,1,'in_stock',0,NULL,4,1,0,0,0.00,0,203,NULL,NULL,NULL,10,19,11,862,NULL,0,'2025-12-25 18:49:46','2025-12-25 18:49:51',0,'Botble\\ACL\\Models\\User',NULL,'physical',NULL,NULL,0,0,'auto_generate',0,0,0,NULL),(160,'Crock Pot Slow Cooker',NULL,NULL,NULL,'published','[\"products\\/product-55.jpg\"]',NULL,'NC-106-A0-A1',0,19,0,1,'in_stock',0,NULL,4,1,0,0,0.00,0,203,NULL,NULL,NULL,10,19,11,862,NULL,0,'2025-12-25 18:49:46','2025-12-25 18:49:51',0,'Botble\\ACL\\Models\\User',NULL,'physical',NULL,NULL,0,0,'auto_generate',0,0,0,NULL),(161,'Crock Pot Slow Cooker',NULL,NULL,NULL,'published','[\"products\\/product-19.jpg\"]',NULL,'NC-106-A0-A2',0,19,0,1,'in_stock',0,NULL,4,1,0,0,0.00,0,203,NULL,NULL,NULL,10,19,11,862,NULL,0,'2025-12-25 18:49:46','2025-12-25 18:49:51',0,'Botble\\ACL\\Models\\User',NULL,'physical',NULL,NULL,0,0,'auto_generate',0,0,0,NULL),(162,'Taylors of Harrogate Yorkshire Coffee',NULL,NULL,NULL,'published','[\"products\\/product-47.jpg\"]',NULL,'NC-145-A0',0,10,0,1,'in_stock',0,NULL,6,1,0,0,0.00,0,473,397.32,NULL,NULL,16,19,20,647,NULL,0,'2025-12-25 18:49:46','2025-12-25 18:49:51',0,'Botble\\ACL\\Models\\User',NULL,'physical',NULL,NULL,0,0,'auto_generate',0,0,0,NULL),(163,'Taylors of Harrogate Yorkshire Coffee',NULL,NULL,NULL,'published','[\"products\\/product-38.jpg\"]',NULL,'NC-145-A0-A1',0,10,0,1,'in_stock',0,NULL,6,1,0,0,0.00,0,473,392.59,NULL,NULL,16,19,20,647,NULL,0,'2025-12-25 18:49:46','2025-12-25 18:49:51',0,'Botble\\ACL\\Models\\User',NULL,'physical',NULL,NULL,0,0,'auto_generate',0,0,0,NULL),(164,'Taylors of Harrogate Yorkshire Coffee',NULL,NULL,NULL,'published','[\"products\\/product-73.jpg\"]',NULL,'NC-145-A0-A2',0,10,0,1,'in_stock',0,NULL,6,1,0,0,0.00,0,473,397.32,NULL,NULL,16,19,20,647,NULL,0,'2025-12-25 18:49:46','2025-12-25 18:49:51',0,'Botble\\ACL\\Models\\User',NULL,'physical',NULL,NULL,0,0,'auto_generate',0,0,0,NULL),(165,'Soft Mochi & Galeto Ice Cream',NULL,NULL,NULL,'published','[\"products\\/product-25.jpg\"]',NULL,'NC-102-A0',0,18,0,1,'in_stock',0,NULL,5,1,0,0,0.00,0,231,NULL,NULL,NULL,20,20,19,529,NULL,0,'2025-12-25 18:49:46','2025-12-25 18:49:51',0,'Botble\\ACL\\Models\\User',NULL,'digital',NULL,NULL,0,0,'auto_generate',0,0,0,NULL),(166,'Soft Mochi & Galeto Ice Cream',NULL,NULL,NULL,'published','[\"products\\/product-32.jpg\"]',NULL,'NC-102-A0-A1',0,18,0,1,'in_stock',0,NULL,5,1,0,0,0.00,0,231,NULL,NULL,NULL,20,20,19,529,NULL,0,'2025-12-25 18:49:46','2025-12-25 18:49:51',0,'Botble\\ACL\\Models\\User',NULL,'digital',NULL,NULL,0,0,'auto_generate',0,0,0,NULL),(167,'Naked Noodle Egg Noodles Singapore',NULL,NULL,NULL,'published','[\"products\\/product-20.jpg\"]',NULL,'NC-200-A0',0,16,0,1,'in_stock',0,NULL,2,1,0,0,0.00,0,255,NULL,NULL,NULL,13,17,13,732,NULL,0,'2025-12-25 18:49:46','2025-12-25 18:49:51',0,'Botble\\ACL\\Models\\User',NULL,'physical',NULL,NULL,0,0,'auto_generate',0,0,0,NULL),(168,'Saute Pan Silver',NULL,NULL,NULL,'published','[\"products\\/product-13.jpg\"]',NULL,'NC-132-A0',0,17,0,1,'in_stock',0,NULL,5,1,0,0,0.00,0,261,NULL,NULL,NULL,12,15,15,822,NULL,0,'2025-12-25 18:49:46','2025-12-25 18:49:51',0,'Botble\\ACL\\Models\\User',NULL,'physical',NULL,NULL,0,0,'auto_generate',0,0,0,NULL),(169,'Saute Pan Silver',NULL,NULL,NULL,'published','[\"products\\/product-65.jpg\"]',NULL,'NC-132-A0-A1',0,17,0,1,'in_stock',0,NULL,5,1,0,0,0.00,0,261,NULL,NULL,NULL,12,15,15,822,NULL,0,'2025-12-25 18:49:46','2025-12-25 18:49:51',0,'Botble\\ACL\\Models\\User',NULL,'physical',NULL,NULL,0,0,'auto_generate',0,0,0,NULL),(170,'Saute Pan Silver',NULL,NULL,NULL,'published','[\"products\\/product-38.jpg\"]',NULL,'NC-132-A0-A2',0,17,0,1,'in_stock',0,NULL,5,1,0,0,0.00,0,261,NULL,NULL,NULL,12,15,15,822,NULL,0,'2025-12-25 18:49:46','2025-12-25 18:49:51',0,'Botble\\ACL\\Models\\User',NULL,'physical',NULL,NULL,0,0,'auto_generate',0,0,0,NULL),(171,'Saute Pan Silver',NULL,NULL,NULL,'published','[\"products\\/product-67.jpg\"]',NULL,'NC-132-A0-A3',0,17,0,1,'in_stock',0,NULL,5,1,0,0,0.00,0,261,NULL,NULL,NULL,12,15,15,822,NULL,0,'2025-12-25 18:49:47','2025-12-25 18:49:51',0,'Botble\\ACL\\Models\\User',NULL,'physical',NULL,NULL,0,0,'auto_generate',0,0,0,NULL),(172,'Bar S – Classic Bun Length Franks',NULL,NULL,NULL,'published','[\"products\\/product-37.jpg\"]',NULL,'NC-198-A0',0,19,0,1,'in_stock',0,NULL,6,1,0,0,0.00,0,348,261,NULL,NULL,12,16,18,900,NULL,0,'2025-12-25 18:49:47','2025-12-25 18:49:52',0,'Botble\\ACL\\Models\\User',NULL,'physical',NULL,NULL,0,0,'auto_generate',0,0,0,NULL),(173,'Bar S – Classic Bun Length Franks',NULL,NULL,NULL,'published','[\"products\\/product-86.jpg\"]',NULL,'NC-198-A0-A1',0,19,0,1,'in_stock',0,NULL,6,1,0,0,0.00,0,348,271.44,NULL,NULL,12,16,18,900,NULL,0,'2025-12-25 18:49:47','2025-12-25 18:49:52',0,'Botble\\ACL\\Models\\User',NULL,'physical',NULL,NULL,0,0,'auto_generate',0,0,0,NULL),(174,'Bar S – Classic Bun Length Franks',NULL,NULL,NULL,'published','[\"products\\/product-58.jpg\"]',NULL,'NC-198-A0-A2',0,19,0,1,'in_stock',0,NULL,6,1,0,0,0.00,0,348,306.24,NULL,NULL,12,16,18,900,NULL,0,'2025-12-25 18:49:47','2025-12-25 18:49:52',0,'Botble\\ACL\\Models\\User',NULL,'physical',NULL,NULL,0,0,'auto_generate',0,0,0,NULL),(175,'Broccoli Crowns',NULL,NULL,NULL,'published','[\"products\\/product-65.jpg\"]',NULL,'NC-143-A0',0,14,0,1,'in_stock',0,NULL,1,1,0,0,0.00,0,273,NULL,NULL,NULL,19,15,15,728,NULL,0,'2025-12-25 18:49:47','2025-12-25 18:49:52',0,'Botble\\ACL\\Models\\User',NULL,'digital',NULL,NULL,0,0,'auto_generate',0,0,0,NULL),(176,'Broccoli Crowns',NULL,NULL,NULL,'published','[\"products\\/product-43.jpg\"]',NULL,'NC-143-A0-A1',0,14,0,1,'in_stock',0,NULL,1,1,0,0,0.00,0,273,NULL,NULL,NULL,19,15,15,728,NULL,0,'2025-12-25 18:49:47','2025-12-25 18:49:52',0,'Botble\\ACL\\Models\\User',NULL,'digital',NULL,NULL,0,0,'auto_generate',0,0,0,NULL),(177,'Broccoli Crowns',NULL,NULL,NULL,'published','[\"products\\/product-8.jpg\"]',NULL,'NC-143-A0-A2',0,14,0,1,'in_stock',0,NULL,1,1,0,0,0.00,0,273,NULL,NULL,NULL,19,15,15,728,NULL,0,'2025-12-25 18:49:47','2025-12-25 18:49:52',0,'Botble\\ACL\\Models\\User',NULL,'digital',NULL,NULL,0,0,'auto_generate',0,0,0,NULL),(178,'Slimming World Vegan Mac Greens',NULL,NULL,NULL,'published','[\"products\\/product-4.jpg\"]',NULL,'NC-114-A0',0,13,0,1,'in_stock',0,NULL,3,1,0,0,0.00,0,268,NULL,NULL,NULL,11,10,13,685,NULL,0,'2025-12-25 18:49:47','2025-12-25 18:49:52',0,'Botble\\ACL\\Models\\User',NULL,'physical',NULL,NULL,0,0,'auto_generate',0,0,0,NULL),(179,'Häagen-Dazs Salted Caramel',NULL,NULL,NULL,'published','[\"products\\/product-86.jpg\"]',NULL,'NC-101-A0',0,14,0,1,'in_stock',0,NULL,5,1,0,0,0.00,0,231,NULL,NULL,NULL,13,13,15,598,NULL,0,'2025-12-25 18:49:47','2025-12-25 18:49:52',0,'Botble\\ACL\\Models\\User',NULL,'physical',NULL,NULL,0,0,'auto_generate',0,0,0,NULL),(180,'Häagen-Dazs Salted Caramel',NULL,NULL,NULL,'published','[\"products\\/product-63.jpg\"]',NULL,'NC-101-A0-A1',0,14,0,1,'in_stock',0,NULL,5,1,0,0,0.00,0,231,NULL,NULL,NULL,13,13,15,598,NULL,0,'2025-12-25 18:49:47','2025-12-25 18:49:52',0,'Botble\\ACL\\Models\\User',NULL,'physical',NULL,NULL,0,0,'auto_generate',0,0,0,NULL),(181,'Häagen-Dazs Salted Caramel',NULL,NULL,NULL,'published','[\"products\\/product-41.jpg\"]',NULL,'NC-101-A0-A2',0,14,0,1,'in_stock',0,NULL,5,1,0,0,0.00,0,231,NULL,NULL,NULL,13,13,15,598,NULL,0,'2025-12-25 18:49:47','2025-12-25 18:49:52',0,'Botble\\ACL\\Models\\User',NULL,'physical',NULL,NULL,0,0,'auto_generate',0,0,0,NULL),(182,'Iceland 3 Solo Exotic Burst',NULL,NULL,NULL,'published','[\"products\\/product-91.jpg\"]',NULL,'NC-149-A0',0,16,0,1,'in_stock',0,NULL,6,1,0,0,0.00,0,473,368.94,NULL,NULL,20,15,13,850,NULL,0,'2025-12-25 18:49:47','2025-12-25 18:49:52',0,'Botble\\ACL\\Models\\User',NULL,'physical',NULL,NULL,0,0,'auto_generate',0,0,0,NULL),(183,'Iceland 3 Solo Exotic Burst',NULL,NULL,NULL,'published','[\"products\\/product-10.jpg\"]',NULL,'NC-149-A0-A1',0,16,0,1,'in_stock',0,NULL,6,1,0,0,0.00,0,473,406.78,NULL,NULL,20,15,13,850,NULL,0,'2025-12-25 18:49:47','2025-12-25 18:49:52',0,'Botble\\ACL\\Models\\User',NULL,'physical',NULL,NULL,0,0,'auto_generate',0,0,0,NULL),(184,'Iceland 3 Solo Exotic Burst',NULL,NULL,NULL,'published','[\"products\\/product-52.jpg\"]',NULL,'NC-149-A0-A2',0,16,0,1,'in_stock',0,NULL,6,1,0,0,0.00,0,473,406.78,NULL,NULL,20,15,13,850,NULL,0,'2025-12-25 18:49:47','2025-12-25 18:49:52',0,'Botble\\ACL\\Models\\User',NULL,'physical',NULL,NULL,0,0,'auto_generate',0,0,0,NULL),(185,'Iceland 3 Solo Exotic Burst',NULL,NULL,NULL,'published','[\"products\\/product-23.jpg\"]',NULL,'NC-149-A0-A3',0,16,0,1,'in_stock',0,NULL,6,1,0,0,0.00,0,473,425.7,NULL,NULL,20,15,13,850,NULL,0,'2025-12-25 18:49:47','2025-12-25 18:49:52',0,'Botble\\ACL\\Models\\User',NULL,'physical',NULL,NULL,0,0,'auto_generate',0,0,0,NULL),(186,'Extreme Budweiser Light Can',NULL,NULL,NULL,'published','[\"products\\/product-37.jpg\"]',NULL,'NC-103-A0',0,13,0,1,'in_stock',0,NULL,7,1,0,0,0.00,0,264,NULL,NULL,NULL,11,15,20,595,NULL,0,'2025-12-25 18:49:47','2025-12-25 18:49:52',0,'Botble\\ACL\\Models\\User',NULL,'digital',NULL,NULL,0,0,'auto_generate',0,0,0,NULL),(187,'Extreme Budweiser Light Can',NULL,NULL,NULL,'published','[\"products\\/product-92.jpg\"]',NULL,'NC-103-A0-A1',0,13,0,1,'in_stock',0,NULL,7,1,0,0,0.00,0,264,NULL,NULL,NULL,11,15,20,595,NULL,0,'2025-12-25 18:49:47','2025-12-25 18:49:52',0,'Botble\\ACL\\Models\\User',NULL,'digital',NULL,NULL,0,0,'auto_generate',0,0,0,NULL),(188,'Extreme Budweiser Light Can',NULL,NULL,NULL,'published','[\"products\\/product-53.jpg\"]',NULL,'NC-103-A0-A2',0,13,0,1,'in_stock',0,NULL,7,1,0,0,0.00,0,264,NULL,NULL,NULL,11,15,20,595,NULL,0,'2025-12-25 18:49:47','2025-12-25 18:49:52',0,'Botble\\ACL\\Models\\User',NULL,'digital',NULL,NULL,0,0,'auto_generate',0,0,0,NULL),(189,'Iceland Macaroni Cheese Traybake',NULL,NULL,NULL,'published','[\"products\\/product-23.jpg\"]',NULL,'NC-130-A0',0,13,0,1,'in_stock',0,NULL,3,1,0,0,0.00,0,487,NULL,NULL,NULL,20,16,17,568,NULL,0,'2025-12-25 18:49:47','2025-12-25 18:49:52',0,'Botble\\ACL\\Models\\User',NULL,'physical',NULL,NULL,0,0,'auto_generate',0,0,0,NULL),(190,'Iceland Macaroni Cheese Traybake',NULL,NULL,NULL,'published','[\"products\\/product-9.jpg\"]',NULL,'NC-130-A0-A1',0,13,0,1,'in_stock',0,NULL,3,1,0,0,0.00,0,487,NULL,NULL,NULL,20,16,17,568,NULL,0,'2025-12-25 18:49:47','2025-12-25 18:49:52',0,'Botble\\ACL\\Models\\User',NULL,'physical',NULL,NULL,0,0,'auto_generate',0,0,0,NULL),(191,'Dolmio Bolognese Pasta Sauce',NULL,NULL,NULL,'published','[\"products\\/product-64.jpg\"]',NULL,'NC-112-A0',0,15,0,1,'in_stock',0,NULL,4,1,0,0,0.00,0,279,NULL,NULL,NULL,11,14,10,884,NULL,0,'2025-12-25 18:49:47','2025-12-25 18:49:52',0,'Botble\\ACL\\Models\\User',NULL,'physical',NULL,NULL,0,0,'auto_generate',0,0,0,NULL),(192,'Sitema BakeIT Plastic Box',NULL,NULL,NULL,'published','[\"products\\/product-49.jpg\"]',NULL,'NC-169-A0',0,10,0,1,'in_stock',0,NULL,5,1,0,0,0.00,0,500,400,NULL,NULL,20,20,18,831,NULL,0,'2025-12-25 18:49:47','2025-12-25 18:49:52',0,'Botble\\ACL\\Models\\User',NULL,'physical',NULL,NULL,0,0,'auto_generate',0,0,0,NULL),(193,'Sitema BakeIT Plastic Box',NULL,NULL,NULL,'published','[\"products\\/product-60.jpg\"]',NULL,'NC-169-A0-A1',0,10,0,1,'in_stock',0,NULL,5,1,0,0,0.00,0,500,375,NULL,NULL,20,20,18,831,NULL,0,'2025-12-25 18:49:47','2025-12-25 18:49:52',0,'Botble\\ACL\\Models\\User',NULL,'physical',NULL,NULL,0,0,'auto_generate',0,0,0,NULL),(194,'Wayfair Basics Dinner Plate Storage',NULL,NULL,NULL,'published','[\"products\\/product-51.jpg\"]',NULL,'NC-181-A0',0,10,0,1,'in_stock',0,NULL,6,1,0,0,0.00,0,484,NULL,NULL,NULL,18,13,19,611,NULL,0,'2025-12-25 18:49:47','2025-12-25 18:49:52',0,'Botble\\ACL\\Models\\User',NULL,'digital',NULL,NULL,0,0,'auto_generate',0,0,0,NULL),(195,'Wayfair Basics Dinner Plate Storage',NULL,NULL,NULL,'published','[\"products\\/product-89.jpg\"]',NULL,'NC-181-A0-A1',0,10,0,1,'in_stock',0,NULL,6,1,0,0,0.00,0,484,NULL,NULL,NULL,18,13,19,611,NULL,0,'2025-12-25 18:49:47','2025-12-25 18:49:52',0,'Botble\\ACL\\Models\\User',NULL,'digital',NULL,NULL,0,0,'auto_generate',0,0,0,NULL),(196,'Wayfair Basics Dinner Plate Storage',NULL,NULL,NULL,'published','[\"products\\/product-29.jpg\"]',NULL,'NC-181-A0-A2',0,10,0,1,'in_stock',0,NULL,6,1,0,0,0.00,0,484,NULL,NULL,NULL,18,13,19,611,NULL,0,'2025-12-25 18:49:48','2025-12-25 18:49:52',0,'Botble\\ACL\\Models\\User',NULL,'digital',NULL,NULL,0,0,'auto_generate',0,0,0,NULL),(197,'Miko The Panda Water Bottle',NULL,NULL,NULL,'published','[\"products\\/product-6.jpg\"]',NULL,'NC-185-A0',0,16,0,1,'in_stock',0,NULL,6,1,0,0,0.00,0,277,NULL,NULL,NULL,11,18,11,640,NULL,0,'2025-12-25 18:49:48','2025-12-25 18:49:52',0,'Botble\\ACL\\Models\\User',NULL,'physical',NULL,NULL,0,0,'auto_generate',0,0,0,NULL),(198,'Miko The Panda Water Bottle',NULL,NULL,NULL,'published','[\"products\\/product-47.jpg\"]',NULL,'NC-185-A0-A1',0,16,0,1,'in_stock',0,NULL,6,1,0,0,0.00,0,277,NULL,NULL,NULL,11,18,11,640,NULL,0,'2025-12-25 18:49:48','2025-12-25 18:49:52',0,'Botble\\ACL\\Models\\User',NULL,'physical',NULL,NULL,0,0,'auto_generate',0,0,0,NULL),(199,'Sesame Seed Bread',NULL,NULL,NULL,'published','[\"products\\/product-47.jpg\"]',NULL,'NC-102-A0',0,20,0,1,'in_stock',0,NULL,2,1,0,0,0.00,0,281,NULL,NULL,NULL,12,14,12,836,NULL,0,'2025-12-25 18:49:48','2025-12-25 18:49:52',0,'Botble\\ACL\\Models\\User',NULL,'physical',NULL,NULL,0,0,'auto_generate',0,0,0,NULL),(200,'Sesame Seed Bread',NULL,NULL,NULL,'published','[\"products\\/product-13.jpg\"]',NULL,'NC-102-A0-A1',0,20,0,1,'in_stock',0,NULL,2,1,0,0,0.00,0,281,NULL,NULL,NULL,12,14,12,836,NULL,0,'2025-12-25 18:49:48','2025-12-25 18:49:52',0,'Botble\\ACL\\Models\\User',NULL,'physical',NULL,NULL,0,0,'auto_generate',0,0,0,NULL),(201,'Morrisons The Best Beef',NULL,NULL,NULL,'published','[\"products\\/product-93.jpg\"]',NULL,'NC-158-A0',0,20,0,1,'in_stock',0,NULL,7,1,0,0,0.00,0,335,251.25,NULL,NULL,13,14,12,759,NULL,0,'2025-12-25 18:49:48','2025-12-25 18:49:52',0,'Botble\\ACL\\Models\\User',NULL,'physical',NULL,NULL,0,0,'auto_generate',0,0,0,NULL),(202,'Morrisons The Best Beef',NULL,NULL,NULL,'published','[\"products\\/product-24.jpg\"]',NULL,'NC-158-A0-A1',0,20,0,1,'in_stock',0,NULL,7,1,0,0,0.00,0,335,261.3,NULL,NULL,13,14,12,759,NULL,0,'2025-12-25 18:49:48','2025-12-25 18:49:52',0,'Botble\\ACL\\Models\\User',NULL,'physical',NULL,NULL,0,0,'auto_generate',0,0,0,NULL),(203,'Morrisons The Best Beef',NULL,NULL,NULL,'published','[\"products\\/product-20.jpg\"]',NULL,'NC-158-A0-A2',0,20,0,1,'in_stock',0,NULL,7,1,0,0,0.00,0,335,247.9,NULL,NULL,13,14,12,759,NULL,0,'2025-12-25 18:49:48','2025-12-25 18:49:52',0,'Botble\\ACL\\Models\\User',NULL,'physical',NULL,NULL,0,0,'auto_generate',0,0,0,NULL),(204,'Avocado, Hass Large',NULL,NULL,NULL,'published','[\"products\\/product-2.jpg\"]',NULL,'NC-175-A0',0,17,0,1,'in_stock',0,NULL,2,1,0,0,0.00,0,430,NULL,NULL,NULL,20,17,19,717,NULL,0,'2025-12-25 18:49:48','2025-12-25 18:49:52',0,'Botble\\ACL\\Models\\User',NULL,'digital',NULL,NULL,0,0,'auto_generate',0,0,0,NULL),(205,'Avocado, Hass Large',NULL,NULL,NULL,'published','[\"products\\/product-46.jpg\"]',NULL,'NC-175-A0-A1',0,17,0,1,'in_stock',0,NULL,2,1,0,0,0.00,0,430,NULL,NULL,NULL,20,17,19,717,NULL,0,'2025-12-25 18:49:48','2025-12-25 18:49:52',0,'Botble\\ACL\\Models\\User',NULL,'digital',NULL,NULL,0,0,'auto_generate',0,0,0,NULL),(206,'Avocado, Hass Large',NULL,NULL,NULL,'published','[\"products\\/product-43.jpg\"]',NULL,'NC-175-A0-A2',0,17,0,1,'in_stock',0,NULL,2,1,0,0,0.00,0,430,NULL,NULL,NULL,20,17,19,717,NULL,0,'2025-12-25 18:49:48','2025-12-25 18:49:52',0,'Botble\\ACL\\Models\\User',NULL,'digital',NULL,NULL,0,0,'auto_generate',0,0,0,NULL),(207,'Italia Beef Lasagne',NULL,NULL,NULL,'published','[\"products\\/product-69.jpg\"]',NULL,'NC-144-A0',0,14,0,1,'in_stock',0,NULL,7,1,0,0,0.00,0,401,NULL,NULL,NULL,18,18,13,890,NULL,0,'2025-12-25 18:49:48','2025-12-25 18:49:52',0,'Botble\\ACL\\Models\\User',NULL,'physical',NULL,NULL,0,0,'auto_generate',0,0,0,NULL),(208,'Italia Beef Lasagne',NULL,NULL,NULL,'published','[\"products\\/product-21.jpg\"]',NULL,'NC-144-A0-A1',0,14,0,1,'in_stock',0,NULL,7,1,0,0,0.00,0,401,NULL,NULL,NULL,18,18,13,890,NULL,0,'2025-12-25 18:49:48','2025-12-25 18:49:52',0,'Botble\\ACL\\Models\\User',NULL,'physical',NULL,NULL,0,0,'auto_generate',0,0,0,NULL),(209,'Maxwell House Classic Roast Mocha',NULL,NULL,NULL,'published','[\"products\\/product-57.jpg\"]',NULL,'NC-187-A0',0,15,0,1,'in_stock',0,NULL,7,1,0,0,0.00,0,369,NULL,NULL,NULL,19,15,17,578,NULL,0,'2025-12-25 18:49:48','2025-12-25 18:49:52',0,'Botble\\ACL\\Models\\User',NULL,'physical',NULL,NULL,0,0,'auto_generate',0,0,0,NULL),(210,'Maxwell House Classic Roast Mocha',NULL,NULL,NULL,'published','[\"products\\/product-92.jpg\"]',NULL,'NC-187-A0-A1',0,15,0,1,'in_stock',0,NULL,7,1,0,0,0.00,0,369,NULL,NULL,NULL,19,15,17,578,NULL,0,'2025-12-25 18:49:48','2025-12-25 18:49:52',0,'Botble\\ACL\\Models\\User',NULL,'physical',NULL,NULL,0,0,'auto_generate',0,0,0,NULL),(211,'Maxwell House Classic Roast Mocha',NULL,NULL,NULL,'published','[\"products\\/product-17.jpg\"]',NULL,'NC-187-A0-A2',0,15,0,1,'in_stock',0,NULL,7,1,0,0,0.00,0,369,NULL,NULL,NULL,19,15,17,578,NULL,0,'2025-12-25 18:49:48','2025-12-25 18:49:52',0,'Botble\\ACL\\Models\\User',NULL,'physical',NULL,NULL,0,0,'auto_generate',0,0,0,NULL),(212,'Bottled Pure Water 500ml',NULL,NULL,NULL,'published','[\"products\\/product-28.jpg\"]',NULL,'NC-155-A0',0,15,0,1,'in_stock',0,NULL,5,1,0,0,0.00,0,277,207.75,NULL,NULL,10,13,11,761,NULL,0,'2025-12-25 18:49:48','2025-12-25 18:49:52',0,'Botble\\ACL\\Models\\User',NULL,'physical',NULL,NULL,0,0,'auto_generate',0,0,0,NULL),(213,'Bottled Pure Water 500ml',NULL,NULL,NULL,'published','[\"products\\/product-73.jpg\"]',NULL,'NC-155-A0-A1',0,15,0,1,'in_stock',0,NULL,5,1,0,0,0.00,0,277,243.76,NULL,NULL,10,13,11,761,NULL,0,'2025-12-25 18:49:48','2025-12-25 18:49:52',0,'Botble\\ACL\\Models\\User',NULL,'physical',NULL,NULL,0,0,'auto_generate',0,0,0,NULL),(214,'Famart Farmhouse Soft White',NULL,NULL,NULL,'published','[\"products\\/product-55.jpg\"]',NULL,'NC-157-A0',0,15,0,1,'in_stock',0,NULL,7,1,0,0,0.00,0,474,NULL,NULL,NULL,13,14,13,597,NULL,0,'2025-12-25 18:49:48','2025-12-25 18:49:52',0,'Botble\\ACL\\Models\\User',NULL,'digital',NULL,NULL,0,0,'auto_generate',0,0,0,NULL),(215,'Coca-Cola Original Taste',NULL,NULL,NULL,'published','[\"products\\/product-59.jpg\"]',NULL,'NC-178-A0',0,11,0,1,'in_stock',0,NULL,7,1,0,0,0.00,0,445,NULL,NULL,NULL,11,18,10,596,NULL,0,'2025-12-25 18:49:48','2025-12-25 18:49:52',0,'Botble\\ACL\\Models\\User',NULL,'physical',NULL,NULL,0,0,'auto_generate',0,0,0,NULL),(216,'Coca-Cola Original Taste',NULL,NULL,NULL,'published','[\"products\\/product-67.jpg\"]',NULL,'NC-178-A0-A1',0,11,0,1,'in_stock',0,NULL,7,1,0,0,0.00,0,445,NULL,NULL,NULL,11,18,10,596,NULL,0,'2025-12-25 18:49:48','2025-12-25 18:49:52',0,'Botble\\ACL\\Models\\User',NULL,'physical',NULL,NULL,0,0,'auto_generate',0,0,0,NULL),(217,'Coca-Cola Original Taste',NULL,NULL,NULL,'published','[\"products\\/product-73.jpg\"]',NULL,'NC-178-A0-A2',0,11,0,1,'in_stock',0,NULL,7,1,0,0,0.00,0,445,NULL,NULL,NULL,11,18,10,596,NULL,0,'2025-12-25 18:49:48','2025-12-25 18:49:52',0,'Botble\\ACL\\Models\\User',NULL,'physical',NULL,NULL,0,0,'auto_generate',0,0,0,NULL),(218,'Casillero Diablo Cabernet Sauvignon',NULL,NULL,NULL,'published','[\"products\\/product-25.jpg\"]',NULL,'NC-130-A0',0,13,0,1,'in_stock',0,NULL,7,1,0,0,0.00,0,498,NULL,NULL,NULL,18,16,20,885,NULL,0,'2025-12-25 18:49:48','2025-12-25 18:49:52',0,'Botble\\ACL\\Models\\User',NULL,'physical',NULL,NULL,0,0,'auto_generate',0,0,0,NULL),(219,'Arla Organic Free Range Milk',NULL,NULL,NULL,'published','[\"products\\/product-1.jpg\"]',NULL,'NC-107-A0',0,10,0,1,'in_stock',0,NULL,2,1,0,0,0.00,0,281,252.9,NULL,NULL,18,13,13,625,NULL,0,'2025-12-25 18:49:49','2025-12-25 18:49:52',0,'Botble\\ACL\\Models\\User',NULL,'physical',NULL,NULL,0,0,'auto_generate',0,0,0,NULL),(220,'Arla Organic Free Range Milk',NULL,NULL,NULL,'published','[\"products\\/product-29.jpg\"]',NULL,'NC-107-A0-A1',0,10,0,1,'in_stock',0,NULL,2,1,0,0,0.00,0,281,207.94,NULL,NULL,18,13,13,625,NULL,0,'2025-12-25 18:49:49','2025-12-25 18:49:52',0,'Botble\\ACL\\Models\\User',NULL,'physical',NULL,NULL,0,0,'auto_generate',0,0,0,NULL),(221,'Arla Organic Free Range Milk',NULL,NULL,NULL,'published','[\"products\\/product-13.jpg\"]',NULL,'NC-107-A0-A2',0,10,0,1,'in_stock',0,NULL,2,1,0,0,0.00,0,281,205.13,NULL,NULL,18,13,13,625,NULL,0,'2025-12-25 18:49:49','2025-12-25 18:49:52',0,'Botble\\ACL\\Models\\User',NULL,'physical',NULL,NULL,0,0,'auto_generate',0,0,0,NULL),(222,'Arla Organic Free Range Milk',NULL,NULL,NULL,'published','[\"products\\/product-63.jpg\"]',NULL,'NC-107-A0-A3',0,10,0,1,'in_stock',0,NULL,2,1,0,0,0.00,0,281,207.94,NULL,NULL,18,13,13,625,NULL,0,'2025-12-25 18:49:49','2025-12-25 18:49:52',0,'Botble\\ACL\\Models\\User',NULL,'physical',NULL,NULL,0,0,'auto_generate',0,0,0,NULL),(223,'Aptamil Follow On Baby Milk',NULL,NULL,NULL,'published','[\"products\\/product-13.jpg\"]',NULL,'NC-142-A0',0,14,0,1,'in_stock',0,NULL,5,1,0,0,0.00,0,445,NULL,NULL,NULL,17,13,18,744,NULL,0,'2025-12-25 18:49:49','2025-12-25 18:49:52',0,'Botble\\ACL\\Models\\User',NULL,'digital',NULL,NULL,0,0,'auto_generate',0,0,0,NULL),(224,'Aptamil Follow On Baby Milk',NULL,NULL,NULL,'published','[\"products\\/product-68.jpg\"]',NULL,'NC-142-A0-A1',0,14,0,1,'in_stock',0,NULL,5,1,0,0,0.00,0,445,NULL,NULL,NULL,17,13,18,744,NULL,0,'2025-12-25 18:49:49','2025-12-25 18:49:52',0,'Botble\\ACL\\Models\\User',NULL,'digital',NULL,NULL,0,0,'auto_generate',0,0,0,NULL),(225,'Aptamil Follow On Baby Milk',NULL,NULL,NULL,'published','[\"products\\/product-11.jpg\"]',NULL,'NC-142-A0-A2',0,14,0,1,'in_stock',0,NULL,5,1,0,0,0.00,0,445,NULL,NULL,NULL,17,13,18,744,NULL,0,'2025-12-25 18:49:49','2025-12-25 18:49:52',0,'Botble\\ACL\\Models\\User',NULL,'digital',NULL,NULL,0,0,'auto_generate',0,0,0,NULL),(226,'Cuisinart Chef’S Classic Hard-Anodized',NULL,NULL,NULL,'published','[\"products\\/product-71.jpg\"]',NULL,'NC-106-A0',0,18,0,1,'in_stock',0,NULL,4,1,0,0,0.00,0,443,NULL,NULL,NULL,19,19,10,895,NULL,0,'2025-12-25 18:49:49','2025-12-25 18:49:52',0,'Botble\\ACL\\Models\\User',NULL,'physical',NULL,NULL,0,0,'auto_generate',0,0,0,NULL),(227,'Cuisinart Chef’S Classic Hard-Anodized',NULL,NULL,NULL,'published','[\"products\\/product-87.jpg\"]',NULL,'NC-106-A0-A1',0,18,0,1,'in_stock',0,NULL,4,1,0,0,0.00,0,443,NULL,NULL,NULL,19,19,10,895,NULL,0,'2025-12-25 18:49:49','2025-12-25 18:49:52',0,'Botble\\ACL\\Models\\User',NULL,'physical',NULL,NULL,0,0,'auto_generate',0,0,0,NULL),(228,'Cuisinart Chef’S Classic Hard-Anodized',NULL,NULL,NULL,'published','[\"products\\/product-14.jpg\"]',NULL,'NC-106-A0-A2',0,18,0,1,'in_stock',0,NULL,4,1,0,0,0.00,0,443,NULL,NULL,NULL,19,19,10,895,NULL,0,'2025-12-25 18:49:49','2025-12-25 18:49:52',0,'Botble\\ACL\\Models\\User',NULL,'physical',NULL,NULL,0,0,'auto_generate',0,0,0,NULL),(229,'Corn, Yellow Sweet',NULL,NULL,NULL,'published','[\"products\\/product-42.jpg\"]',NULL,'NC-159-A0',0,11,0,1,'in_stock',0,NULL,6,1,0,0,0.00,0,494,NULL,NULL,NULL,12,15,12,587,NULL,0,'2025-12-25 18:49:49','2025-12-25 18:49:52',0,'Botble\\ACL\\Models\\User',NULL,'physical',NULL,NULL,0,0,'auto_generate',0,0,0,NULL),(230,'Corn, Yellow Sweet',NULL,NULL,NULL,'published','[\"products\\/product-72.jpg\"]',NULL,'NC-159-A0-A1',0,11,0,1,'in_stock',0,NULL,6,1,0,0,0.00,0,494,NULL,NULL,NULL,12,15,12,587,NULL,0,'2025-12-25 18:49:49','2025-12-25 18:49:52',0,'Botble\\ACL\\Models\\User',NULL,'physical',NULL,NULL,0,0,'auto_generate',0,0,0,NULL),(231,'Hobnobs The Nobbly Biscuit',NULL,NULL,NULL,'published','[\"products\\/product-87.jpg\"]',NULL,'NC-149-A0',0,17,0,1,'in_stock',0,NULL,3,1,0,0,0.00,0,248,220.72,NULL,NULL,17,12,20,869,NULL,0,'2025-12-25 18:49:49','2025-12-25 18:49:52',0,'Botble\\ACL\\Models\\User',NULL,'physical',NULL,NULL,0,0,'auto_generate',0,0,0,NULL),(232,'Hobnobs The Nobbly Biscuit',NULL,NULL,NULL,'published','[\"products\\/product-41.jpg\"]',NULL,'NC-149-A0-A1',0,17,0,1,'in_stock',0,NULL,3,1,0,0,0.00,0,248,178.56,NULL,NULL,17,12,20,869,NULL,0,'2025-12-25 18:49:49','2025-12-25 18:49:52',0,'Botble\\ACL\\Models\\User',NULL,'physical',NULL,NULL,0,0,'auto_generate',0,0,0,NULL),(233,'Hobnobs The Nobbly Biscuit',NULL,NULL,NULL,'published','[\"products\\/product-82.jpg\"]',NULL,'NC-149-A0-A2',0,17,0,1,'in_stock',0,NULL,3,1,0,0,0.00,0,248,178.56,NULL,NULL,17,12,20,869,NULL,0,'2025-12-25 18:49:49','2025-12-25 18:49:52',0,'Botble\\ACL\\Models\\User',NULL,'physical',NULL,NULL,0,0,'auto_generate',0,0,0,NULL),(234,'Honest Organic Still Lemonade',NULL,NULL,NULL,'published','[\"products\\/product-9.jpg\"]',NULL,'NC-119-A0',0,14,0,1,'in_stock',0,NULL,3,1,0,0,0.00,0,393,NULL,NULL,NULL,15,13,11,845,NULL,0,'2025-12-25 18:49:49','2025-12-25 18:49:52',0,'Botble\\ACL\\Models\\User',NULL,'digital',NULL,NULL,0,0,'auto_generate',0,0,0,NULL),(235,'Honest Organic Still Lemonade',NULL,NULL,NULL,'published','[\"products\\/product-2.jpg\"]',NULL,'NC-119-A0-A1',0,14,0,1,'in_stock',0,NULL,3,1,0,0,0.00,0,393,NULL,NULL,NULL,15,13,11,845,NULL,0,'2025-12-25 18:49:49','2025-12-25 18:49:52',0,'Botble\\ACL\\Models\\User',NULL,'digital',NULL,NULL,0,0,'auto_generate',0,0,0,NULL),(236,'Ice Beck’s Beer 350ml x 24 Pieces',NULL,NULL,NULL,'published','[\"products\\/product-79.jpg\"]',NULL,'NC-144-A0',0,17,0,1,'in_stock',0,NULL,4,1,0,0,0.00,0,407,NULL,NULL,NULL,20,13,16,780,NULL,0,'2025-12-25 18:49:49','2025-12-25 18:49:52',0,'Botble\\ACL\\Models\\User',NULL,'physical',NULL,NULL,0,0,'auto_generate',0,0,0,NULL),(237,'Ice Beck’s Beer 350ml x 24 Pieces',NULL,NULL,NULL,'published','[\"products\\/product-6.jpg\"]',NULL,'NC-144-A0-A1',0,17,0,1,'in_stock',0,NULL,4,1,0,0,0.00,0,407,NULL,NULL,NULL,20,13,16,780,NULL,0,'2025-12-25 18:49:49','2025-12-25 18:49:52',0,'Botble\\ACL\\Models\\User',NULL,'physical',NULL,NULL,0,0,'auto_generate',0,0,0,NULL),(238,'Ice Beck’s Beer 350ml x 24 Pieces',NULL,NULL,NULL,'published','[\"products\\/product-59.jpg\"]',NULL,'NC-144-A0-A2',0,17,0,1,'in_stock',0,NULL,4,1,0,0,0.00,0,407,NULL,NULL,NULL,20,13,16,780,NULL,0,'2025-12-25 18:49:49','2025-12-25 18:49:52',0,'Botble\\ACL\\Models\\User',NULL,'physical',NULL,NULL,0,0,'auto_generate',0,0,0,NULL),(239,'Iceland 6 Hot Cross Buns',NULL,NULL,NULL,'published','[\"products\\/product-92.jpg\"]',NULL,'NC-195-A0',0,19,0,1,'in_stock',0,NULL,2,1,0,0,0.00,0,337,NULL,NULL,NULL,12,18,10,612,NULL,0,'2025-12-25 18:49:49','2025-12-25 18:49:52',0,'Botble\\ACL\\Models\\User',NULL,'physical',NULL,NULL,0,0,'auto_generate',0,0,0,NULL),(240,'Iceland 6 Hot Cross Buns',NULL,NULL,NULL,'published','[\"products\\/product-1.jpg\"]',NULL,'NC-195-A0-A1',0,19,0,1,'in_stock',0,NULL,2,1,0,0,0.00,0,337,NULL,NULL,NULL,12,18,10,612,NULL,0,'2025-12-25 18:49:49','2025-12-25 18:49:52',0,'Botble\\ACL\\Models\\User',NULL,'physical',NULL,NULL,0,0,'auto_generate',0,0,0,NULL),(241,'Iceland Luxury 4 Panini Rolls',NULL,NULL,NULL,'published','[\"products\\/product-63.jpg\"]',NULL,'NC-140-A0',0,19,0,1,'in_stock',0,NULL,1,1,0,0,0.00,0,480,388.8,NULL,NULL,20,12,14,531,NULL,0,'2025-12-25 18:49:49','2025-12-25 18:49:52',0,'Botble\\ACL\\Models\\User',NULL,'physical',NULL,NULL,0,0,'auto_generate',0,0,0,NULL),(242,'Iceland Luxury 4 Panini Rolls',NULL,NULL,NULL,'published','[\"products\\/product-47.jpg\"]',NULL,'NC-140-A0-A1',0,19,0,1,'in_stock',0,NULL,1,1,0,0,0.00,0,480,340.8,NULL,NULL,20,12,14,531,NULL,0,'2025-12-25 18:49:49','2025-12-25 18:49:52',0,'Botble\\ACL\\Models\\User',NULL,'physical',NULL,NULL,0,0,'auto_generate',0,0,0,NULL),(243,'Iceland Luxury 4 Panini Rolls',NULL,NULL,NULL,'published','[\"products\\/product-49.jpg\"]',NULL,'NC-140-A0-A2',0,19,0,1,'in_stock',0,NULL,1,1,0,0,0.00,0,480,364.8,NULL,NULL,20,12,14,531,NULL,0,'2025-12-25 18:49:49','2025-12-25 18:49:52',0,'Botble\\ACL\\Models\\User',NULL,'physical',NULL,NULL,0,0,'auto_generate',0,0,0,NULL),(244,'Iceland Luxury 4 Panini Rolls',NULL,NULL,NULL,'published','[\"products\\/product-69.jpg\"]',NULL,'NC-140-A0-A3',0,19,0,1,'in_stock',0,NULL,1,1,0,0,0.00,0,480,340.8,NULL,NULL,20,12,14,531,NULL,0,'2025-12-25 18:49:49','2025-12-25 18:49:52',0,'Botble\\ACL\\Models\\User',NULL,'physical',NULL,NULL,0,0,'auto_generate',0,0,0,NULL),(245,'Iceland Luxury 4 Panini Rolls',NULL,NULL,NULL,'published','[\"products\\/product-90.jpg\"]',NULL,'NC-140-A0-A4',0,19,0,1,'in_stock',0,NULL,1,1,0,0,0.00,0,480,364.8,NULL,NULL,20,12,14,531,NULL,0,'2025-12-25 18:49:49','2025-12-25 18:49:52',0,'Botble\\ACL\\Models\\User',NULL,'physical',NULL,NULL,0,0,'auto_generate',0,0,0,NULL),(246,'Iceland Soft Scoop Vanilla',NULL,NULL,NULL,'published','[\"products\\/product-5.jpg\"]',NULL,'NC-125-A0',0,14,0,1,'in_stock',0,NULL,7,1,0,0,0.00,0,368,NULL,NULL,NULL,12,17,14,779,NULL,0,'2025-12-25 18:49:49','2025-12-25 18:49:52',0,'Botble\\ACL\\Models\\User',NULL,'digital',NULL,NULL,0,0,'auto_generate',0,0,0,NULL),(247,'Iceland Soft Scoop Vanilla',NULL,NULL,NULL,'published','[\"products\\/product-53.jpg\"]',NULL,'NC-125-A0-A1',0,14,0,1,'in_stock',0,NULL,7,1,0,0,0.00,0,368,NULL,NULL,NULL,12,17,14,779,NULL,0,'2025-12-25 18:49:50','2025-12-25 18:49:52',0,'Botble\\ACL\\Models\\User',NULL,'digital',NULL,NULL,0,0,'auto_generate',0,0,0,NULL),(248,'Iceland Soft Scoop Vanilla',NULL,NULL,NULL,'published','[\"products\\/product-54.jpg\"]',NULL,'NC-125-A0-A2',0,14,0,1,'in_stock',0,NULL,7,1,0,0,0.00,0,368,NULL,NULL,NULL,12,17,14,779,NULL,0,'2025-12-25 18:49:50','2025-12-25 18:49:52',0,'Botble\\ACL\\Models\\User',NULL,'digital',NULL,NULL,0,0,'auto_generate',0,0,0,NULL),(249,'Iceland Soft Scoop Vanilla',NULL,NULL,NULL,'published','[\"products\\/product-89.jpg\"]',NULL,'NC-125-A0-A3',0,14,0,1,'in_stock',0,NULL,7,1,0,0,0.00,0,368,NULL,NULL,NULL,12,17,14,779,NULL,0,'2025-12-25 18:49:50','2025-12-25 18:49:52',0,'Botble\\ACL\\Models\\User',NULL,'digital',NULL,NULL,0,0,'auto_generate',0,0,0,NULL),(250,'Iceland Spaghetti Bolognese',NULL,NULL,NULL,'published','[\"products\\/product-85.jpg\"]',NULL,'NC-197-A0',0,13,0,1,'in_stock',0,NULL,2,1,0,0,0.00,0,355,NULL,NULL,NULL,17,13,20,685,NULL,0,'2025-12-25 18:49:50','2025-12-25 18:49:52',0,'Botble\\ACL\\Models\\User',NULL,'physical',NULL,NULL,0,0,'auto_generate',0,0,0,NULL),(251,'Iceland Spaghetti Bolognese',NULL,NULL,NULL,'published','[\"products\\/product-80.jpg\"]',NULL,'NC-197-A0-A1',0,13,0,1,'in_stock',0,NULL,2,1,0,0,0.00,0,355,NULL,NULL,NULL,17,13,20,685,NULL,0,'2025-12-25 18:49:50','2025-12-25 18:49:52',0,'Botble\\ACL\\Models\\User',NULL,'physical',NULL,NULL,0,0,'auto_generate',0,0,0,NULL),(252,'Iceland Spaghetti Bolognese',NULL,NULL,NULL,'published','[\"products\\/product-6.jpg\"]',NULL,'NC-197-A0-A2',0,13,0,1,'in_stock',0,NULL,2,1,0,0,0.00,0,355,NULL,NULL,NULL,17,13,20,685,NULL,0,'2025-12-25 18:49:50','2025-12-25 18:49:52',0,'Botble\\ACL\\Models\\User',NULL,'physical',NULL,NULL,0,0,'auto_generate',0,0,0,NULL),(253,'Kellogg’s Coco Pops Cereal',NULL,NULL,NULL,'published','[\"products\\/product-62.jpg\"]',NULL,'NC-158-A0',0,15,0,1,'in_stock',0,NULL,2,1,0,0,0.00,0,346,NULL,NULL,NULL,14,16,17,669,NULL,0,'2025-12-25 18:49:50','2025-12-25 18:49:52',0,'Botble\\ACL\\Models\\User',NULL,'physical',NULL,NULL,0,0,'auto_generate',0,0,0,NULL),(254,'Kellogg’s Coco Pops Cereal',NULL,NULL,NULL,'published','[\"products\\/product-75.jpg\"]',NULL,'NC-158-A0-A1',0,15,0,1,'in_stock',0,NULL,2,1,0,0,0.00,0,346,NULL,NULL,NULL,14,16,17,669,NULL,0,'2025-12-25 18:49:50','2025-12-25 18:49:52',0,'Botble\\ACL\\Models\\User',NULL,'physical',NULL,NULL,0,0,'auto_generate',0,0,0,NULL),(255,'Kit Kat Chunky Milk Chocolate',NULL,NULL,NULL,'published','[\"products\\/product-32.jpg\"]',NULL,'NC-151-A0',0,10,0,1,'in_stock',0,NULL,2,1,0,0,0.00,0,222,157.62,NULL,NULL,16,12,13,813,NULL,0,'2025-12-25 18:49:50','2025-12-25 18:49:52',0,'Botble\\ACL\\Models\\User',NULL,'physical',NULL,NULL,0,0,'auto_generate',0,0,0,NULL),(256,'Large Green Bell Pepper',NULL,NULL,NULL,'published','[\"products\\/product-2.jpg\"]',NULL,'NC-110-A0',0,14,0,1,'in_stock',0,NULL,2,1,0,0,0.00,0,412,NULL,NULL,NULL,20,10,14,731,NULL,0,'2025-12-25 18:49:50','2025-12-25 18:49:53',0,'Botble\\ACL\\Models\\User',NULL,'digital',NULL,NULL,0,0,'auto_generate',0,0,0,NULL),(257,'Large Green Bell Pepper',NULL,NULL,NULL,'published','[\"products\\/product-70.jpg\"]',NULL,'NC-110-A0-A1',0,14,0,1,'in_stock',0,NULL,2,1,0,0,0.00,0,412,NULL,NULL,NULL,20,10,14,731,NULL,0,'2025-12-25 18:49:50','2025-12-25 18:49:53',0,'Botble\\ACL\\Models\\User',NULL,'digital',NULL,NULL,0,0,'auto_generate',0,0,0,NULL),(258,'Large Green Bell Pepper',NULL,NULL,NULL,'published','[\"products\\/product-30.jpg\"]',NULL,'NC-110-A0-A2',0,14,0,1,'in_stock',0,NULL,2,1,0,0,0.00,0,412,NULL,NULL,NULL,20,10,14,731,NULL,0,'2025-12-25 18:49:50','2025-12-25 18:49:53',0,'Botble\\ACL\\Models\\User',NULL,'digital',NULL,NULL,0,0,'auto_generate',0,0,0,NULL),(259,'Pice 94w Beasley Journal',NULL,NULL,NULL,'published','[\"products\\/product-82.jpg\"]',NULL,'NC-110-A0',0,16,0,1,'in_stock',0,NULL,5,1,0,0,0.00,0,485,NULL,NULL,NULL,12,18,19,865,NULL,0,'2025-12-25 18:49:50','2025-12-25 18:49:53',0,'Botble\\ACL\\Models\\User',NULL,'physical',NULL,NULL,0,0,'auto_generate',0,0,0,NULL),(260,'Pice 94w Beasley Journal',NULL,NULL,NULL,'published','[\"products\\/product-42.jpg\"]',NULL,'NC-110-A0-A1',0,16,0,1,'in_stock',0,NULL,5,1,0,0,0.00,0,485,NULL,NULL,NULL,12,18,19,865,NULL,0,'2025-12-25 18:49:50','2025-12-25 18:49:53',0,'Botble\\ACL\\Models\\User',NULL,'physical',NULL,NULL,0,0,'auto_generate',0,0,0,NULL),(261,'Pice 94w Beasley Journal',NULL,NULL,NULL,'published','[\"products\\/product-11.jpg\"]',NULL,'NC-110-A0-A2',0,16,0,1,'in_stock',0,NULL,5,1,0,0,0.00,0,485,NULL,NULL,NULL,12,18,19,865,NULL,0,'2025-12-25 18:49:50','2025-12-25 18:49:53',0,'Botble\\ACL\\Models\\User',NULL,'physical',NULL,NULL,0,0,'auto_generate',0,0,0,NULL),(262,'Province Piece Glass Drinking Glass',NULL,NULL,NULL,'published','[\"products\\/product-80.jpg\"]',NULL,'NC-191-A0',0,15,0,1,'in_stock',0,NULL,4,1,0,0,0.00,0,348,NULL,NULL,NULL,10,12,14,693,NULL,0,'2025-12-25 18:49:50','2025-12-25 18:49:53',0,'Botble\\ACL\\Models\\User',NULL,'physical',NULL,NULL,0,0,'auto_generate',0,0,0,NULL),(263,'Province Piece Glass Drinking Glass',NULL,NULL,NULL,'published','[\"products\\/product-88.jpg\"]',NULL,'NC-191-A0-A1',0,15,0,1,'in_stock',0,NULL,4,1,0,0,0.00,0,348,NULL,NULL,NULL,10,12,14,693,NULL,0,'2025-12-25 18:49:50','2025-12-25 18:49:53',0,'Botble\\ACL\\Models\\User',NULL,'physical',NULL,NULL,0,0,'auto_generate',0,0,0,NULL),(264,'Province Piece Glass Drinking Glass',NULL,NULL,NULL,'published','[\"products\\/product-55.jpg\"]',NULL,'NC-191-A0-A2',0,15,0,1,'in_stock',0,NULL,4,1,0,0,0.00,0,348,NULL,NULL,NULL,10,12,14,693,NULL,0,'2025-12-25 18:49:50','2025-12-25 18:49:53',0,'Botble\\ACL\\Models\\User',NULL,'physical',NULL,NULL,0,0,'auto_generate',0,0,0,NULL);
/*!40000 ALTER TABLE `ec_products` ENABLE KEYS */;
UNLOCK TABLES;

--
-- Table structure for table `ec_products_translations`
--

DROP TABLE IF EXISTS `ec_products_translations`;
/*!40101 SET @saved_cs_client     = @@character_set_client */;
/*!50503 SET character_set_client = utf8mb4 */;
CREATE TABLE `ec_products_translations` (
  `lang_code` varchar(191) COLLATE utf8mb4_unicode_ci NOT NULL,
  `ec_products_id` bigint unsigned NOT NULL,
  `name` varchar(191) COLLATE utf8mb4_unicode_ci DEFAULT NULL,
  `slug` varchar(191) COLLATE utf8mb4_unicode_ci DEFAULT NULL,
  `description` text COLLATE utf8mb4_unicode_ci,
  `content` text COLLATE utf8mb4_unicode_ci,
  PRIMARY KEY (`lang_code`,`ec_products_id`),
  KEY `idx_products_fk` (`ec_products_id`),
  KEY `idx_products_products_lang` (`ec_products_id`,`lang_code`)
) ENGINE=InnoDB DEFAULT CHARSET=utf8mb4 COLLATE=utf8mb4_unicode_ci;
/*!40101 SET character_set_client = @saved_cs_client */;

--
-- Dumping data for table `ec_products_translations`
--

LOCK TABLES `ec_products_translations` WRITE;
/*!40000 ALTER TABLE `ec_products_translations` DISABLE KEYS */;
/*!40000 ALTER TABLE `ec_products_translations` ENABLE KEYS */;
UNLOCK TABLES;

--
-- Table structure for table `ec_review_replies`
--

DROP TABLE IF EXISTS `ec_review_replies`;
/*!40101 SET @saved_cs_client     = @@character_set_client */;
/*!50503 SET character_set_client = utf8mb4 */;
CREATE TABLE `ec_review_replies` (
  `id` bigint unsigned NOT NULL AUTO_INCREMENT,
  `user_id` bigint unsigned NOT NULL,
  `review_id` bigint unsigned NOT NULL,
  `message` text COLLATE utf8mb4_unicode_ci NOT NULL,
  `created_at` timestamp NULL DEFAULT NULL,
  `updated_at` timestamp NULL DEFAULT NULL,
  PRIMARY KEY (`id`),
  UNIQUE KEY `ec_review_replies_review_id_user_id_unique` (`review_id`,`user_id`)
) ENGINE=InnoDB DEFAULT CHARSET=utf8mb4 COLLATE=utf8mb4_unicode_ci;
/*!40101 SET character_set_client = @saved_cs_client */;

--
-- Dumping data for table `ec_review_replies`
--

LOCK TABLES `ec_review_replies` WRITE;
/*!40000 ALTER TABLE `ec_review_replies` DISABLE KEYS */;
/*!40000 ALTER TABLE `ec_review_replies` ENABLE KEYS */;
UNLOCK TABLES;

--
-- Table structure for table `ec_reviews`
--

DROP TABLE IF EXISTS `ec_reviews`;
/*!40101 SET @saved_cs_client     = @@character_set_client */;
/*!50503 SET character_set_client = utf8mb4 */;
CREATE TABLE `ec_reviews` (
  `id` bigint unsigned NOT NULL AUTO_INCREMENT,
  `customer_id` bigint unsigned DEFAULT NULL,
  `customer_name` varchar(191) COLLATE utf8mb4_unicode_ci DEFAULT NULL,
  `customer_email` varchar(191) COLLATE utf8mb4_unicode_ci DEFAULT NULL,
  `product_id` bigint unsigned NOT NULL,
  `star` double NOT NULL,
  `comment` text COLLATE utf8mb4_unicode_ci NOT NULL,
  `status` varchar(60) COLLATE utf8mb4_unicode_ci NOT NULL DEFAULT 'published',
  `created_at` timestamp NULL DEFAULT NULL,
  `updated_at` timestamp NULL DEFAULT NULL,
  `images` text COLLATE utf8mb4_unicode_ci,
  PRIMARY KEY (`id`),
  UNIQUE KEY `ec_reviews_product_id_customer_id_unique` (`product_id`,`customer_id`),
  KEY `ec_reviews_product_id_customer_id_status_created_at_index` (`product_id`,`customer_id`,`status`,`created_at`),
  KEY `review_relation_index` (`product_id`,`customer_id`,`status`),
  KEY `ec_reviews_product_id_status_index` (`product_id`,`status`),
  KEY `ec_reviews_customer_id_status_index` (`customer_id`,`status`)
) ENGINE=InnoDB AUTO_INCREMENT=704 DEFAULT CHARSET=utf8mb4 COLLATE=utf8mb4_unicode_ci;
/*!40101 SET character_set_client = @saved_cs_client */;

--
-- Dumping data for table `ec_reviews`
--

LOCK TABLES `ec_reviews` WRITE;
/*!40000 ALTER TABLE `ec_reviews` DISABLE KEYS */;
INSERT INTO `ec_reviews` VALUES (1,3,NULL,NULL,50,5,'The script is the best of its class, fast, easy to implement and work with , and the most important thing is the great support team , Recommend with no doubt.','published','2025-12-25 18:49:56','2025-12-25 18:49:56',NULL),(2,4,NULL,NULL,70,5,'These guys are amazing! Responses immediately, amazing support and help... I immediately feel at ease after Purchasing..','published','2025-12-25 18:49:56','2025-12-25 18:49:56',NULL),(3,10,NULL,NULL,27,1,'Perfect +++++++++ i love it really also i get to fast ticket answers... Thanks Lot BOTBLE Teams','published','2025-12-25 18:49:56','2025-12-25 18:49:56',NULL),(4,5,NULL,NULL,73,5,'Very enthusiastic support! Excellent code is written. It\'s a true pleasure working with.','published','2025-12-25 18:49:56','2025-12-25 18:49:56',NULL),(5,3,NULL,NULL,4,5,'Best ecommerce CMS online store!','published','2025-12-25 18:49:56','2025-12-25 18:49:56',NULL),(6,10,NULL,NULL,24,1,'Ok good product. I have some issues in customizations. But its not correct to blame the developer. The product is good. Good luck for your business.','published','2025-12-25 18:49:56','2025-12-25 18:49:56',NULL),(7,2,NULL,NULL,19,5,'Amazing code, amazing support. Overall, im really confident in Botble and im happy I made the right choice! Thank you so much guys for coding this masterpiece','published','2025-12-25 18:49:56','2025-12-25 18:49:56',NULL),(8,1,NULL,NULL,23,4,'Great system, great support, good job Botble. I\'m looking forward to more great functional plugins.','published','2025-12-25 18:49:56','2025-12-25 18:49:56',NULL),(9,4,NULL,NULL,41,3,'The best ecommerce CMS! Excellent coding! best support service! Thank you so much..... I really like your hard work.','published','2025-12-25 18:49:56','2025-12-25 18:49:56',NULL),(10,2,NULL,NULL,48,1,'Solution is too robust for our purpose so we didn\'t use it at the end. But I appreciate customer support during initial configuration.','published','2025-12-25 18:49:56','2025-12-25 18:49:56',NULL),(11,3,NULL,NULL,25,5,'Best ecommerce CMS online store!','published','2025-12-25 18:49:56','2025-12-25 18:49:56',NULL),(12,3,NULL,NULL,60,4,'For me the best eCommerce script on Envato at this moment: modern, clean code, a lot of great features. The customer support is great too: I always get an answer within hours!','published','2025-12-25 18:49:56','2025-12-25 18:49:56',NULL),(13,1,NULL,NULL,57,4,'Amazing code, amazing support. Overall, im really confident in Botble and im happy I made the right choice! Thank you so much guys for coding this masterpiece','published','2025-12-25 18:49:56','2025-12-25 18:49:56',NULL),(14,6,NULL,NULL,29,5,'The code is good, in general, if you like it, can you give it 5 stars?','published','2025-12-25 18:49:56','2025-12-25 18:49:56',NULL),(15,6,NULL,NULL,56,3,'Cool template. Excellent code quality. The support responds very quickly, which is very rare on themeforest and codecanyon.net, I buy a lot of templates, and everyone will have a response from technical support for two or three days. Thanks to tech support. I recommend to buy.','published','2025-12-25 18:49:56','2025-12-25 18:49:56',NULL),(16,9,NULL,NULL,25,4,'This script is well coded and is super fast. The support is pretty quick. Very patient and helpful team. I strongly recommend it and they deserve more than 5 stars.','published','2025-12-25 18:49:56','2025-12-25 18:49:56',NULL),(17,10,NULL,NULL,17,5,'Solution is too robust for our purpose so we didn\'t use it at the end. But I appreciate customer support during initial configuration.','published','2025-12-25 18:49:56','2025-12-25 18:49:56',NULL),(18,9,NULL,NULL,14,4,'The code is good, in general, if you like it, can you give it 5 stars?','published','2025-12-25 18:49:56','2025-12-25 18:49:56',NULL),(19,8,NULL,NULL,52,4,'For me the best eCommerce script on Envato at this moment: modern, clean code, a lot of great features. The customer support is great too: I always get an answer within hours!','published','2025-12-25 18:49:56','2025-12-25 18:49:56',NULL),(20,9,NULL,NULL,30,5,'Clean & perfect source code','published','2025-12-25 18:49:56','2025-12-25 18:49:56',NULL),(21,6,NULL,NULL,48,5,'Those guys now what they are doing, the release such a good product that it\'s a pleasure to work with ! Even when I was stuck on the project, I created a ticket and the next day it was replied by the team. GOOD JOB guys. I love working with them :)','published','2025-12-25 18:49:56','2025-12-25 18:49:56',NULL),(22,8,NULL,NULL,30,3,'Best ecommerce CMS online store!','published','2025-12-25 18:49:56','2025-12-25 18:49:56',NULL),(23,9,NULL,NULL,7,4,'Great E-commerce system. And much more : Wonderful Customer Support.','published','2025-12-25 18:49:56','2025-12-25 18:49:56',NULL),(24,7,NULL,NULL,35,1,'Customer Support are grade (A*), however the code is a way too over engineered for it\'s purpose.','published','2025-12-25 18:49:56','2025-12-25 18:49:56',NULL),(25,9,NULL,NULL,73,2,'This web app is really good in design, code quality & features. Besides, the customer support provided by the Botble team was really fast & helpful. You guys are awesome!','published','2025-12-25 18:49:56','2025-12-25 18:49:56',NULL),(26,2,NULL,NULL,63,1,'As a developer I reviewed this script. This is really awesome ecommerce script. I have convinced when I noticed that it\'s built on fully WordPress concept.','published','2025-12-25 18:49:56','2025-12-25 18:49:56',NULL),(27,8,NULL,NULL,9,3,'Great system, great support, good job Botble. I\'m looking forward to more great functional plugins.','published','2025-12-25 18:49:56','2025-12-25 18:49:56',NULL),(28,8,NULL,NULL,53,4,'I Love this Script. I also found how to add other fees. Now I just wait the BIG update for the Marketplace with the Bulk Import. Just do not forget to make it to be Multi-language for us the Botble Fans.','published','2025-12-25 18:49:56','2025-12-25 18:49:56',NULL),(29,1,NULL,NULL,54,5,'Very enthusiastic support! Excellent code is written. It\'s a true pleasure working with.','published','2025-12-25 18:49:56','2025-12-25 18:49:56',NULL),(30,1,NULL,NULL,61,2,'Cool template. Excellent code quality. The support responds very quickly, which is very rare on themeforest and codecanyon.net, I buy a lot of templates, and everyone will have a response from technical support for two or three days. Thanks to tech support. I recommend to buy.','published','2025-12-25 18:49:56','2025-12-25 18:49:56',NULL),(31,2,NULL,NULL,7,2,'We have received brilliant service support and will be expanding the features with the developer. Nice product!','published','2025-12-25 18:49:56','2025-12-25 18:49:56',NULL),(32,3,NULL,NULL,66,1,'Great E-commerce system. And much more : Wonderful Customer Support.','published','2025-12-25 18:49:56','2025-12-25 18:49:56',NULL),(33,8,NULL,NULL,25,4,'Best ecommerce CMS online store!','published','2025-12-25 18:49:56','2025-12-25 18:49:56',NULL),(34,2,NULL,NULL,59,5,'As a developer I reviewed this script. This is really awesome ecommerce script. I have convinced when I noticed that it\'s built on fully WordPress concept.','published','2025-12-25 18:49:56','2025-12-25 18:49:56',NULL),(35,10,NULL,NULL,6,3,'Best ecommerce CMS online store!','published','2025-12-25 18:49:56','2025-12-25 18:49:56',NULL),(36,2,NULL,NULL,57,4,'Great E-commerce system. And much more : Wonderful Customer Support.','published','2025-12-25 18:49:56','2025-12-25 18:49:56',NULL),(37,2,NULL,NULL,9,2,'The script is the best of its class, fast, easy to implement and work with , and the most important thing is the great support team , Recommend with no doubt.','published','2025-12-25 18:49:56','2025-12-25 18:49:56',NULL),(38,7,NULL,NULL,4,4,'Second or third time that I buy a Botble product, happy with the products and support. You guys do a good job :)','published','2025-12-25 18:49:56','2025-12-25 18:49:56',NULL),(39,6,NULL,NULL,63,3,'These guys are amazing! Responses immediately, amazing support and help... I immediately feel at ease after Purchasing..','published','2025-12-25 18:49:56','2025-12-25 18:49:56',NULL),(40,3,NULL,NULL,42,2,'Second or third time that I buy a Botble product, happy with the products and support. You guys do a good job :)','published','2025-12-25 18:49:56','2025-12-25 18:49:56',NULL),(41,7,NULL,NULL,62,5,'The best store template! Excellent coding! Very good support! Thank you so much for all the help, I really appreciated.','published','2025-12-25 18:49:56','2025-12-25 18:49:56',NULL),(42,8,NULL,NULL,39,1,'This script is well coded and is super fast. The support is pretty quick. Very patient and helpful team. I strongly recommend it and they deserve more than 5 stars.','published','2025-12-25 18:49:56','2025-12-25 18:49:56',NULL),(43,7,NULL,NULL,47,3,'Good app, good backup service and support. Good documentation.','published','2025-12-25 18:49:56','2025-12-25 18:49:56',NULL),(44,8,NULL,NULL,46,5,'Solution is too robust for our purpose so we didn\'t use it at the end. But I appreciate customer support during initial configuration.','published','2025-12-25 18:49:56','2025-12-25 18:49:56',NULL),(45,4,NULL,NULL,26,4,'The best ecommerce CMS! Excellent coding! best support service! Thank you so much..... I really like your hard work.','published','2025-12-25 18:49:56','2025-12-25 18:49:56',NULL),(46,2,NULL,NULL,41,1,'Customer Support are grade (A*), however the code is a way too over engineered for it\'s purpose.','published','2025-12-25 18:49:56','2025-12-25 18:49:56',NULL),(47,5,NULL,NULL,52,1,'This script is well coded and is super fast. The support is pretty quick. Very patient and helpful team. I strongly recommend it and they deserve more than 5 stars.','published','2025-12-25 18:49:56','2025-12-25 18:49:56',NULL),(48,6,NULL,NULL,3,4,'Good app, good backup service and support. Good documentation.','published','2025-12-25 18:49:56','2025-12-25 18:49:56',NULL),(49,4,NULL,NULL,14,1,'Best ecommerce CMS online store!','published','2025-12-25 18:49:56','2025-12-25 18:49:56',NULL),(50,8,NULL,NULL,3,2,'This web app is really good in design, code quality & features. Besides, the customer support provided by the Botble team was really fast & helpful. You guys are awesome!','published','2025-12-25 18:49:56','2025-12-25 18:49:56',NULL),(51,9,NULL,NULL,24,4,'Second or third time that I buy a Botble product, happy with the products and support. You guys do a good job :)','published','2025-12-25 18:49:56','2025-12-25 18:49:56',NULL),(52,6,NULL,NULL,45,3,'This web app is really good in design, code quality & features. Besides, the customer support provided by the Botble team was really fast & helpful. You guys are awesome!','published','2025-12-25 18:49:56','2025-12-25 18:49:56',NULL),(53,4,NULL,NULL,46,2,'Cool template. Excellent code quality. The support responds very quickly, which is very rare on themeforest and codecanyon.net, I buy a lot of templates, and everyone will have a response from technical support for two or three days. Thanks to tech support. I recommend to buy.','published','2025-12-25 18:49:56','2025-12-25 18:49:56',NULL),(54,9,NULL,NULL,37,5,'Very enthusiastic support! Excellent code is written. It\'s a true pleasure working with.','published','2025-12-25 18:49:56','2025-12-25 18:49:56',NULL),(55,3,NULL,NULL,21,4,'Great system, great support, good job Botble. I\'m looking forward to more great functional plugins.','published','2025-12-25 18:49:56','2025-12-25 18:49:56',NULL),(56,1,NULL,NULL,15,5,'Very enthusiastic support! Excellent code is written. It\'s a true pleasure working with.','published','2025-12-25 18:49:56','2025-12-25 18:49:56',NULL),(57,4,NULL,NULL,9,5,'The best store template! Excellent coding! Very good support! Thank you so much for all the help, I really appreciated.','published','2025-12-25 18:49:56','2025-12-25 18:49:56',NULL),(58,3,NULL,NULL,47,1,'Customer Support are grade (A*), however the code is a way too over engineered for it\'s purpose.','published','2025-12-25 18:49:56','2025-12-25 18:49:56',NULL),(59,4,NULL,NULL,20,4,'Good app, good backup service and support. Good documentation.','published','2025-12-25 18:49:56','2025-12-25 18:49:56',NULL),(60,9,NULL,NULL,42,3,'These guys are amazing! Responses immediately, amazing support and help... I immediately feel at ease after Purchasing..','published','2025-12-25 18:49:56','2025-12-25 18:49:56',NULL),(61,10,NULL,NULL,70,5,'This web app is really good in design, code quality & features. Besides, the customer support provided by the Botble team was really fast & helpful. You guys are awesome!','published','2025-12-25 18:49:56','2025-12-25 18:49:56',NULL),(62,5,NULL,NULL,9,1,'This script is well coded and is super fast. The support is pretty quick. Very patient and helpful team. I strongly recommend it and they deserve more than 5 stars.','published','2025-12-25 18:49:56','2025-12-25 18:49:56',NULL),(63,7,NULL,NULL,10,3,'Great E-commerce system. And much more : Wonderful Customer Support.','published','2025-12-25 18:49:56','2025-12-25 18:49:56',NULL),(64,6,NULL,NULL,61,1,'Good app, good backup service and support. Good documentation.','published','2025-12-25 18:49:56','2025-12-25 18:49:56',NULL),(65,9,NULL,NULL,41,3,'Clean & perfect source code','published','2025-12-25 18:49:56','2025-12-25 18:49:56',NULL),(66,4,NULL,NULL,68,4,'For me the best eCommerce script on Envato at this moment: modern, clean code, a lot of great features. The customer support is great too: I always get an answer within hours!','published','2025-12-25 18:49:56','2025-12-25 18:49:56',NULL),(67,4,NULL,NULL,55,4,'Solution is too robust for our purpose so we didn\'t use it at the end. But I appreciate customer support during initial configuration.','published','2025-12-25 18:49:56','2025-12-25 18:49:56',NULL),(68,4,NULL,NULL,48,4,'Clean & perfect source code','published','2025-12-25 18:49:56','2025-12-25 18:49:56',NULL),(69,10,NULL,NULL,56,5,'Good app, good backup service and support. Good documentation.','published','2025-12-25 18:49:56','2025-12-25 18:49:56',NULL),(70,10,NULL,NULL,61,5,'Amazing code, amazing support. Overall, im really confident in Botble and im happy I made the right choice! Thank you so much guys for coding this masterpiece','published','2025-12-25 18:49:56','2025-12-25 18:49:56',NULL),(71,1,NULL,NULL,21,2,'The best ecommerce CMS! Excellent coding! best support service! Thank you so much..... I really like your hard work.','published','2025-12-25 18:49:56','2025-12-25 18:49:56',NULL),(72,2,NULL,NULL,3,2,'Best ecommerce CMS online store!','published','2025-12-25 18:49:56','2025-12-25 18:49:56',NULL),(73,5,NULL,NULL,8,2,'The best store template! Excellent coding! Very good support! Thank you so much for all the help, I really appreciated.','published','2025-12-25 18:49:56','2025-12-25 18:49:56',NULL),(74,4,NULL,NULL,40,3,'The best store template! Excellent coding! Very good support! Thank you so much for all the help, I really appreciated.','published','2025-12-25 18:49:56','2025-12-25 18:49:56',NULL),(75,8,NULL,NULL,27,4,'The best ecommerce CMS! Excellent coding! best support service! Thank you so much..... I really like your hard work.','published','2025-12-25 18:49:56','2025-12-25 18:49:56',NULL),(76,9,NULL,NULL,9,4,'The best store template! Excellent coding! Very good support! Thank you so much for all the help, I really appreciated.','published','2025-12-25 18:49:56','2025-12-25 18:49:56',NULL),(77,1,NULL,NULL,60,4,'Those guys now what they are doing, the release such a good product that it\'s a pleasure to work with ! Even when I was stuck on the project, I created a ticket and the next day it was replied by the team. GOOD JOB guys. I love working with them :)','published','2025-12-25 18:49:56','2025-12-25 18:49:56',NULL),(78,4,NULL,NULL,23,4,'Great E-commerce system. And much more : Wonderful Customer Support.','published','2025-12-25 18:49:56','2025-12-25 18:49:56',NULL),(79,4,NULL,NULL,18,4,'Very enthusiastic support! Excellent code is written. It\'s a true pleasure working with.','published','2025-12-25 18:49:56','2025-12-25 18:49:56',NULL),(80,3,NULL,NULL,41,1,'It\'s not my first experience here on Codecanyon and I can honestly tell you all that Botble puts a LOT of effort into the support. They answer so fast, they helped me tons of times. REALLY by far THE BEST EXPERIENCE on Codecanyon. Those guys at Botble are so good that they deserve 5 stars. I recommend them, I trust them and I can\'t wait to see what they will sell in a near future. Thank you Botble :)','published','2025-12-25 18:49:56','2025-12-25 18:49:56',NULL),(81,3,NULL,NULL,37,4,'Ok good product. I have some issues in customizations. But its not correct to blame the developer. The product is good. Good luck for your business.','published','2025-12-25 18:49:56','2025-12-25 18:49:56',NULL),(82,8,NULL,NULL,51,3,'Ok good product. I have some issues in customizations. But its not correct to blame the developer. The product is good. Good luck for your business.','published','2025-12-25 18:49:56','2025-12-25 18:49:56',NULL),(83,9,NULL,NULL,52,5,'Great system, great support, good job Botble. I\'m looking forward to more great functional plugins.','published','2025-12-25 18:49:56','2025-12-25 18:49:56',NULL),(84,8,NULL,NULL,41,5,'This web app is really good in design, code quality & features. Besides, the customer support provided by the Botble team was really fast & helpful. You guys are awesome!','published','2025-12-25 18:49:56','2025-12-25 18:49:56',NULL),(85,7,NULL,NULL,7,1,'The best ecommerce CMS! Excellent coding! best support service! Thank you so much..... I really like your hard work.','published','2025-12-25 18:49:56','2025-12-25 18:49:56',NULL),(86,8,NULL,NULL,21,5,'Great system, great support, good job Botble. I\'m looking forward to more great functional plugins.','published','2025-12-25 18:49:56','2025-12-25 18:49:56',NULL),(87,1,NULL,NULL,66,4,'Customer Support are grade (A*), however the code is a way too over engineered for it\'s purpose.','published','2025-12-25 18:49:56','2025-12-25 18:49:56',NULL),(88,8,NULL,NULL,58,2,'This script is well coded and is super fast. The support is pretty quick. Very patient and helpful team. I strongly recommend it and they deserve more than 5 stars.','published','2025-12-25 18:49:56','2025-12-25 18:49:56',NULL),(89,6,NULL,NULL,21,2,'These guys are amazing! Responses immediately, amazing support and help... I immediately feel at ease after Purchasing..','published','2025-12-25 18:49:56','2025-12-25 18:49:56',NULL),(90,9,NULL,NULL,75,4,'Very enthusiastic support! Excellent code is written. It\'s a true pleasure working with.','published','2025-12-25 18:49:56','2025-12-25 18:49:56',NULL),(91,5,NULL,NULL,21,2,'As a developer I reviewed this script. This is really awesome ecommerce script. I have convinced when I noticed that it\'s built on fully WordPress concept.','published','2025-12-25 18:49:56','2025-12-25 18:49:56',NULL),(92,9,NULL,NULL,58,5,'Very enthusiastic support! Excellent code is written. It\'s a true pleasure working with.','published','2025-12-25 18:49:56','2025-12-25 18:49:56',NULL),(93,9,NULL,NULL,15,2,'This script is well coded and is super fast. The support is pretty quick. Very patient and helpful team. I strongly recommend it and they deserve more than 5 stars.','published','2025-12-25 18:49:56','2025-12-25 18:49:56',NULL),(94,8,NULL,NULL,23,5,'Best ecommerce CMS online store!','published','2025-12-25 18:49:56','2025-12-25 18:49:56',NULL),(95,10,NULL,NULL,74,1,'This script is well coded and is super fast. The support is pretty quick. Very patient and helpful team. I strongly recommend it and they deserve more than 5 stars.','published','2025-12-25 18:49:56','2025-12-25 18:49:56',NULL),(96,1,NULL,NULL,75,3,'It\'s not my first experience here on Codecanyon and I can honestly tell you all that Botble puts a LOT of effort into the support. They answer so fast, they helped me tons of times. REALLY by far THE BEST EXPERIENCE on Codecanyon. Those guys at Botble are so good that they deserve 5 stars. I recommend them, I trust them and I can\'t wait to see what they will sell in a near future. Thank you Botble :)','published','2025-12-25 18:49:56','2025-12-25 18:49:56',NULL),(97,8,NULL,NULL,56,3,'It\'s not my first experience here on Codecanyon and I can honestly tell you all that Botble puts a LOT of effort into the support. They answer so fast, they helped me tons of times. REALLY by far THE BEST EXPERIENCE on Codecanyon. Those guys at Botble are so good that they deserve 5 stars. I recommend them, I trust them and I can\'t wait to see what they will sell in a near future. Thank you Botble :)','published','2025-12-25 18:49:56','2025-12-25 18:49:56',NULL),(98,3,NULL,NULL,33,1,'This web app is really good in design, code quality & features. Besides, the customer support provided by the Botble team was really fast & helpful. You guys are awesome!','published','2025-12-25 18:49:56','2025-12-25 18:49:56',NULL),(99,4,NULL,NULL,65,5,'Cool template. Excellent code quality. The support responds very quickly, which is very rare on themeforest and codecanyon.net, I buy a lot of templates, and everyone will have a response from technical support for two or three days. Thanks to tech support. I recommend to buy.','published','2025-12-25 18:49:56','2025-12-25 18:49:56',NULL),(100,5,NULL,NULL,56,5,'Great system, great support, good job Botble. I\'m looking forward to more great functional plugins.','published','2025-12-25 18:49:56','2025-12-25 18:49:56',NULL),(101,2,NULL,NULL,23,1,'The best ecommerce CMS! Excellent coding! best support service! Thank you so much..... I really like your hard work.','published','2025-12-25 18:49:56','2025-12-25 18:49:56',NULL),(102,9,NULL,NULL,48,1,'The code is good, in general, if you like it, can you give it 5 stars?','published','2025-12-25 18:49:56','2025-12-25 18:49:56',NULL),(103,3,NULL,NULL,20,2,'Good app, good backup service and support. Good documentation.','published','2025-12-25 18:49:56','2025-12-25 18:49:56',NULL),(104,9,NULL,NULL,69,3,'We have received brilliant service support and will be expanding the features with the developer. Nice product!','published','2025-12-25 18:49:56','2025-12-25 18:49:56',NULL),(105,10,NULL,NULL,33,3,'This web app is really good in design, code quality & features. Besides, the customer support provided by the Botble team was really fast & helpful. You guys are awesome!','published','2025-12-25 18:49:56','2025-12-25 18:49:56',NULL),(106,6,NULL,NULL,55,4,'The script is the best of its class, fast, easy to implement and work with , and the most important thing is the great support team , Recommend with no doubt.','published','2025-12-25 18:49:56','2025-12-25 18:49:56',NULL),(107,10,NULL,NULL,73,3,'We have received brilliant service support and will be expanding the features with the developer. Nice product!','published','2025-12-25 18:49:56','2025-12-25 18:49:56',NULL),(108,8,NULL,NULL,19,1,'Customer Support are grade (A*), however the code is a way too over engineered for it\'s purpose.','published','2025-12-25 18:49:56','2025-12-25 18:49:56',NULL),(109,1,NULL,NULL,3,4,'Good app, good backup service and support. Good documentation.','published','2025-12-25 18:49:56','2025-12-25 18:49:56',NULL),(110,2,NULL,NULL,64,2,'I Love this Script. I also found how to add other fees. Now I just wait the BIG update for the Marketplace with the Bulk Import. Just do not forget to make it to be Multi-language for us the Botble Fans.','published','2025-12-25 18:49:56','2025-12-25 18:49:56',NULL),(111,3,NULL,NULL,11,2,'It\'s not my first experience here on Codecanyon and I can honestly tell you all that Botble puts a LOT of effort into the support. They answer so fast, they helped me tons of times. REALLY by far THE BEST EXPERIENCE on Codecanyon. Those guys at Botble are so good that they deserve 5 stars. I recommend them, I trust them and I can\'t wait to see what they will sell in a near future. Thank you Botble :)','published','2025-12-25 18:49:56','2025-12-25 18:49:56',NULL),(112,9,NULL,NULL,49,3,'As a developer I reviewed this script. This is really awesome ecommerce script. I have convinced when I noticed that it\'s built on fully WordPress concept.','published','2025-12-25 18:49:56','2025-12-25 18:49:56',NULL),(113,7,NULL,NULL,68,5,'Perfect +++++++++ i love it really also i get to fast ticket answers... Thanks Lot BOTBLE Teams','published','2025-12-25 18:49:56','2025-12-25 18:49:56',NULL),(114,4,NULL,NULL,33,3,'Great E-commerce system. And much more : Wonderful Customer Support.','published','2025-12-25 18:49:56','2025-12-25 18:49:56',NULL),(115,8,NULL,NULL,59,1,'The best store template! Excellent coding! Very good support! Thank you so much for all the help, I really appreciated.','published','2025-12-25 18:49:56','2025-12-25 18:49:56',NULL),(116,10,NULL,NULL,45,4,'Great system, great support, good job Botble. I\'m looking forward to more great functional plugins.','published','2025-12-25 18:49:56','2025-12-25 18:49:56',NULL),(117,8,NULL,NULL,18,4,'Second or third time that I buy a Botble product, happy with the products and support. You guys do a good job :)','published','2025-12-25 18:49:56','2025-12-25 18:49:56',NULL),(118,10,NULL,NULL,60,1,'As a developer I reviewed this script. This is really awesome ecommerce script. I have convinced when I noticed that it\'s built on fully WordPress concept.','published','2025-12-25 18:49:56','2025-12-25 18:49:56',NULL),(119,2,NULL,NULL,74,3,'Cool template. Excellent code quality. The support responds very quickly, which is very rare on themeforest and codecanyon.net, I buy a lot of templates, and everyone will have a response from technical support for two or three days. Thanks to tech support. I recommend to buy.','published','2025-12-25 18:49:56','2025-12-25 18:49:56',NULL),(120,2,NULL,NULL,5,5,'The code is good, in general, if you like it, can you give it 5 stars?','published','2025-12-25 18:49:56','2025-12-25 18:49:56',NULL),(121,6,NULL,NULL,13,5,'Customer Support are grade (A*), however the code is a way too over engineered for it\'s purpose.','published','2025-12-25 18:49:56','2025-12-25 18:49:56',NULL),(122,9,NULL,NULL,44,3,'It\'s not my first experience here on Codecanyon and I can honestly tell you all that Botble puts a LOT of effort into the support. They answer so fast, they helped me tons of times. REALLY by far THE BEST EXPERIENCE on Codecanyon. Those guys at Botble are so good that they deserve 5 stars. I recommend them, I trust them and I can\'t wait to see what they will sell in a near future. Thank you Botble :)','published','2025-12-25 18:49:56','2025-12-25 18:49:56',NULL),(123,1,NULL,NULL,12,5,'The code is good, in general, if you like it, can you give it 5 stars?','published','2025-12-25 18:49:56','2025-12-25 18:49:56',NULL),(124,7,NULL,NULL,19,5,'Perfect +++++++++ i love it really also i get to fast ticket answers... Thanks Lot BOTBLE Teams','published','2025-12-25 18:49:56','2025-12-25 18:49:56',NULL),(125,7,NULL,NULL,55,1,'Second or third time that I buy a Botble product, happy with the products and support. You guys do a good job :)','published','2025-12-25 18:49:56','2025-12-25 18:49:56',NULL),(126,8,NULL,NULL,32,5,'For me the best eCommerce script on Envato at this moment: modern, clean code, a lot of great features. The customer support is great too: I always get an answer within hours!','published','2025-12-25 18:49:56','2025-12-25 18:49:56',NULL),(127,7,NULL,NULL,69,2,'This web app is really good in design, code quality & features. Besides, the customer support provided by the Botble team was really fast & helpful. You guys are awesome!','published','2025-12-25 18:49:56','2025-12-25 18:49:56',NULL),(128,9,NULL,NULL,39,4,'Ok good product. I have some issues in customizations. But its not correct to blame the developer. The product is good. Good luck for your business.','published','2025-12-25 18:49:56','2025-12-25 18:49:56',NULL),(129,2,NULL,NULL,62,3,'I Love this Script. I also found how to add other fees. Now I just wait the BIG update for the Marketplace with the Bulk Import. Just do not forget to make it to be Multi-language for us the Botble Fans.','published','2025-12-25 18:49:56','2025-12-25 18:49:56',NULL),(130,7,NULL,NULL,44,5,'The best ecommerce CMS! Excellent coding! best support service! Thank you so much..... I really like your hard work.','published','2025-12-25 18:49:56','2025-12-25 18:49:56',NULL),(131,10,NULL,NULL,41,1,'We have received brilliant service support and will be expanding the features with the developer. Nice product!','published','2025-12-25 18:49:56','2025-12-25 18:49:56',NULL),(132,9,NULL,NULL,40,2,'The best ecommerce CMS! Excellent coding! best support service! Thank you so much..... I really like your hard work.','published','2025-12-25 18:49:56','2025-12-25 18:49:56',NULL),(133,2,NULL,NULL,14,5,'For me the best eCommerce script on Envato at this moment: modern, clean code, a lot of great features. The customer support is great too: I always get an answer within hours!','published','2025-12-25 18:49:56','2025-12-25 18:49:56',NULL),(134,5,NULL,NULL,71,4,'Very enthusiastic support! Excellent code is written. It\'s a true pleasure working with.','published','2025-12-25 18:49:56','2025-12-25 18:49:56',NULL),(135,8,NULL,NULL,8,1,'This script is well coded and is super fast. The support is pretty quick. Very patient and helpful team. I strongly recommend it and they deserve more than 5 stars.','published','2025-12-25 18:49:56','2025-12-25 18:49:56',NULL),(136,6,NULL,NULL,54,1,'The best ecommerce CMS! Excellent coding! best support service! Thank you so much..... I really like your hard work.','published','2025-12-25 18:49:56','2025-12-25 18:49:56',NULL),(137,10,NULL,NULL,36,1,'It\'s not my first experience here on Codecanyon and I can honestly tell you all that Botble puts a LOT of effort into the support. They answer so fast, they helped me tons of times. REALLY by far THE BEST EXPERIENCE on Codecanyon. Those guys at Botble are so good that they deserve 5 stars. I recommend them, I trust them and I can\'t wait to see what they will sell in a near future. Thank you Botble :)','published','2025-12-25 18:49:56','2025-12-25 18:49:56',NULL),(138,2,NULL,NULL,31,2,'Perfect +++++++++ i love it really also i get to fast ticket answers... Thanks Lot BOTBLE Teams','published','2025-12-25 18:49:56','2025-12-25 18:49:56',NULL),(139,9,NULL,NULL,34,4,'These guys are amazing! Responses immediately, amazing support and help... I immediately feel at ease after Purchasing..','published','2025-12-25 18:49:56','2025-12-25 18:49:56',NULL),(140,6,NULL,NULL,15,2,'Great E-commerce system. And much more : Wonderful Customer Support.','published','2025-12-25 18:49:56','2025-12-25 18:49:56',NULL),(141,5,NULL,NULL,36,1,'Perfect +++++++++ i love it really also i get to fast ticket answers... Thanks Lot BOTBLE Teams','published','2025-12-25 18:49:56','2025-12-25 18:49:56',NULL),(142,4,NULL,NULL,29,4,'It\'s not my first experience here on Codecanyon and I can honestly tell you all that Botble puts a LOT of effort into the support. They answer so fast, they helped me tons of times. REALLY by far THE BEST EXPERIENCE on Codecanyon. Those guys at Botble are so good that they deserve 5 stars. I recommend them, I trust them and I can\'t wait to see what they will sell in a near future. Thank you Botble :)','published','2025-12-25 18:49:56','2025-12-25 18:49:56',NULL),(143,5,NULL,NULL,37,1,'It\'s not my first experience here on Codecanyon and I can honestly tell you all that Botble puts a LOT of effort into the support. They answer so fast, they helped me tons of times. REALLY by far THE BEST EXPERIENCE on Codecanyon. Those guys at Botble are so good that they deserve 5 stars. I recommend them, I trust them and I can\'t wait to see what they will sell in a near future. Thank you Botble :)','published','2025-12-25 18:49:56','2025-12-25 18:49:56',NULL),(144,1,NULL,NULL,69,3,'The code is good, in general, if you like it, can you give it 5 stars?','published','2025-12-25 18:49:56','2025-12-25 18:49:56',NULL),(145,10,NULL,NULL,39,1,'Clean & perfect source code','published','2025-12-25 18:49:56','2025-12-25 18:49:56',NULL),(146,1,NULL,NULL,4,5,'Ok good product. I have some issues in customizations. But its not correct to blame the developer. The product is good. Good luck for your business.','published','2025-12-25 18:49:56','2025-12-25 18:49:56',NULL),(147,2,NULL,NULL,53,2,'Great E-commerce system. And much more : Wonderful Customer Support.','published','2025-12-25 18:49:56','2025-12-25 18:49:56',NULL),(148,10,NULL,NULL,42,3,'Amazing code, amazing support. Overall, im really confident in Botble and im happy I made the right choice! Thank you so much guys for coding this masterpiece','published','2025-12-25 18:49:56','2025-12-25 18:49:56',NULL),(149,8,NULL,NULL,40,3,'As a developer I reviewed this script. This is really awesome ecommerce script. I have convinced when I noticed that it\'s built on fully WordPress concept.','published','2025-12-25 18:49:56','2025-12-25 18:49:56',NULL),(150,7,NULL,NULL,67,3,'The code is good, in general, if you like it, can you give it 5 stars?','published','2025-12-25 18:49:56','2025-12-25 18:49:56',NULL),(151,5,NULL,NULL,35,4,'Very enthusiastic support! Excellent code is written. It\'s a true pleasure working with.','published','2025-12-25 18:49:56','2025-12-25 18:49:56',NULL),(152,10,NULL,NULL,25,1,'This web app is really good in design, code quality & features. Besides, the customer support provided by the Botble team was really fast & helpful. You guys are awesome!','published','2025-12-25 18:49:56','2025-12-25 18:49:56',NULL),(153,5,NULL,NULL,23,1,'This web app is really good in design, code quality & features. Besides, the customer support provided by the Botble team was really fast & helpful. You guys are awesome!','published','2025-12-25 18:49:56','2025-12-25 18:49:56',NULL),(154,7,NULL,NULL,2,1,'Clean & perfect source code','published','2025-12-25 18:49:56','2025-12-25 18:49:56',NULL),(155,8,NULL,NULL,65,4,'Great E-commerce system. And much more : Wonderful Customer Support.','published','2025-12-25 18:49:56','2025-12-25 18:49:56',NULL),(156,3,NULL,NULL,54,5,'This web app is really good in design, code quality & features. Besides, the customer support provided by the Botble team was really fast & helpful. You guys are awesome!','published','2025-12-25 18:49:56','2025-12-25 18:49:56',NULL),(157,9,NULL,NULL,28,5,'The code is good, in general, if you like it, can you give it 5 stars?','published','2025-12-25 18:49:56','2025-12-25 18:49:56',NULL),(158,1,NULL,NULL,46,1,'This web app is really good in design, code quality & features. Besides, the customer support provided by the Botble team was really fast & helpful. You guys are awesome!','published','2025-12-25 18:49:56','2025-12-25 18:49:56',NULL),(159,1,NULL,NULL,59,3,'I Love this Script. I also found how to add other fees. Now I just wait the BIG update for the Marketplace with the Bulk Import. Just do not forget to make it to be Multi-language for us the Botble Fans.','published','2025-12-25 18:49:56','2025-12-25 18:49:56',NULL),(160,3,NULL,NULL,45,2,'Good app, good backup service and support. Good documentation.','published','2025-12-25 18:49:56','2025-12-25 18:49:56',NULL),(161,8,NULL,NULL,69,3,'I Love this Script. I also found how to add other fees. Now I just wait the BIG update for the Marketplace with the Bulk Import. Just do not forget to make it to be Multi-language for us the Botble Fans.','published','2025-12-25 18:49:56','2025-12-25 18:49:56',NULL),(162,6,NULL,NULL,37,4,'Great system, great support, good job Botble. I\'m looking forward to more great functional plugins.','published','2025-12-25 18:49:56','2025-12-25 18:49:56',NULL),(163,1,NULL,NULL,68,5,'Best ecommerce CMS online store!','published','2025-12-25 18:49:56','2025-12-25 18:49:56',NULL),(164,6,NULL,NULL,28,5,'Second or third time that I buy a Botble product, happy with the products and support. You guys do a good job :)','published','2025-12-25 18:49:56','2025-12-25 18:49:56',NULL),(165,1,NULL,NULL,47,4,'Ok good product. I have some issues in customizations. But its not correct to blame the developer. The product is good. Good luck for your business.','published','2025-12-25 18:49:56','2025-12-25 18:49:56',NULL),(166,3,NULL,NULL,55,2,'Best ecommerce CMS online store!','published','2025-12-25 18:49:56','2025-12-25 18:49:56',NULL),(167,5,NULL,NULL,17,5,'Second or third time that I buy a Botble product, happy with the products and support. You guys do a good job :)','published','2025-12-25 18:49:56','2025-12-25 18:49:56',NULL),(168,4,NULL,NULL,24,5,'Great system, great support, good job Botble. I\'m looking forward to more great functional plugins.','published','2025-12-25 18:49:56','2025-12-25 18:49:56',NULL),(169,7,NULL,NULL,41,4,'Great system, great support, good job Botble. I\'m looking forward to more great functional plugins.','published','2025-12-25 18:49:56','2025-12-25 18:49:56',NULL),(170,1,NULL,NULL,72,3,'Solution is too robust for our purpose so we didn\'t use it at the end. But I appreciate customer support during initial configuration.','published','2025-12-25 18:49:56','2025-12-25 18:49:56',NULL),(171,4,NULL,NULL,62,1,'Amazing code, amazing support. Overall, im really confident in Botble and im happy I made the right choice! Thank you so much guys for coding this masterpiece','published','2025-12-25 18:49:56','2025-12-25 18:49:56',NULL),(172,1,NULL,NULL,26,3,'Those guys now what they are doing, the release such a good product that it\'s a pleasure to work with ! Even when I was stuck on the project, I created a ticket and the next day it was replied by the team. GOOD JOB guys. I love working with them :)','published','2025-12-25 18:49:56','2025-12-25 18:49:56',NULL),(173,4,NULL,NULL,3,2,'We have received brilliant service support and will be expanding the features with the developer. Nice product!','published','2025-12-25 18:49:56','2025-12-25 18:49:56',NULL),(174,1,NULL,NULL,41,4,'These guys are amazing! Responses immediately, amazing support and help... I immediately feel at ease after Purchasing..','published','2025-12-25 18:49:56','2025-12-25 18:49:56',NULL),(175,2,NULL,NULL,29,1,'Second or third time that I buy a Botble product, happy with the products and support. You guys do a good job :)','published','2025-12-25 18:49:56','2025-12-25 18:49:56',NULL),(176,1,NULL,NULL,51,3,'Ok good product. I have some issues in customizations. But its not correct to blame the developer. The product is good. Good luck for your business.','published','2025-12-25 18:49:56','2025-12-25 18:49:56',NULL),(177,9,NULL,NULL,46,5,'The code is good, in general, if you like it, can you give it 5 stars?','published','2025-12-25 18:49:56','2025-12-25 18:49:56',NULL),(178,8,NULL,NULL,26,3,'The code is good, in general, if you like it, can you give it 5 stars?','published','2025-12-25 18:49:56','2025-12-25 18:49:56',NULL),(179,3,NULL,NULL,15,5,'It\'s not my first experience here on Codecanyon and I can honestly tell you all that Botble puts a LOT of effort into the support. They answer so fast, they helped me tons of times. REALLY by far THE BEST EXPERIENCE on Codecanyon. Those guys at Botble are so good that they deserve 5 stars. I recommend them, I trust them and I can\'t wait to see what they will sell in a near future. Thank you Botble :)','published','2025-12-25 18:49:56','2025-12-25 18:49:56',NULL),(180,6,NULL,NULL,53,4,'These guys are amazing! Responses immediately, amazing support and help... I immediately feel at ease after Purchasing..','published','2025-12-25 18:49:56','2025-12-25 18:49:56',NULL),(181,9,NULL,NULL,17,2,'Customer Support are grade (A*), however the code is a way too over engineered for it\'s purpose.','published','2025-12-25 18:49:56','2025-12-25 18:49:56',NULL),(182,4,NULL,NULL,60,1,'For me the best eCommerce script on Envato at this moment: modern, clean code, a lot of great features. The customer support is great too: I always get an answer within hours!','published','2025-12-25 18:49:56','2025-12-25 18:49:56',NULL),(183,6,NULL,NULL,60,1,'Perfect +++++++++ i love it really also i get to fast ticket answers... Thanks Lot BOTBLE Teams','published','2025-12-25 18:49:56','2025-12-25 18:49:56',NULL),(184,3,NULL,NULL,10,5,'I Love this Script. I also found how to add other fees. Now I just wait the BIG update for the Marketplace with the Bulk Import. Just do not forget to make it to be Multi-language for us the Botble Fans.','published','2025-12-25 18:49:56','2025-12-25 18:49:56',NULL),(185,5,NULL,NULL,51,1,'The code is good, in general, if you like it, can you give it 5 stars?','published','2025-12-25 18:49:56','2025-12-25 18:49:56',NULL),(186,8,NULL,NULL,11,4,'Perfect +++++++++ i love it really also i get to fast ticket answers... Thanks Lot BOTBLE Teams','published','2025-12-25 18:49:56','2025-12-25 18:49:56',NULL),(187,9,NULL,NULL,2,1,'Customer Support are grade (A*), however the code is a way too over engineered for it\'s purpose.','published','2025-12-25 18:49:56','2025-12-25 18:49:56',NULL),(188,9,NULL,NULL,72,4,'Clean & perfect source code','published','2025-12-25 18:49:56','2025-12-25 18:49:56',NULL),(189,5,NULL,NULL,16,5,'Second or third time that I buy a Botble product, happy with the products and support. You guys do a good job :)','published','2025-12-25 18:49:56','2025-12-25 18:49:56',NULL),(190,9,NULL,NULL,1,3,'Best ecommerce CMS online store!','published','2025-12-25 18:49:56','2025-12-25 18:49:56',NULL),(191,1,NULL,NULL,58,5,'The best store template! Excellent coding! Very good support! Thank you so much for all the help, I really appreciated.','published','2025-12-25 18:49:56','2025-12-25 18:49:56',NULL),(192,3,NULL,NULL,51,5,'Second or third time that I buy a Botble product, happy with the products and support. You guys do a good job :)','published','2025-12-25 18:49:56','2025-12-25 18:49:56',NULL),(193,5,NULL,NULL,43,2,'This web app is really good in design, code quality & features. Besides, the customer support provided by the Botble team was really fast & helpful. You guys are awesome!','published','2025-12-25 18:49:56','2025-12-25 18:49:56',NULL),(194,8,NULL,NULL,57,3,'Great E-commerce system. And much more : Wonderful Customer Support.','published','2025-12-25 18:49:56','2025-12-25 18:49:56',NULL),(195,3,NULL,NULL,74,1,'The best store template! Excellent coding! Very good support! Thank you so much for all the help, I really appreciated.','published','2025-12-25 18:49:56','2025-12-25 18:49:56',NULL),(196,5,NULL,NULL,68,4,'The best ecommerce CMS! Excellent coding! best support service! Thank you so much..... I really like your hard work.','published','2025-12-25 18:49:56','2025-12-25 18:49:56',NULL),(197,4,NULL,NULL,50,5,'The best ecommerce CMS! Excellent coding! best support service! Thank you so much..... I really like your hard work.','published','2025-12-25 18:49:56','2025-12-25 18:49:56',NULL),(198,9,NULL,NULL,68,2,'This script is well coded and is super fast. The support is pretty quick. Very patient and helpful team. I strongly recommend it and they deserve more than 5 stars.','published','2025-12-25 18:49:56','2025-12-25 18:49:56',NULL),(199,5,NULL,NULL,57,4,'The best ecommerce CMS! Excellent coding! best support service! Thank you so much..... I really like your hard work.','published','2025-12-25 18:49:56','2025-12-25 18:49:56',NULL),(200,3,NULL,NULL,9,5,'As a developer I reviewed this script. This is really awesome ecommerce script. I have convinced when I noticed that it\'s built on fully WordPress concept.','published','2025-12-25 18:49:56','2025-12-25 18:49:56',NULL),(201,3,NULL,NULL,16,3,'The code is good, in general, if you like it, can you give it 5 stars?','published','2025-12-25 18:49:56','2025-12-25 18:49:56',NULL),(202,7,NULL,NULL,13,5,'I Love this Script. I also found how to add other fees. Now I just wait the BIG update for the Marketplace with the Bulk Import. Just do not forget to make it to be Multi-language for us the Botble Fans.','published','2025-12-25 18:49:56','2025-12-25 18:49:56',NULL),(203,1,NULL,NULL,8,5,'The script is the best of its class, fast, easy to implement and work with , and the most important thing is the great support team , Recommend with no doubt.','published','2025-12-25 18:49:56','2025-12-25 18:49:56',NULL),(204,2,NULL,NULL,17,4,'The best store template! Excellent coding! Very good support! Thank you so much for all the help, I really appreciated.','published','2025-12-25 18:49:56','2025-12-25 18:49:56',NULL),(205,10,NULL,NULL,40,1,'Amazing code, amazing support. Overall, im really confident in Botble and im happy I made the right choice! Thank you so much guys for coding this masterpiece','published','2025-12-25 18:49:56','2025-12-25 18:49:56',NULL),(206,6,NULL,NULL,27,3,'It\'s not my first experience here on Codecanyon and I can honestly tell you all that Botble puts a LOT of effort into the support. They answer so fast, they helped me tons of times. REALLY by far THE BEST EXPERIENCE on Codecanyon. Those guys at Botble are so good that they deserve 5 stars. I recommend them, I trust them and I can\'t wait to see what they will sell in a near future. Thank you Botble :)','published','2025-12-25 18:49:56','2025-12-25 18:49:56',NULL),(207,5,NULL,NULL,61,4,'Second or third time that I buy a Botble product, happy with the products and support. You guys do a good job :)','published','2025-12-25 18:49:56','2025-12-25 18:49:56',NULL),(208,4,NULL,NULL,66,4,'Customer Support are grade (A*), however the code is a way too over engineered for it\'s purpose.','published','2025-12-25 18:49:56','2025-12-25 18:49:56',NULL),(209,7,NULL,NULL,61,2,'The code is good, in general, if you like it, can you give it 5 stars?','published','2025-12-25 18:49:56','2025-12-25 18:49:56',NULL),(210,1,NULL,NULL,2,1,'It\'s not my first experience here on Codecanyon and I can honestly tell you all that Botble puts a LOT of effort into the support. They answer so fast, they helped me tons of times. REALLY by far THE BEST EXPERIENCE on Codecanyon. Those guys at Botble are so good that they deserve 5 stars. I recommend them, I trust them and I can\'t wait to see what they will sell in a near future. Thank you Botble :)','published','2025-12-25 18:49:56','2025-12-25 18:49:56',NULL),(211,4,NULL,NULL,73,2,'Ok good product. I have some issues in customizations. But its not correct to blame the developer. The product is good. Good luck for your business.','published','2025-12-25 18:49:56','2025-12-25 18:49:56',NULL),(212,7,NULL,NULL,18,4,'The code is good, in general, if you like it, can you give it 5 stars?','published','2025-12-25 18:49:56','2025-12-25 18:49:56',NULL),(213,3,NULL,NULL,62,3,'Amazing code, amazing support. Overall, im really confident in Botble and im happy I made the right choice! Thank you so much guys for coding this masterpiece','published','2025-12-25 18:49:56','2025-12-25 18:49:56',NULL),(214,7,NULL,NULL,6,2,'Great E-commerce system. And much more : Wonderful Customer Support.','published','2025-12-25 18:49:56','2025-12-25 18:49:56',NULL),(215,9,NULL,NULL,4,5,'Those guys now what they are doing, the release such a good product that it\'s a pleasure to work with ! Even when I was stuck on the project, I created a ticket and the next day it was replied by the team. GOOD JOB guys. I love working with them :)','published','2025-12-25 18:49:56','2025-12-25 18:49:56',NULL),(216,8,NULL,NULL,47,5,'Best ecommerce CMS online store!','published','2025-12-25 18:49:56','2025-12-25 18:49:56',NULL),(217,4,NULL,NULL,1,4,'Customer Support are grade (A*), however the code is a way too over engineered for it\'s purpose.','published','2025-12-25 18:49:56','2025-12-25 18:49:56',NULL),(218,6,NULL,NULL,36,3,'For me the best eCommerce script on Envato at this moment: modern, clean code, a lot of great features. The customer support is great too: I always get an answer within hours!','published','2025-12-25 18:49:56','2025-12-25 18:49:56',NULL),(219,6,NULL,NULL,52,3,'Second or third time that I buy a Botble product, happy with the products and support. You guys do a good job :)','published','2025-12-25 18:49:56','2025-12-25 18:49:56',NULL),(220,2,NULL,NULL,50,4,'Ok good product. I have some issues in customizations. But its not correct to blame the developer. The product is good. Good luck for your business.','published','2025-12-25 18:49:56','2025-12-25 18:49:56',NULL),(221,9,NULL,NULL,55,3,'Good app, good backup service and support. Good documentation.','published','2025-12-25 18:49:56','2025-12-25 18:49:56',NULL),(222,10,NULL,NULL,58,4,'It\'s not my first experience here on Codecanyon and I can honestly tell you all that Botble puts a LOT of effort into the support. They answer so fast, they helped me tons of times. REALLY by far THE BEST EXPERIENCE on Codecanyon. Those guys at Botble are so good that they deserve 5 stars. I recommend them, I trust them and I can\'t wait to see what they will sell in a near future. Thank you Botble :)','published','2025-12-25 18:49:56','2025-12-25 18:49:56',NULL),(223,7,NULL,NULL,8,2,'Best ecommerce CMS online store!','published','2025-12-25 18:49:56','2025-12-25 18:49:56',NULL),(224,4,NULL,NULL,4,4,'Good app, good backup service and support. Good documentation.','published','2025-12-25 18:49:56','2025-12-25 18:49:56',NULL),(225,10,NULL,NULL,54,5,'We have received brilliant service support and will be expanding the features with the developer. Nice product!','published','2025-12-25 18:49:56','2025-12-25 18:49:56',NULL),(226,8,NULL,NULL,35,1,'We have received brilliant service support and will be expanding the features with the developer. Nice product!','published','2025-12-25 18:49:56','2025-12-25 18:49:56',NULL),(227,1,NULL,NULL,70,4,'We have received brilliant service support and will be expanding the features with the developer. Nice product!','published','2025-12-25 18:49:56','2025-12-25 18:49:56',NULL),(228,6,NULL,NULL,25,3,'Ok good product. I have some issues in customizations. But its not correct to blame the developer. The product is good. Good luck for your business.','published','2025-12-25 18:49:56','2025-12-25 18:49:56',NULL),(229,1,NULL,NULL,28,5,'The script is the best of its class, fast, easy to implement and work with , and the most important thing is the great support team , Recommend with no doubt.','published','2025-12-25 18:49:56','2025-12-25 18:49:56',NULL),(230,4,NULL,NULL,25,5,'Amazing code, amazing support. Overall, im really confident in Botble and im happy I made the right choice! Thank you so much guys for coding this masterpiece','published','2025-12-25 18:49:56','2025-12-25 18:49:56',NULL),(231,2,NULL,NULL,1,5,'Second or third time that I buy a Botble product, happy with the products and support. You guys do a good job :)','published','2025-12-25 18:49:56','2025-12-25 18:49:56',NULL),(232,8,NULL,NULL,16,5,'As a developer I reviewed this script. This is really awesome ecommerce script. I have convinced when I noticed that it\'s built on fully WordPress concept.','published','2025-12-25 18:49:56','2025-12-25 18:49:56',NULL),(233,2,NULL,NULL,52,5,'Second or third time that I buy a Botble product, happy with the products and support. You guys do a good job :)','published','2025-12-25 18:49:56','2025-12-25 18:49:56',NULL),(234,4,NULL,NULL,8,2,'Cool template. Excellent code quality. The support responds very quickly, which is very rare on themeforest and codecanyon.net, I buy a lot of templates, and everyone will have a response from technical support for two or three days. Thanks to tech support. I recommend to buy.','published','2025-12-25 18:49:56','2025-12-25 18:49:56',NULL),(235,6,NULL,NULL,23,2,'We have received brilliant service support and will be expanding the features with the developer. Nice product!','published','2025-12-25 18:49:56','2025-12-25 18:49:56',NULL),(236,7,NULL,NULL,51,1,'Those guys now what they are doing, the release such a good product that it\'s a pleasure to work with ! Even when I was stuck on the project, I created a ticket and the next day it was replied by the team. GOOD JOB guys. I love working with them :)','published','2025-12-25 18:49:56','2025-12-25 18:49:56',NULL),(237,5,NULL,NULL,70,5,'This script is well coded and is super fast. The support is pretty quick. Very patient and helpful team. I strongly recommend it and they deserve more than 5 stars.','published','2025-12-25 18:49:56','2025-12-25 18:49:56',NULL),(238,7,NULL,NULL,73,5,'Customer Support are grade (A*), however the code is a way too over engineered for it\'s purpose.','published','2025-12-25 18:49:56','2025-12-25 18:49:56',NULL),(239,6,NULL,NULL,72,3,'We have received brilliant service support and will be expanding the features with the developer. Nice product!','published','2025-12-25 18:49:56','2025-12-25 18:49:56',NULL),(240,9,NULL,NULL,56,3,'Best ecommerce CMS online store!','published','2025-12-25 18:49:56','2025-12-25 18:49:56',NULL),(241,6,NULL,NULL,17,5,'Solution is too robust for our purpose so we didn\'t use it at the end. But I appreciate customer support during initial configuration.','published','2025-12-25 18:49:56','2025-12-25 18:49:56',NULL),(242,2,NULL,NULL,34,4,'Very enthusiastic support! Excellent code is written. It\'s a true pleasure working with.','published','2025-12-25 18:49:56','2025-12-25 18:49:56',NULL),(243,8,NULL,NULL,55,4,'We have received brilliant service support and will be expanding the features with the developer. Nice product!','published','2025-12-25 18:49:56','2025-12-25 18:49:56',NULL),(244,7,NULL,NULL,43,4,'Second or third time that I buy a Botble product, happy with the products and support. You guys do a good job :)','published','2025-12-25 18:49:56','2025-12-25 18:49:56',NULL),(245,7,NULL,NULL,25,2,'This script is well coded and is super fast. The support is pretty quick. Very patient and helpful team. I strongly recommend it and they deserve more than 5 stars.','published','2025-12-25 18:49:56','2025-12-25 18:49:56',NULL),(246,4,NULL,NULL,38,3,'I Love this Script. I also found how to add other fees. Now I just wait the BIG update for the Marketplace with the Bulk Import. Just do not forget to make it to be Multi-language for us the Botble Fans.','published','2025-12-25 18:49:56','2025-12-25 18:49:56',NULL),(247,10,NULL,NULL,18,3,'Clean & perfect source code','published','2025-12-25 18:49:56','2025-12-25 18:49:56',NULL),(248,7,NULL,NULL,14,3,'It\'s not my first experience here on Codecanyon and I can honestly tell you all that Botble puts a LOT of effort into the support. They answer so fast, they helped me tons of times. REALLY by far THE BEST EXPERIENCE on Codecanyon. Those guys at Botble are so good that they deserve 5 stars. I recommend them, I trust them and I can\'t wait to see what they will sell in a near future. Thank you Botble :)','published','2025-12-25 18:49:56','2025-12-25 18:49:56',NULL),(249,6,NULL,NULL,71,4,'Great E-commerce system. And much more : Wonderful Customer Support.','published','2025-12-25 18:49:56','2025-12-25 18:49:56',NULL),(250,9,NULL,NULL,11,2,'Cool template. Excellent code quality. The support responds very quickly, which is very rare on themeforest and codecanyon.net, I buy a lot of templates, and everyone will have a response from technical support for two or three days. Thanks to tech support. I recommend to buy.','published','2025-12-25 18:49:56','2025-12-25 18:49:56',NULL),(251,9,NULL,NULL,3,3,'Best ecommerce CMS online store!','published','2025-12-25 18:49:56','2025-12-25 18:49:56',NULL),(252,5,NULL,NULL,44,3,'The script is the best of its class, fast, easy to implement and work with , and the most important thing is the great support team , Recommend with no doubt.','published','2025-12-25 18:49:56','2025-12-25 18:49:56',NULL),(253,1,NULL,NULL,11,5,'As a developer I reviewed this script. This is really awesome ecommerce script. I have convinced when I noticed that it\'s built on fully WordPress concept.','published','2025-12-25 18:49:56','2025-12-25 18:49:56',NULL),(254,9,NULL,NULL,8,4,'The script is the best of its class, fast, easy to implement and work with , and the most important thing is the great support team , Recommend with no doubt.','published','2025-12-25 18:49:56','2025-12-25 18:49:56',NULL),(255,4,NULL,NULL,49,5,'Cool template. Excellent code quality. The support responds very quickly, which is very rare on themeforest and codecanyon.net, I buy a lot of templates, and everyone will have a response from technical support for two or three days. Thanks to tech support. I recommend to buy.','published','2025-12-25 18:49:56','2025-12-25 18:49:56',NULL),(256,5,NULL,NULL,4,4,'Amazing code, amazing support. Overall, im really confident in Botble and im happy I made the right choice! Thank you so much guys for coding this masterpiece','published','2025-12-25 18:49:56','2025-12-25 18:49:56',NULL),(257,4,NULL,NULL,69,5,'As a developer I reviewed this script. This is really awesome ecommerce script. I have convinced when I noticed that it\'s built on fully WordPress concept.','published','2025-12-25 18:49:56','2025-12-25 18:49:56',NULL),(258,10,NULL,NULL,57,3,'Customer Support are grade (A*), however the code is a way too over engineered for it\'s purpose.','published','2025-12-25 18:49:56','2025-12-25 18:49:56',NULL),(259,7,NULL,NULL,12,2,'Cool template. Excellent code quality. The support responds very quickly, which is very rare on themeforest and codecanyon.net, I buy a lot of templates, and everyone will have a response from technical support for two or three days. Thanks to tech support. I recommend to buy.','published','2025-12-25 18:49:56','2025-12-25 18:49:56',NULL),(260,6,NULL,NULL,20,1,'As a developer I reviewed this script. This is really awesome ecommerce script. I have convinced when I noticed that it\'s built on fully WordPress concept.','published','2025-12-25 18:49:56','2025-12-25 18:49:56',NULL),(261,10,NULL,NULL,14,5,'It\'s not my first experience here on Codecanyon and I can honestly tell you all that Botble puts a LOT of effort into the support. They answer so fast, they helped me tons of times. REALLY by far THE BEST EXPERIENCE on Codecanyon. Those guys at Botble are so good that they deserve 5 stars. I recommend them, I trust them and I can\'t wait to see what they will sell in a near future. Thank you Botble :)','published','2025-12-25 18:49:56','2025-12-25 18:49:56',NULL),(262,4,NULL,NULL,56,5,'Those guys now what they are doing, the release such a good product that it\'s a pleasure to work with ! Even when I was stuck on the project, I created a ticket and the next day it was replied by the team. GOOD JOB guys. I love working with them :)','published','2025-12-25 18:49:56','2025-12-25 18:49:56',NULL),(263,1,NULL,NULL,40,2,'Great system, great support, good job Botble. I\'m looking forward to more great functional plugins.','published','2025-12-25 18:49:56','2025-12-25 18:49:56',NULL),(264,4,NULL,NULL,35,3,'This script is well coded and is super fast. The support is pretty quick. Very patient and helpful team. I strongly recommend it and they deserve more than 5 stars.','published','2025-12-25 18:49:56','2025-12-25 18:49:56',NULL),(265,9,NULL,NULL,20,4,'This script is well coded and is super fast. The support is pretty quick. Very patient and helpful team. I strongly recommend it and they deserve more than 5 stars.','published','2025-12-25 18:49:56','2025-12-25 18:49:56',NULL),(266,1,NULL,NULL,27,5,'Great E-commerce system. And much more : Wonderful Customer Support.','published','2025-12-25 18:49:56','2025-12-25 18:49:56',NULL),(267,8,NULL,NULL,71,1,'The best ecommerce CMS! Excellent coding! best support service! Thank you so much..... I really like your hard work.','published','2025-12-25 18:49:56','2025-12-25 18:49:56',NULL),(268,8,NULL,NULL,42,3,'The code is good, in general, if you like it, can you give it 5 stars?','published','2025-12-25 18:49:56','2025-12-25 18:49:56',NULL),(269,4,NULL,NULL,71,1,'I Love this Script. I also found how to add other fees. Now I just wait the BIG update for the Marketplace with the Bulk Import. Just do not forget to make it to be Multi-language for us the Botble Fans.','published','2025-12-25 18:49:56','2025-12-25 18:49:56',NULL),(270,6,NULL,NULL,43,5,'Cool template. Excellent code quality. The support responds very quickly, which is very rare on themeforest and codecanyon.net, I buy a lot of templates, and everyone will have a response from technical support for two or three days. Thanks to tech support. I recommend to buy.','published','2025-12-25 18:49:56','2025-12-25 18:49:56',NULL),(271,2,NULL,NULL,73,4,'These guys are amazing! Responses immediately, amazing support and help... I immediately feel at ease after Purchasing..','published','2025-12-25 18:49:56','2025-12-25 18:49:56',NULL),(272,10,NULL,NULL,30,3,'Very enthusiastic support! Excellent code is written. It\'s a true pleasure working with.','published','2025-12-25 18:49:56','2025-12-25 18:49:56',NULL),(273,2,NULL,NULL,15,4,'The best store template! Excellent coding! Very good support! Thank you so much for all the help, I really appreciated.','published','2025-12-25 18:49:56','2025-12-25 18:49:56',NULL),(274,6,NULL,NULL,46,4,'The best store template! Excellent coding! Very good support! Thank you so much for all the help, I really appreciated.','published','2025-12-25 18:49:56','2025-12-25 18:49:56',NULL),(275,6,NULL,NULL,32,2,'Very enthusiastic support! Excellent code is written. It\'s a true pleasure working with.','published','2025-12-25 18:49:56','2025-12-25 18:49:56',NULL),(276,9,NULL,NULL,6,3,'These guys are amazing! Responses immediately, amazing support and help... I immediately feel at ease after Purchasing..','published','2025-12-25 18:49:56','2025-12-25 18:49:56',NULL),(277,8,NULL,NULL,64,5,'This script is well coded and is super fast. The support is pretty quick. Very patient and helpful team. I strongly recommend it and they deserve more than 5 stars.','published','2025-12-25 18:49:56','2025-12-25 18:49:56',NULL),(278,7,NULL,NULL,52,1,'Customer Support are grade (A*), however the code is a way too over engineered for it\'s purpose.','published','2025-12-25 18:49:56','2025-12-25 18:49:56',NULL),(279,8,NULL,NULL,48,3,'Great E-commerce system. And much more : Wonderful Customer Support.','published','2025-12-25 18:49:56','2025-12-25 18:49:56',NULL),(280,10,NULL,NULL,5,2,'Second or third time that I buy a Botble product, happy with the products and support. You guys do a good job :)','published','2025-12-25 18:49:56','2025-12-25 18:49:56',NULL),(281,10,NULL,NULL,16,3,'Ok good product. I have some issues in customizations. But its not correct to blame the developer. The product is good. Good luck for your business.','published','2025-12-25 18:49:56','2025-12-25 18:49:56',NULL),(282,3,NULL,NULL,73,4,'Good app, good backup service and support. Good documentation.','published','2025-12-25 18:49:56','2025-12-25 18:49:56',NULL),(283,9,NULL,NULL,50,4,'These guys are amazing! Responses immediately, amazing support and help... I immediately feel at ease after Purchasing..','published','2025-12-25 18:49:56','2025-12-25 18:49:56',NULL),(284,9,NULL,NULL,57,2,'The code is good, in general, if you like it, can you give it 5 stars?','published','2025-12-25 18:49:56','2025-12-25 18:49:56',NULL),(285,7,NULL,NULL,11,2,'Great E-commerce system. And much more : Wonderful Customer Support.','published','2025-12-25 18:49:56','2025-12-25 18:49:56',NULL),(286,5,NULL,NULL,18,1,'Perfect +++++++++ i love it really also i get to fast ticket answers... Thanks Lot BOTBLE Teams','published','2025-12-25 18:49:56','2025-12-25 18:49:56',NULL),(287,9,NULL,NULL,66,4,'Best ecommerce CMS online store!','published','2025-12-25 18:49:56','2025-12-25 18:49:56',NULL),(288,1,NULL,NULL,52,3,'The script is the best of its class, fast, easy to implement and work with , and the most important thing is the great support team , Recommend with no doubt.','published','2025-12-25 18:49:56','2025-12-25 18:49:56',NULL),(289,6,NULL,NULL,50,5,'For me the best eCommerce script on Envato at this moment: modern, clean code, a lot of great features. The customer support is great too: I always get an answer within hours!','published','2025-12-25 18:49:56','2025-12-25 18:49:56',NULL),(290,6,NULL,NULL,68,3,'These guys are amazing! Responses immediately, amazing support and help... I immediately feel at ease after Purchasing..','published','2025-12-25 18:49:56','2025-12-25 18:49:56',NULL),(291,9,NULL,NULL,19,5,'As a developer I reviewed this script. This is really awesome ecommerce script. I have convinced when I noticed that it\'s built on fully WordPress concept.','published','2025-12-25 18:49:56','2025-12-25 18:49:56',NULL),(292,10,NULL,NULL,46,1,'The script is the best of its class, fast, easy to implement and work with , and the most important thing is the great support team , Recommend with no doubt.','published','2025-12-25 18:49:56','2025-12-25 18:49:56',NULL),(293,4,NULL,NULL,72,5,'Amazing code, amazing support. Overall, im really confident in Botble and im happy I made the right choice! Thank you so much guys for coding this masterpiece','published','2025-12-25 18:49:56','2025-12-25 18:49:56',NULL),(294,7,NULL,NULL,32,1,'The code is good, in general, if you like it, can you give it 5 stars?','published','2025-12-25 18:49:56','2025-12-25 18:49:56',NULL),(295,8,NULL,NULL,38,3,'As a developer I reviewed this script. This is really awesome ecommerce script. I have convinced when I noticed that it\'s built on fully WordPress concept.','published','2025-12-25 18:49:56','2025-12-25 18:49:56',NULL),(296,5,NULL,NULL,1,5,'Good app, good backup service and support. Good documentation.','published','2025-12-25 18:49:56','2025-12-25 18:49:56',NULL),(297,3,NULL,NULL,40,1,'Clean & perfect source code','published','2025-12-25 18:49:56','2025-12-25 18:49:56',NULL),(298,3,NULL,NULL,5,3,'Clean & perfect source code','published','2025-12-25 18:49:56','2025-12-25 18:49:56',NULL),(299,8,NULL,NULL,37,5,'Clean & perfect source code','published','2025-12-25 18:49:56','2025-12-25 18:49:56',NULL),(300,5,NULL,NULL,42,4,'Clean & perfect source code','published','2025-12-25 18:49:56','2025-12-25 18:49:56',NULL),(301,8,NULL,NULL,33,2,'As a developer I reviewed this script. This is really awesome ecommerce script. I have convinced when I noticed that it\'s built on fully WordPress concept.','published','2025-12-25 18:49:56','2025-12-25 18:49:56',NULL),(302,3,NULL,NULL,27,1,'The best ecommerce CMS! Excellent coding! best support service! Thank you so much..... I really like your hard work.','published','2025-12-25 18:49:56','2025-12-25 18:49:56',NULL),(303,3,NULL,NULL,36,5,'Good app, good backup service and support. Good documentation.','published','2025-12-25 18:49:56','2025-12-25 18:49:56',NULL),(304,2,NULL,NULL,10,5,'Great E-commerce system. And much more : Wonderful Customer Support.','published','2025-12-25 18:49:56','2025-12-25 18:49:56',NULL),(305,7,NULL,NULL,17,1,'Clean & perfect source code','published','2025-12-25 18:49:56','2025-12-25 18:49:56',NULL),(306,4,NULL,NULL,64,1,'Good app, good backup service and support. Good documentation.','published','2025-12-25 18:49:56','2025-12-25 18:49:56',NULL),(307,6,NULL,NULL,22,5,'The best ecommerce CMS! Excellent coding! best support service! Thank you so much..... I really like your hard work.','published','2025-12-25 18:49:56','2025-12-25 18:49:56',NULL),(308,2,NULL,NULL,6,4,'The best store template! Excellent coding! Very good support! Thank you so much for all the help, I really appreciated.','published','2025-12-25 18:49:56','2025-12-25 18:49:56',NULL),(309,8,NULL,NULL,62,4,'This script is well coded and is super fast. The support is pretty quick. Very patient and helpful team. I strongly recommend it and they deserve more than 5 stars.','published','2025-12-25 18:49:56','2025-12-25 18:49:56',NULL),(310,4,NULL,NULL,51,4,'Great system, great support, good job Botble. I\'m looking forward to more great functional plugins.','published','2025-12-25 18:49:56','2025-12-25 18:49:56',NULL),(311,8,NULL,NULL,73,4,'Solution is too robust for our purpose so we didn\'t use it at the end. But I appreciate customer support during initial configuration.','published','2025-12-25 18:49:56','2025-12-25 18:49:56',NULL),(312,4,NULL,NULL,53,1,'Great system, great support, good job Botble. I\'m looking forward to more great functional plugins.','published','2025-12-25 18:49:56','2025-12-25 18:49:56',NULL),(313,6,NULL,NULL,33,2,'I Love this Script. I also found how to add other fees. Now I just wait the BIG update for the Marketplace with the Bulk Import. Just do not forget to make it to be Multi-language for us the Botble Fans.','published','2025-12-25 18:49:56','2025-12-25 18:49:56',NULL),(314,7,NULL,NULL,56,3,'This script is well coded and is super fast. The support is pretty quick. Very patient and helpful team. I strongly recommend it and they deserve more than 5 stars.','published','2025-12-25 18:49:56','2025-12-25 18:49:56',NULL),(315,7,NULL,NULL,58,2,'Ok good product. I have some issues in customizations. But its not correct to blame the developer. The product is good. Good luck for your business.','published','2025-12-25 18:49:56','2025-12-25 18:49:56',NULL),(316,6,NULL,NULL,57,5,'Those guys now what they are doing, the release such a good product that it\'s a pleasure to work with ! Even when I was stuck on the project, I created a ticket and the next day it was replied by the team. GOOD JOB guys. I love working with them :)','published','2025-12-25 18:49:56','2025-12-25 18:49:56',NULL),(317,7,NULL,NULL,59,3,'Solution is too robust for our purpose so we didn\'t use it at the end. But I appreciate customer support during initial configuration.','published','2025-12-25 18:49:56','2025-12-25 18:49:56',NULL),(318,1,NULL,NULL,37,2,'Second or third time that I buy a Botble product, happy with the products and support. You guys do a good job :)','published','2025-12-25 18:49:56','2025-12-25 18:49:56',NULL),(319,3,NULL,NULL,30,3,'The script is the best of its class, fast, easy to implement and work with , and the most important thing is the great support team , Recommend with no doubt.','published','2025-12-25 18:49:56','2025-12-25 18:49:56',NULL),(320,10,NULL,NULL,4,2,'Clean & perfect source code','published','2025-12-25 18:49:56','2025-12-25 18:49:56',NULL),(321,7,NULL,NULL,34,4,'Great E-commerce system. And much more : Wonderful Customer Support.','published','2025-12-25 18:49:56','2025-12-25 18:49:56',NULL),(322,1,NULL,NULL,14,1,'We have received brilliant service support and will be expanding the features with the developer. Nice product!','published','2025-12-25 18:49:56','2025-12-25 18:49:56',NULL),(323,3,NULL,NULL,57,4,'The code is good, in general, if you like it, can you give it 5 stars?','published','2025-12-25 18:49:56','2025-12-25 18:49:56',NULL),(324,6,NULL,NULL,11,3,'Good app, good backup service and support. Good documentation.','published','2025-12-25 18:49:57','2025-12-25 18:49:57',NULL),(325,3,NULL,NULL,43,3,'Great system, great support, good job Botble. I\'m looking forward to more great functional plugins.','published','2025-12-25 18:49:57','2025-12-25 18:49:57',NULL),(326,9,NULL,NULL,27,3,'Those guys now what they are doing, the release such a good product that it\'s a pleasure to work with ! Even when I was stuck on the project, I created a ticket and the next day it was replied by the team. GOOD JOB guys. I love working with them :)','published','2025-12-25 18:49:57','2025-12-25 18:49:57',NULL),(327,7,NULL,NULL,64,2,'These guys are amazing! Responses immediately, amazing support and help... I immediately feel at ease after Purchasing..','published','2025-12-25 18:49:57','2025-12-25 18:49:57',NULL),(328,10,NULL,NULL,32,5,'As a developer I reviewed this script. This is really awesome ecommerce script. I have convinced when I noticed that it\'s built on fully WordPress concept.','published','2025-12-25 18:49:57','2025-12-25 18:49:57',NULL),(329,9,NULL,NULL,71,4,'This web app is really good in design, code quality & features. Besides, the customer support provided by the Botble team was really fast & helpful. You guys are awesome!','published','2025-12-25 18:49:57','2025-12-25 18:49:57',NULL),(330,3,NULL,NULL,59,5,'Great system, great support, good job Botble. I\'m looking forward to more great functional plugins.','published','2025-12-25 18:49:57','2025-12-25 18:49:57',NULL),(331,6,NULL,NULL,64,4,'Best ecommerce CMS online store!','published','2025-12-25 18:49:57','2025-12-25 18:49:57',NULL),(332,7,NULL,NULL,36,3,'Second or third time that I buy a Botble product, happy with the products and support. You guys do a good job :)','published','2025-12-25 18:49:57','2025-12-25 18:49:57',NULL),(333,5,NULL,NULL,3,2,'This web app is really good in design, code quality & features. Besides, the customer support provided by the Botble team was really fast & helpful. You guys are awesome!','published','2025-12-25 18:49:57','2025-12-25 18:49:57',NULL),(334,8,NULL,NULL,15,3,'These guys are amazing! Responses immediately, amazing support and help... I immediately feel at ease after Purchasing..','published','2025-12-25 18:49:57','2025-12-25 18:49:57',NULL),(335,1,NULL,NULL,17,5,'I Love this Script. I also found how to add other fees. Now I just wait the BIG update for the Marketplace with the Bulk Import. Just do not forget to make it to be Multi-language for us the Botble Fans.','published','2025-12-25 18:49:57','2025-12-25 18:49:57',NULL),(336,3,NULL,NULL,38,1,'Second or third time that I buy a Botble product, happy with the products and support. You guys do a good job :)','published','2025-12-25 18:49:57','2025-12-25 18:49:57',NULL),(337,4,NULL,NULL,19,2,'Those guys now what they are doing, the release such a good product that it\'s a pleasure to work with ! Even when I was stuck on the project, I created a ticket and the next day it was replied by the team. GOOD JOB guys. I love working with them :)','published','2025-12-25 18:49:57','2025-12-25 18:49:57',NULL),(338,1,NULL,NULL,48,1,'Great system, great support, good job Botble. I\'m looking forward to more great functional plugins.','published','2025-12-25 18:49:57','2025-12-25 18:49:57',NULL),(339,10,NULL,NULL,23,3,'The script is the best of its class, fast, easy to implement and work with , and the most important thing is the great support team , Recommend with no doubt.','published','2025-12-25 18:49:57','2025-12-25 18:49:57',NULL),(340,8,NULL,NULL,50,3,'Good app, good backup service and support. Good documentation.','published','2025-12-25 18:49:57','2025-12-25 18:49:57',NULL),(341,2,NULL,NULL,33,1,'This script is well coded and is super fast. The support is pretty quick. Very patient and helpful team. I strongly recommend it and they deserve more than 5 stars.','published','2025-12-25 18:49:57','2025-12-25 18:49:57',NULL),(342,7,NULL,NULL,27,2,'We have received brilliant service support and will be expanding the features with the developer. Nice product!','published','2025-12-25 18:49:57','2025-12-25 18:49:57',NULL),(343,6,NULL,NULL,18,4,'The best ecommerce CMS! Excellent coding! best support service! Thank you so much..... I really like your hard work.','published','2025-12-25 18:49:57','2025-12-25 18:49:57',NULL),(344,6,NULL,NULL,26,2,'Second or third time that I buy a Botble product, happy with the products and support. You guys do a good job :)','published','2025-12-25 18:49:57','2025-12-25 18:49:57',NULL),(345,8,NULL,NULL,74,4,'Those guys now what they are doing, the release such a good product that it\'s a pleasure to work with ! Even when I was stuck on the project, I created a ticket and the next day it was replied by the team. GOOD JOB guys. I love working with them :)','published','2025-12-25 18:49:57','2025-12-25 18:49:57',NULL),(346,1,NULL,NULL,42,2,'Those guys now what they are doing, the release such a good product that it\'s a pleasure to work with ! Even when I was stuck on the project, I created a ticket and the next day it was replied by the team. GOOD JOB guys. I love working with them :)','published','2025-12-25 18:49:57','2025-12-25 18:49:57',NULL),(347,9,NULL,NULL,23,1,'It\'s not my first experience here on Codecanyon and I can honestly tell you all that Botble puts a LOT of effort into the support. They answer so fast, they helped me tons of times. REALLY by far THE BEST EXPERIENCE on Codecanyon. Those guys at Botble are so good that they deserve 5 stars. I recommend them, I trust them and I can\'t wait to see what they will sell in a near future. Thank you Botble :)','published','2025-12-25 18:49:57','2025-12-25 18:49:57',NULL),(348,2,NULL,NULL,54,5,'I Love this Script. I also found how to add other fees. Now I just wait the BIG update for the Marketplace with the Bulk Import. Just do not forget to make it to be Multi-language for us the Botble Fans.','published','2025-12-25 18:49:57','2025-12-25 18:49:57',NULL),(349,8,NULL,NULL,45,2,'These guys are amazing! Responses immediately, amazing support and help... I immediately feel at ease after Purchasing..','published','2025-12-25 18:49:57','2025-12-25 18:49:57',NULL),(350,8,NULL,NULL,66,1,'Cool template. Excellent code quality. The support responds very quickly, which is very rare on themeforest and codecanyon.net, I buy a lot of templates, and everyone will have a response from technical support for two or three days. Thanks to tech support. I recommend to buy.','published','2025-12-25 18:49:57','2025-12-25 18:49:57',NULL),(351,8,NULL,NULL,44,1,'For me the best eCommerce script on Envato at this moment: modern, clean code, a lot of great features. The customer support is great too: I always get an answer within hours!','published','2025-12-25 18:49:57','2025-12-25 18:49:57',NULL),(352,5,NULL,NULL,7,1,'For me the best eCommerce script on Envato at this moment: modern, clean code, a lot of great features. The customer support is great too: I always get an answer within hours!','published','2025-12-25 18:49:57','2025-12-25 18:49:57',NULL),(353,4,NULL,NULL,36,2,'It\'s not my first experience here on Codecanyon and I can honestly tell you all that Botble puts a LOT of effort into the support. They answer so fast, they helped me tons of times. REALLY by far THE BEST EXPERIENCE on Codecanyon. Those guys at Botble are so good that they deserve 5 stars. I recommend them, I trust them and I can\'t wait to see what they will sell in a near future. Thank you Botble :)','published','2025-12-25 18:49:57','2025-12-25 18:49:57',NULL),(354,8,NULL,NULL,13,1,'As a developer I reviewed this script. This is really awesome ecommerce script. I have convinced when I noticed that it\'s built on fully WordPress concept.','published','2025-12-25 18:49:57','2025-12-25 18:49:57',NULL),(355,3,NULL,NULL,72,4,'Great system, great support, good job Botble. I\'m looking forward to more great functional plugins.','published','2025-12-25 18:49:57','2025-12-25 18:49:57',NULL),(356,9,NULL,NULL,63,2,'The script is the best of its class, fast, easy to implement and work with , and the most important thing is the great support team , Recommend with no doubt.','published','2025-12-25 18:49:57','2025-12-25 18:49:57',NULL),(357,6,NULL,NULL,14,2,'Perfect +++++++++ i love it really also i get to fast ticket answers... Thanks Lot BOTBLE Teams','published','2025-12-25 18:49:57','2025-12-25 18:49:57',NULL),(358,3,NULL,NULL,44,5,'Very enthusiastic support! Excellent code is written. It\'s a true pleasure working with.','published','2025-12-25 18:49:57','2025-12-25 18:49:57',NULL),(359,8,NULL,NULL,70,3,'Second or third time that I buy a Botble product, happy with the products and support. You guys do a good job :)','published','2025-12-25 18:49:57','2025-12-25 18:49:57',NULL),(360,5,NULL,NULL,40,2,'Very enthusiastic support! Excellent code is written. It\'s a true pleasure working with.','published','2025-12-25 18:49:57','2025-12-25 18:49:57',NULL),(361,2,NULL,NULL,27,4,'The code is good, in general, if you like it, can you give it 5 stars?','published','2025-12-25 18:49:57','2025-12-25 18:49:57',NULL),(362,2,NULL,NULL,35,3,'Ok good product. I have some issues in customizations. But its not correct to blame the developer. The product is good. Good luck for your business.','published','2025-12-25 18:49:57','2025-12-25 18:49:57',NULL),(363,1,NULL,NULL,30,1,'Solution is too robust for our purpose so we didn\'t use it at the end. But I appreciate customer support during initial configuration.','published','2025-12-25 18:49:57','2025-12-25 18:49:57',NULL),(364,7,NULL,NULL,57,4,'Ok good product. I have some issues in customizations. But its not correct to blame the developer. The product is good. Good luck for your business.','published','2025-12-25 18:49:57','2025-12-25 18:49:57',NULL),(365,10,NULL,NULL,49,4,'The code is good, in general, if you like it, can you give it 5 stars?','published','2025-12-25 18:49:57','2025-12-25 18:49:57',NULL),(366,4,NULL,NULL,74,5,'As a developer I reviewed this script. This is really awesome ecommerce script. I have convinced when I noticed that it\'s built on fully WordPress concept.','published','2025-12-25 18:49:57','2025-12-25 18:49:57',NULL),(367,3,NULL,NULL,23,4,'As a developer I reviewed this script. This is really awesome ecommerce script. I have convinced when I noticed that it\'s built on fully WordPress concept.','published','2025-12-25 18:49:57','2025-12-25 18:49:57',NULL),(368,10,NULL,NULL,8,5,'Customer Support are grade (A*), however the code is a way too over engineered for it\'s purpose.','published','2025-12-25 18:49:57','2025-12-25 18:49:57',NULL),(369,3,NULL,NULL,61,4,'As a developer I reviewed this script. This is really awesome ecommerce script. I have convinced when I noticed that it\'s built on fully WordPress concept.','published','2025-12-25 18:49:57','2025-12-25 18:49:57',NULL),(370,6,NULL,NULL,44,4,'This script is well coded and is super fast. The support is pretty quick. Very patient and helpful team. I strongly recommend it and they deserve more than 5 stars.','published','2025-12-25 18:49:57','2025-12-25 18:49:57',NULL),(371,2,NULL,NULL,49,2,'Amazing code, amazing support. Overall, im really confident in Botble and im happy I made the right choice! Thank you so much guys for coding this masterpiece','published','2025-12-25 18:49:57','2025-12-25 18:49:57',NULL),(372,7,NULL,NULL,24,5,'I Love this Script. I also found how to add other fees. Now I just wait the BIG update for the Marketplace with the Bulk Import. Just do not forget to make it to be Multi-language for us the Botble Fans.','published','2025-12-25 18:49:57','2025-12-25 18:49:57',NULL),(373,9,NULL,NULL,13,4,'For me the best eCommerce script on Envato at this moment: modern, clean code, a lot of great features. The customer support is great too: I always get an answer within hours!','published','2025-12-25 18:49:57','2025-12-25 18:49:57',NULL),(374,9,NULL,NULL,38,4,'Good app, good backup service and support. Good documentation.','published','2025-12-25 18:49:57','2025-12-25 18:49:57',NULL),(375,1,NULL,NULL,29,4,'Those guys now what they are doing, the release such a good product that it\'s a pleasure to work with ! Even when I was stuck on the project, I created a ticket and the next day it was replied by the team. GOOD JOB guys. I love working with them :)','published','2025-12-25 18:49:57','2025-12-25 18:49:57',NULL),(376,5,NULL,NULL,19,1,'Amazing code, amazing support. Overall, im really confident in Botble and im happy I made the right choice! Thank you so much guys for coding this masterpiece','published','2025-12-25 18:49:57','2025-12-25 18:49:57',NULL),(377,6,NULL,NULL,39,3,'Those guys now what they are doing, the release such a good product that it\'s a pleasure to work with ! Even when I was stuck on the project, I created a ticket and the next day it was replied by the team. GOOD JOB guys. I love working with them :)','published','2025-12-25 18:49:57','2025-12-25 18:49:57',NULL),(378,5,NULL,NULL,60,1,'Ok good product. I have some issues in customizations. But its not correct to blame the developer. The product is good. Good luck for your business.','published','2025-12-25 18:49:57','2025-12-25 18:49:57',NULL),(379,5,NULL,NULL,49,4,'Best ecommerce CMS online store!','published','2025-12-25 18:49:57','2025-12-25 18:49:57',NULL),(380,1,NULL,NULL,36,2,'Great system, great support, good job Botble. I\'m looking forward to more great functional plugins.','published','2025-12-25 18:49:57','2025-12-25 18:49:57',NULL),(381,4,NULL,NULL,47,5,'It\'s not my first experience here on Codecanyon and I can honestly tell you all that Botble puts a LOT of effort into the support. They answer so fast, they helped me tons of times. REALLY by far THE BEST EXPERIENCE on Codecanyon. Those guys at Botble are so good that they deserve 5 stars. I recommend them, I trust them and I can\'t wait to see what they will sell in a near future. Thank you Botble :)','published','2025-12-25 18:49:57','2025-12-25 18:49:57',NULL),(382,2,NULL,NULL,75,1,'Cool template. Excellent code quality. The support responds very quickly, which is very rare on themeforest and codecanyon.net, I buy a lot of templates, and everyone will have a response from technical support for two or three days. Thanks to tech support. I recommend to buy.','published','2025-12-25 18:49:57','2025-12-25 18:49:57',NULL),(383,6,NULL,NULL,73,3,'This web app is really good in design, code quality & features. Besides, the customer support provided by the Botble team was really fast & helpful. You guys are awesome!','published','2025-12-25 18:49:57','2025-12-25 18:49:57',NULL),(384,10,NULL,NULL,26,1,'Amazing code, amazing support. Overall, im really confident in Botble and im happy I made the right choice! Thank you so much guys for coding this masterpiece','published','2025-12-25 18:49:57','2025-12-25 18:49:57',NULL),(385,3,NULL,NULL,22,4,'Best ecommerce CMS online store!','published','2025-12-25 18:49:57','2025-12-25 18:49:57',NULL),(386,4,NULL,NULL,13,2,'We have received brilliant service support and will be expanding the features with the developer. Nice product!','published','2025-12-25 18:49:57','2025-12-25 18:49:57',NULL),(387,9,NULL,NULL,67,3,'Clean & perfect source code','published','2025-12-25 18:49:57','2025-12-25 18:49:57',NULL),(388,1,NULL,NULL,19,5,'Clean & perfect source code','published','2025-12-25 18:49:57','2025-12-25 18:49:57',NULL),(389,3,NULL,NULL,39,1,'This script is well coded and is super fast. The support is pretty quick. Very patient and helpful team. I strongly recommend it and they deserve more than 5 stars.','published','2025-12-25 18:49:57','2025-12-25 18:49:57',NULL),(390,5,NULL,NULL,14,1,'The best store template! Excellent coding! Very good support! Thank you so much for all the help, I really appreciated.','published','2025-12-25 18:49:57','2025-12-25 18:49:57',NULL),(391,8,NULL,NULL,14,3,'The code is good, in general, if you like it, can you give it 5 stars?','published','2025-12-25 18:49:57','2025-12-25 18:49:57',NULL),(392,5,NULL,NULL,15,3,'Those guys now what they are doing, the release such a good product that it\'s a pleasure to work with ! Even when I was stuck on the project, I created a ticket and the next day it was replied by the team. GOOD JOB guys. I love working with them :)','published','2025-12-25 18:49:57','2025-12-25 18:49:57',NULL),(393,7,NULL,NULL,5,5,'The script is the best of its class, fast, easy to implement and work with , and the most important thing is the great support team , Recommend with no doubt.','published','2025-12-25 18:49:57','2025-12-25 18:49:57',NULL),(394,1,NULL,NULL,62,3,'As a developer I reviewed this script. This is really awesome ecommerce script. I have convinced when I noticed that it\'s built on fully WordPress concept.','published','2025-12-25 18:49:57','2025-12-25 18:49:57',NULL),(395,3,NULL,NULL,31,5,'We have received brilliant service support and will be expanding the features with the developer. Nice product!','published','2025-12-25 18:49:57','2025-12-25 18:49:57',NULL),(396,2,NULL,NULL,66,4,'Amazing code, amazing support. Overall, im really confident in Botble and im happy I made the right choice! Thank you so much guys for coding this masterpiece','published','2025-12-25 18:49:57','2025-12-25 18:49:57',NULL),(397,10,NULL,NULL,37,2,'Great E-commerce system. And much more : Wonderful Customer Support.','published','2025-12-25 18:49:57','2025-12-25 18:49:57',NULL),(398,2,NULL,NULL,28,5,'Best ecommerce CMS online store!','published','2025-12-25 18:49:57','2025-12-25 18:49:57',NULL),(399,9,NULL,NULL,62,3,'Great system, great support, good job Botble. I\'m looking forward to more great functional plugins.','published','2025-12-25 18:49:57','2025-12-25 18:49:57',NULL),(400,10,NULL,NULL,52,3,'Good app, good backup service and support. Good documentation.','published','2025-12-25 18:49:57','2025-12-25 18:49:57',NULL),(401,10,NULL,NULL,19,1,'Those guys now what they are doing, the release such a good product that it\'s a pleasure to work with ! Even when I was stuck on the project, I created a ticket and the next day it was replied by the team. GOOD JOB guys. I love working with them :)','published','2025-12-25 18:49:57','2025-12-25 18:49:57',NULL),(402,6,NULL,NULL,24,4,'Solution is too robust for our purpose so we didn\'t use it at the end. But I appreciate customer support during initial configuration.','published','2025-12-25 18:49:57','2025-12-25 18:49:57',NULL),(403,6,NULL,NULL,5,5,'As a developer I reviewed this script. This is really awesome ecommerce script. I have convinced when I noticed that it\'s built on fully WordPress concept.','published','2025-12-25 18:49:57','2025-12-25 18:49:57',NULL),(404,5,NULL,NULL,67,4,'Customer Support are grade (A*), however the code is a way too over engineered for it\'s purpose.','published','2025-12-25 18:49:57','2025-12-25 18:49:57',NULL),(405,10,NULL,NULL,13,5,'Good app, good backup service and support. Good documentation.','published','2025-12-25 18:49:57','2025-12-25 18:49:57',NULL),(406,5,NULL,NULL,2,5,'Those guys now what they are doing, the release such a good product that it\'s a pleasure to work with ! Even when I was stuck on the project, I created a ticket and the next day it was replied by the team. GOOD JOB guys. I love working with them :)','published','2025-12-25 18:49:57','2025-12-25 18:49:57',NULL),(407,4,NULL,NULL,54,1,'Very enthusiastic support! Excellent code is written. It\'s a true pleasure working with.','published','2025-12-25 18:49:57','2025-12-25 18:49:57',NULL),(408,10,NULL,NULL,44,5,'Second or third time that I buy a Botble product, happy with the products and support. You guys do a good job :)','published','2025-12-25 18:49:57','2025-12-25 18:49:57',NULL),(409,1,NULL,NULL,25,3,'These guys are amazing! Responses immediately, amazing support and help... I immediately feel at ease after Purchasing..','published','2025-12-25 18:49:57','2025-12-25 18:49:57',NULL),(410,2,NULL,NULL,16,5,'Second or third time that I buy a Botble product, happy with the products and support. You guys do a good job :)','published','2025-12-25 18:49:57','2025-12-25 18:49:57',NULL),(411,7,NULL,NULL,20,1,'Second or third time that I buy a Botble product, happy with the products and support. You guys do a good job :)','published','2025-12-25 18:49:57','2025-12-25 18:49:57',NULL),(412,5,NULL,NULL,27,3,'We have received brilliant service support and will be expanding the features with the developer. Nice product!','published','2025-12-25 18:49:57','2025-12-25 18:49:57',NULL),(413,6,NULL,NULL,75,3,'Great system, great support, good job Botble. I\'m looking forward to more great functional plugins.','published','2025-12-25 18:49:57','2025-12-25 18:49:57',NULL),(414,5,NULL,NULL,74,3,'We have received brilliant service support and will be expanding the features with the developer. Nice product!','published','2025-12-25 18:49:57','2025-12-25 18:49:57',NULL),(415,6,NULL,NULL,66,5,'Best ecommerce CMS online store!','published','2025-12-25 18:49:57','2025-12-25 18:49:57',NULL),(416,2,NULL,NULL,45,5,'Second or third time that I buy a Botble product, happy with the products and support. You guys do a good job :)','published','2025-12-25 18:49:57','2025-12-25 18:49:57',NULL),(417,1,NULL,NULL,65,2,'This script is well coded and is super fast. The support is pretty quick. Very patient and helpful team. I strongly recommend it and they deserve more than 5 stars.','published','2025-12-25 18:49:57','2025-12-25 18:49:57',NULL),(418,6,NULL,NULL,9,2,'This script is well coded and is super fast. The support is pretty quick. Very patient and helpful team. I strongly recommend it and they deserve more than 5 stars.','published','2025-12-25 18:49:57','2025-12-25 18:49:57',NULL),(419,9,NULL,NULL,47,5,'This web app is really good in design, code quality & features. Besides, the customer support provided by the Botble team was really fast & helpful. You guys are awesome!','published','2025-12-25 18:49:57','2025-12-25 18:49:57',NULL),(420,5,NULL,NULL,54,1,'For me the best eCommerce script on Envato at this moment: modern, clean code, a lot of great features. The customer support is great too: I always get an answer within hours!','published','2025-12-25 18:49:57','2025-12-25 18:49:57',NULL),(421,8,NULL,NULL,5,4,'Best ecommerce CMS online store!','published','2025-12-25 18:49:57','2025-12-25 18:49:57',NULL),(422,8,NULL,NULL,7,3,'Perfect +++++++++ i love it really also i get to fast ticket answers... Thanks Lot BOTBLE Teams','published','2025-12-25 18:49:57','2025-12-25 18:49:57',NULL),(423,7,NULL,NULL,3,3,'Best ecommerce CMS online store!','published','2025-12-25 18:49:57','2025-12-25 18:49:57',NULL),(424,9,NULL,NULL,31,5,'Very enthusiastic support! Excellent code is written. It\'s a true pleasure working with.','published','2025-12-25 18:49:57','2025-12-25 18:49:57',NULL),(425,10,NULL,NULL,51,4,'This web app is really good in design, code quality & features. Besides, the customer support provided by the Botble team was really fast & helpful. You guys are awesome!','published','2025-12-25 18:49:57','2025-12-25 18:49:57',NULL),(426,5,NULL,NULL,75,4,'Those guys now what they are doing, the release such a good product that it\'s a pleasure to work with ! Even when I was stuck on the project, I created a ticket and the next day it was replied by the team. GOOD JOB guys. I love working with them :)','published','2025-12-25 18:49:57','2025-12-25 18:49:57',NULL),(427,10,NULL,NULL,75,3,'The best store template! Excellent coding! Very good support! Thank you so much for all the help, I really appreciated.','published','2025-12-25 18:49:57','2025-12-25 18:49:57',NULL),(428,5,NULL,NULL,13,1,'Cool template. Excellent code quality. The support responds very quickly, which is very rare on themeforest and codecanyon.net, I buy a lot of templates, and everyone will have a response from technical support for two or three days. Thanks to tech support. I recommend to buy.','published','2025-12-25 18:49:57','2025-12-25 18:49:57',NULL),(429,2,NULL,NULL,70,1,'These guys are amazing! Responses immediately, amazing support and help... I immediately feel at ease after Purchasing..','published','2025-12-25 18:49:57','2025-12-25 18:49:57',NULL),(430,7,NULL,NULL,70,2,'Best ecommerce CMS online store!','published','2025-12-25 18:49:57','2025-12-25 18:49:57',NULL),(431,5,NULL,NULL,22,5,'Perfect +++++++++ i love it really also i get to fast ticket answers... Thanks Lot BOTBLE Teams','published','2025-12-25 18:49:57','2025-12-25 18:49:57',NULL),(432,6,NULL,NULL,6,5,'Great E-commerce system. And much more : Wonderful Customer Support.','published','2025-12-25 18:49:57','2025-12-25 18:49:57',NULL),(433,3,NULL,NULL,70,2,'Great E-commerce system. And much more : Wonderful Customer Support.','published','2025-12-25 18:49:57','2025-12-25 18:49:57',NULL),(434,10,NULL,NULL,34,1,'Ok good product. I have some issues in customizations. But its not correct to blame the developer. The product is good. Good luck for your business.','published','2025-12-25 18:49:57','2025-12-25 18:49:57',NULL),(435,3,NULL,NULL,14,1,'This web app is really good in design, code quality & features. Besides, the customer support provided by the Botble team was really fast & helpful. You guys are awesome!','published','2025-12-25 18:49:57','2025-12-25 18:49:57',NULL),(436,5,NULL,NULL,6,1,'The code is good, in general, if you like it, can you give it 5 stars?','published','2025-12-25 18:49:57','2025-12-25 18:49:57',NULL),(437,1,NULL,NULL,22,2,'Great E-commerce system. And much more : Wonderful Customer Support.','published','2025-12-25 18:49:57','2025-12-25 18:49:57',NULL),(438,4,NULL,NULL,11,3,'Great E-commerce system. And much more : Wonderful Customer Support.','published','2025-12-25 18:49:57','2025-12-25 18:49:57',NULL),(439,1,NULL,NULL,49,3,'Solution is too robust for our purpose so we didn\'t use it at the end. But I appreciate customer support during initial configuration.','published','2025-12-25 18:49:57','2025-12-25 18:49:57',NULL),(440,8,NULL,NULL,4,2,'Amazing code, amazing support. Overall, im really confident in Botble and im happy I made the right choice! Thank you so much guys for coding this masterpiece','published','2025-12-25 18:49:57','2025-12-25 18:49:57',NULL),(441,3,NULL,NULL,12,3,'Ok good product. I have some issues in customizations. But its not correct to blame the developer. The product is good. Good luck for your business.','published','2025-12-25 18:49:57','2025-12-25 18:49:57',NULL),(442,1,NULL,NULL,16,3,'It\'s not my first experience here on Codecanyon and I can honestly tell you all that Botble puts a LOT of effort into the support. They answer so fast, they helped me tons of times. REALLY by far THE BEST EXPERIENCE on Codecanyon. Those guys at Botble are so good that they deserve 5 stars. I recommend them, I trust them and I can\'t wait to see what they will sell in a near future. Thank you Botble :)','published','2025-12-25 18:49:57','2025-12-25 18:49:57',NULL),(443,6,NULL,NULL,62,2,'The script is the best of its class, fast, easy to implement and work with , and the most important thing is the great support team , Recommend with no doubt.','published','2025-12-25 18:49:57','2025-12-25 18:49:57',NULL),(444,10,NULL,NULL,11,1,'Ok good product. I have some issues in customizations. But its not correct to blame the developer. The product is good. Good luck for your business.','published','2025-12-25 18:49:57','2025-12-25 18:49:57',NULL),(445,7,NULL,NULL,42,1,'Great E-commerce system. And much more : Wonderful Customer Support.','published','2025-12-25 18:49:57','2025-12-25 18:49:57',NULL),(446,6,NULL,NULL,8,1,'It\'s not my first experience here on Codecanyon and I can honestly tell you all that Botble puts a LOT of effort into the support. They answer so fast, they helped me tons of times. REALLY by far THE BEST EXPERIENCE on Codecanyon. Those guys at Botble are so good that they deserve 5 stars. I recommend them, I trust them and I can\'t wait to see what they will sell in a near future. Thank you Botble :)','published','2025-12-25 18:49:57','2025-12-25 18:49:57',NULL),(447,4,NULL,NULL,34,2,'Perfect +++++++++ i love it really also i get to fast ticket answers... Thanks Lot BOTBLE Teams','published','2025-12-25 18:49:57','2025-12-25 18:49:57',NULL),(448,5,NULL,NULL,38,5,'Second or third time that I buy a Botble product, happy with the products and support. You guys do a good job :)','published','2025-12-25 18:49:57','2025-12-25 18:49:57',NULL),(449,4,NULL,NULL,5,5,'Solution is too robust for our purpose so we didn\'t use it at the end. But I appreciate customer support during initial configuration.','published','2025-12-25 18:49:57','2025-12-25 18:49:57',NULL),(450,4,NULL,NULL,15,1,'Best ecommerce CMS online store!','published','2025-12-25 18:49:57','2025-12-25 18:49:57',NULL),(451,10,NULL,NULL,1,2,'Those guys now what they are doing, the release such a good product that it\'s a pleasure to work with ! Even when I was stuck on the project, I created a ticket and the next day it was replied by the team. GOOD JOB guys. I love working with them :)','published','2025-12-25 18:49:57','2025-12-25 18:49:57',NULL),(452,9,NULL,NULL,22,3,'Great E-commerce system. And much more : Wonderful Customer Support.','published','2025-12-25 18:49:57','2025-12-25 18:49:57',NULL),(453,4,NULL,NULL,42,4,'Best ecommerce CMS online store!','published','2025-12-25 18:49:57','2025-12-25 18:49:57',NULL),(454,1,NULL,NULL,32,4,'Good app, good backup service and support. Good documentation.','published','2025-12-25 18:49:57','2025-12-25 18:49:57',NULL),(455,3,NULL,NULL,65,5,'As a developer I reviewed this script. This is really awesome ecommerce script. I have convinced when I noticed that it\'s built on fully WordPress concept.','published','2025-12-25 18:49:57','2025-12-25 18:49:57',NULL),(456,3,NULL,NULL,8,1,'The script is the best of its class, fast, easy to implement and work with , and the most important thing is the great support team , Recommend with no doubt.','published','2025-12-25 18:49:57','2025-12-25 18:49:57',NULL),(457,10,NULL,NULL,35,4,'Solution is too robust for our purpose so we didn\'t use it at the end. But I appreciate customer support during initial configuration.','published','2025-12-25 18:49:57','2025-12-25 18:49:57',NULL),(458,7,NULL,NULL,28,1,'Those guys now what they are doing, the release such a good product that it\'s a pleasure to work with ! Even when I was stuck on the project, I created a ticket and the next day it was replied by the team. GOOD JOB guys. I love working with them :)','published','2025-12-25 18:49:57','2025-12-25 18:49:57',NULL),(459,3,NULL,NULL,28,2,'The script is the best of its class, fast, easy to implement and work with , and the most important thing is the great support team , Recommend with no doubt.','published','2025-12-25 18:49:57','2025-12-25 18:49:57',NULL),(460,1,NULL,NULL,34,4,'Good app, good backup service and support. Good documentation.','published','2025-12-25 18:49:57','2025-12-25 18:49:57',NULL),(461,4,NULL,NULL,27,3,'We have received brilliant service support and will be expanding the features with the developer. Nice product!','published','2025-12-25 18:49:57','2025-12-25 18:49:57',NULL),(462,9,NULL,NULL,59,1,'Those guys now what they are doing, the release such a good product that it\'s a pleasure to work with ! Even when I was stuck on the project, I created a ticket and the next day it was replied by the team. GOOD JOB guys. I love working with them :)','published','2025-12-25 18:49:57','2025-12-25 18:49:57',NULL),(463,9,NULL,NULL,43,2,'Second or third time that I buy a Botble product, happy with the products and support. You guys do a good job :)','published','2025-12-25 18:49:57','2025-12-25 18:49:57',NULL),(464,7,NULL,NULL,16,2,'As a developer I reviewed this script. This is really awesome ecommerce script. I have convinced when I noticed that it\'s built on fully WordPress concept.','published','2025-12-25 18:49:57','2025-12-25 18:49:57',NULL),(465,1,NULL,NULL,55,3,'Perfect +++++++++ i love it really also i get to fast ticket answers... Thanks Lot BOTBLE Teams','published','2025-12-25 18:49:57','2025-12-25 18:49:57',NULL),(466,1,NULL,NULL,7,5,'Cool template. Excellent code quality. The support responds very quickly, which is very rare on themeforest and codecanyon.net, I buy a lot of templates, and everyone will have a response from technical support for two or three days. Thanks to tech support. I recommend to buy.','published','2025-12-25 18:49:57','2025-12-25 18:49:57',NULL),(467,8,NULL,NULL,60,2,'The script is the best of its class, fast, easy to implement and work with , and the most important thing is the great support team , Recommend with no doubt.','published','2025-12-25 18:49:57','2025-12-25 18:49:57',NULL),(468,10,NULL,NULL,64,2,'Very enthusiastic support! Excellent code is written. It\'s a true pleasure working with.','published','2025-12-25 18:49:57','2025-12-25 18:49:57',NULL),(469,9,NULL,NULL,64,5,'The code is good, in general, if you like it, can you give it 5 stars?','published','2025-12-25 18:49:57','2025-12-25 18:49:57',NULL),(470,10,NULL,NULL,72,1,'Second or third time that I buy a Botble product, happy with the products and support. You guys do a good job :)','published','2025-12-25 18:49:57','2025-12-25 18:49:57',NULL),(471,2,NULL,NULL,8,1,'Perfect +++++++++ i love it really also i get to fast ticket answers... Thanks Lot BOTBLE Teams','published','2025-12-25 18:49:57','2025-12-25 18:49:57',NULL),(472,1,NULL,NULL,50,5,'Those guys now what they are doing, the release such a good product that it\'s a pleasure to work with ! Even when I was stuck on the project, I created a ticket and the next day it was replied by the team. GOOD JOB guys. I love working with them :)','published','2025-12-25 18:49:57','2025-12-25 18:49:57',NULL),(473,2,NULL,NULL,24,1,'Good app, good backup service and support. Good documentation.','published','2025-12-25 18:49:57','2025-12-25 18:49:57',NULL),(474,2,NULL,NULL,26,3,'I Love this Script. I also found how to add other fees. Now I just wait the BIG update for the Marketplace with the Bulk Import. Just do not forget to make it to be Multi-language for us the Botble Fans.','published','2025-12-25 18:49:57','2025-12-25 18:49:57',NULL),(475,1,NULL,NULL,73,1,'Customer Support are grade (A*), however the code is a way too over engineered for it\'s purpose.','published','2025-12-25 18:49:57','2025-12-25 18:49:57',NULL),(476,10,NULL,NULL,62,4,'I Love this Script. I also found how to add other fees. Now I just wait the BIG update for the Marketplace with the Bulk Import. Just do not forget to make it to be Multi-language for us the Botble Fans.','published','2025-12-25 18:49:57','2025-12-25 18:49:57',NULL),(477,10,NULL,NULL,21,5,'Cool template. Excellent code quality. The support responds very quickly, which is very rare on themeforest and codecanyon.net, I buy a lot of templates, and everyone will have a response from technical support for two or three days. Thanks to tech support. I recommend to buy.','published','2025-12-25 18:49:57','2025-12-25 18:49:57',NULL),(478,9,NULL,NULL,32,2,'Good app, good backup service and support. Good documentation.','published','2025-12-25 18:49:57','2025-12-25 18:49:57',NULL),(479,1,NULL,NULL,45,3,'Customer Support are grade (A*), however the code is a way too over engineered for it\'s purpose.','published','2025-12-25 18:49:57','2025-12-25 18:49:57',NULL),(480,5,NULL,NULL,50,4,'Perfect +++++++++ i love it really also i get to fast ticket answers... Thanks Lot BOTBLE Teams','published','2025-12-25 18:49:57','2025-12-25 18:49:57',NULL),(481,8,NULL,NULL,20,5,'The code is good, in general, if you like it, can you give it 5 stars?','published','2025-12-25 18:49:57','2025-12-25 18:49:57',NULL),(482,7,NULL,NULL,26,5,'Second or third time that I buy a Botble product, happy with the products and support. You guys do a good job :)','published','2025-12-25 18:49:57','2025-12-25 18:49:57',NULL),(483,1,NULL,NULL,31,1,'The best store template! Excellent coding! Very good support! Thank you so much for all the help, I really appreciated.','published','2025-12-25 18:49:57','2025-12-25 18:49:57',NULL),(484,10,NULL,NULL,66,5,'The script is the best of its class, fast, easy to implement and work with , and the most important thing is the great support team , Recommend with no doubt.','published','2025-12-25 18:49:57','2025-12-25 18:49:57',NULL),(485,7,NULL,NULL,60,4,'Second or third time that I buy a Botble product, happy with the products and support. You guys do a good job :)','published','2025-12-25 18:49:57','2025-12-25 18:49:57',NULL),(486,3,NULL,NULL,17,3,'For me the best eCommerce script on Envato at this moment: modern, clean code, a lot of great features. The customer support is great too: I always get an answer within hours!','published','2025-12-25 18:49:57','2025-12-25 18:49:57',NULL),(487,6,NULL,NULL,41,2,'Great system, great support, good job Botble. I\'m looking forward to more great functional plugins.','published','2025-12-25 18:49:57','2025-12-25 18:49:57',NULL),(488,7,NULL,NULL,45,2,'Perfect +++++++++ i love it really also i get to fast ticket answers... Thanks Lot BOTBLE Teams','published','2025-12-25 18:49:57','2025-12-25 18:49:57',NULL),(489,6,NULL,NULL,65,2,'Clean & perfect source code','published','2025-12-25 18:49:57','2025-12-25 18:49:57',NULL),(490,7,NULL,NULL,49,1,'For me the best eCommerce script on Envato at this moment: modern, clean code, a lot of great features. The customer support is great too: I always get an answer within hours!','published','2025-12-25 18:49:57','2025-12-25 18:49:57',NULL),(491,5,NULL,NULL,63,4,'The best ecommerce CMS! Excellent coding! best support service! Thank you so much..... I really like your hard work.','published','2025-12-25 18:49:57','2025-12-25 18:49:57',NULL),(492,5,NULL,NULL,69,2,'Clean & perfect source code','published','2025-12-25 18:49:57','2025-12-25 18:49:57',NULL),(493,2,NULL,NULL,47,3,'This script is well coded and is super fast. The support is pretty quick. Very patient and helpful team. I strongly recommend it and they deserve more than 5 stars.','published','2025-12-25 18:49:57','2025-12-25 18:49:57',NULL),(494,3,NULL,NULL,48,4,'Clean & perfect source code','published','2025-12-25 18:49:57','2025-12-25 18:49:57',NULL),(495,3,NULL,NULL,35,1,'Great system, great support, good job Botble. I\'m looking forward to more great functional plugins.','published','2025-12-25 18:49:57','2025-12-25 18:49:57',NULL),(496,8,NULL,NULL,17,4,'The best store template! Excellent coding! Very good support! Thank you so much for all the help, I really appreciated.','published','2025-12-25 18:49:57','2025-12-25 18:49:57',NULL),(497,5,NULL,NULL,46,1,'Those guys now what they are doing, the release such a good product that it\'s a pleasure to work with ! Even when I was stuck on the project, I created a ticket and the next day it was replied by the team. GOOD JOB guys. I love working with them :)','published','2025-12-25 18:49:57','2025-12-25 18:49:57',NULL),(498,9,NULL,NULL,16,5,'Amazing code, amazing support. Overall, im really confident in Botble and im happy I made the right choice! Thank you so much guys for coding this masterpiece','published','2025-12-25 18:49:57','2025-12-25 18:49:57',NULL),(499,10,NULL,NULL,55,2,'The script is the best of its class, fast, easy to implement and work with , and the most important thing is the great support team , Recommend with no doubt.','published','2025-12-25 18:49:57','2025-12-25 18:49:57',NULL),(500,1,NULL,NULL,20,4,'This web app is really good in design, code quality & features. Besides, the customer support provided by the Botble team was really fast & helpful. You guys are awesome!','published','2025-12-25 18:49:57','2025-12-25 18:49:57',NULL),(501,7,NULL,NULL,15,3,'Ok good product. I have some issues in customizations. But its not correct to blame the developer. The product is good. Good luck for your business.','published','2025-12-25 18:49:57','2025-12-25 18:49:57',NULL),(502,3,NULL,NULL,1,3,'Customer Support are grade (A*), however the code is a way too over engineered for it\'s purpose.','published','2025-12-25 18:49:57','2025-12-25 18:49:57',NULL),(503,2,NULL,NULL,58,3,'Very enthusiastic support! Excellent code is written. It\'s a true pleasure working with.','published','2025-12-25 18:49:57','2025-12-25 18:49:57',NULL),(504,4,NULL,NULL,58,1,'Amazing code, amazing support. Overall, im really confident in Botble and im happy I made the right choice! Thank you so much guys for coding this masterpiece','published','2025-12-25 18:49:57','2025-12-25 18:49:57',NULL),(505,7,NULL,NULL,74,3,'The best ecommerce CMS! Excellent coding! best support service! Thank you so much..... I really like your hard work.','published','2025-12-25 18:49:57','2025-12-25 18:49:57',NULL),(506,3,NULL,NULL,3,3,'This script is well coded and is super fast. The support is pretty quick. Very patient and helpful team. I strongly recommend it and they deserve more than 5 stars.','published','2025-12-25 18:49:57','2025-12-25 18:49:57',NULL),(507,7,NULL,NULL,1,2,'As a developer I reviewed this script. This is really awesome ecommerce script. I have convinced when I noticed that it\'s built on fully WordPress concept.','published','2025-12-25 18:49:57','2025-12-25 18:49:57',NULL),(508,10,NULL,NULL,3,4,'Great system, great support, good job Botble. I\'m looking forward to more great functional plugins.','published','2025-12-25 18:49:57','2025-12-25 18:49:57',NULL),(509,6,NULL,NULL,19,4,'Cool template. Excellent code quality. The support responds very quickly, which is very rare on themeforest and codecanyon.net, I buy a lot of templates, and everyone will have a response from technical support for two or three days. Thanks to tech support. I recommend to buy.','published','2025-12-25 18:49:57','2025-12-25 18:49:57',NULL),(510,3,NULL,NULL,56,2,'Perfect +++++++++ i love it really also i get to fast ticket answers... Thanks Lot BOTBLE Teams','published','2025-12-25 18:49:57','2025-12-25 18:49:57',NULL),(511,6,NULL,NULL,51,2,'Solution is too robust for our purpose so we didn\'t use it at the end. But I appreciate customer support during initial configuration.','published','2025-12-25 18:49:57','2025-12-25 18:49:57',NULL),(512,4,NULL,NULL,16,4,'The best ecommerce CMS! Excellent coding! best support service! Thank you so much..... I really like your hard work.','published','2025-12-25 18:49:57','2025-12-25 18:49:57',NULL),(513,9,NULL,NULL,5,5,'Very enthusiastic support! Excellent code is written. It\'s a true pleasure working with.','published','2025-12-25 18:49:57','2025-12-25 18:49:57',NULL),(514,4,NULL,NULL,12,4,'Great E-commerce system. And much more : Wonderful Customer Support.','published','2025-12-25 18:49:57','2025-12-25 18:49:57',NULL),(515,3,NULL,NULL,64,5,'The best ecommerce CMS! Excellent coding! best support service! Thank you so much..... I really like your hard work.','published','2025-12-25 18:49:57','2025-12-25 18:49:57',NULL),(516,10,NULL,NULL,67,3,'Those guys now what they are doing, the release such a good product that it\'s a pleasure to work with ! Even when I was stuck on the project, I created a ticket and the next day it was replied by the team. GOOD JOB guys. I love working with them :)','published','2025-12-25 18:49:57','2025-12-25 18:49:57',NULL),(517,4,NULL,NULL,61,5,'For me the best eCommerce script on Envato at this moment: modern, clean code, a lot of great features. The customer support is great too: I always get an answer within hours!','published','2025-12-25 18:49:57','2025-12-25 18:49:57',NULL),(518,7,NULL,NULL,65,2,'Best ecommerce CMS online store!','published','2025-12-25 18:49:57','2025-12-25 18:49:57',NULL),(519,5,NULL,NULL,33,1,'As a developer I reviewed this script. This is really awesome ecommerce script. I have convinced when I noticed that it\'s built on fully WordPress concept.','published','2025-12-25 18:49:57','2025-12-25 18:49:57',NULL),(520,1,NULL,NULL,6,1,'We have received brilliant service support and will be expanding the features with the developer. Nice product!','published','2025-12-25 18:49:57','2025-12-25 18:49:57',NULL),(521,10,NULL,NULL,68,5,'For me the best eCommerce script on Envato at this moment: modern, clean code, a lot of great features. The customer support is great too: I always get an answer within hours!','published','2025-12-25 18:49:57','2025-12-25 18:49:57',NULL),(522,6,NULL,NULL,38,5,'The code is good, in general, if you like it, can you give it 5 stars?','published','2025-12-25 18:49:57','2025-12-25 18:49:57',NULL),(523,1,NULL,NULL,44,5,'Clean & perfect source code','published','2025-12-25 18:49:57','2025-12-25 18:49:57',NULL),(524,4,NULL,NULL,45,1,'The best ecommerce CMS! Excellent coding! best support service! Thank you so much..... I really like your hard work.','published','2025-12-25 18:49:57','2025-12-25 18:49:57',NULL),(525,5,NULL,NULL,62,2,'Perfect +++++++++ i love it really also i get to fast ticket answers... Thanks Lot BOTBLE Teams','published','2025-12-25 18:49:57','2025-12-25 18:49:57',NULL),(526,6,NULL,NULL,16,4,'These guys are amazing! Responses immediately, amazing support and help... I immediately feel at ease after Purchasing..','published','2025-12-25 18:49:57','2025-12-25 18:49:57',NULL),(527,2,NULL,NULL,51,5,'Good app, good backup service and support. Good documentation.','published','2025-12-25 18:49:57','2025-12-25 18:49:57',NULL),(528,6,NULL,NULL,58,3,'Solution is too robust for our purpose so we didn\'t use it at the end. But I appreciate customer support during initial configuration.','published','2025-12-25 18:49:57','2025-12-25 18:49:57',NULL),(529,3,NULL,NULL,63,4,'Clean & perfect source code','published','2025-12-25 18:49:57','2025-12-25 18:49:57',NULL),(530,8,NULL,NULL,22,3,'This web app is really good in design, code quality & features. Besides, the customer support provided by the Botble team was really fast & helpful. You guys are awesome!','published','2025-12-25 18:49:57','2025-12-25 18:49:57',NULL),(531,5,NULL,NULL,12,2,'Cool template. Excellent code quality. The support responds very quickly, which is very rare on themeforest and codecanyon.net, I buy a lot of templates, and everyone will have a response from technical support for two or three days. Thanks to tech support. I recommend to buy.','published','2025-12-25 18:49:57','2025-12-25 18:49:57',NULL),(532,5,NULL,NULL,41,1,'We have received brilliant service support and will be expanding the features with the developer. Nice product!','published','2025-12-25 18:49:57','2025-12-25 18:49:57',NULL),(533,2,NULL,NULL,61,5,'Great system, great support, good job Botble. I\'m looking forward to more great functional plugins.','published','2025-12-25 18:49:57','2025-12-25 18:49:57',NULL),(534,8,NULL,NULL,28,2,'This script is well coded and is super fast. The support is pretty quick. Very patient and helpful team. I strongly recommend it and they deserve more than 5 stars.','published','2025-12-25 18:49:57','2025-12-25 18:49:57',NULL),(535,7,NULL,NULL,33,1,'Customer Support are grade (A*), however the code is a way too over engineered for it\'s purpose.','published','2025-12-25 18:49:57','2025-12-25 18:49:57',NULL),(536,5,NULL,NULL,53,1,'Great system, great support, good job Botble. I\'m looking forward to more great functional plugins.','published','2025-12-25 18:49:57','2025-12-25 18:49:57',NULL),(537,3,NULL,NULL,18,2,'Best ecommerce CMS online store!','published','2025-12-25 18:49:57','2025-12-25 18:49:57',NULL),(538,5,NULL,NULL,34,5,'Customer Support are grade (A*), however the code is a way too over engineered for it\'s purpose.','published','2025-12-25 18:49:57','2025-12-25 18:49:57',NULL),(539,7,NULL,NULL,39,4,'As a developer I reviewed this script. This is really awesome ecommerce script. I have convinced when I noticed that it\'s built on fully WordPress concept.','published','2025-12-25 18:49:58','2025-12-25 18:49:58',NULL),(540,9,NULL,NULL,61,5,'Great system, great support, good job Botble. I\'m looking forward to more great functional plugins.','published','2025-12-25 18:49:58','2025-12-25 18:49:58',NULL),(541,5,NULL,NULL,59,4,'Cool template. Excellent code quality. The support responds very quickly, which is very rare on themeforest and codecanyon.net, I buy a lot of templates, and everyone will have a response from technical support for two or three days. Thanks to tech support. I recommend to buy.','published','2025-12-25 18:49:58','2025-12-25 18:49:58',NULL),(542,3,NULL,NULL,32,2,'Second or third time that I buy a Botble product, happy with the products and support. You guys do a good job :)','published','2025-12-25 18:49:58','2025-12-25 18:49:58',NULL),(543,5,NULL,NULL,10,3,'This script is well coded and is super fast. The support is pretty quick. Very patient and helpful team. I strongly recommend it and they deserve more than 5 stars.','published','2025-12-25 18:49:58','2025-12-25 18:49:58',NULL),(544,6,NULL,NULL,10,4,'The best store template! Excellent coding! Very good support! Thank you so much for all the help, I really appreciated.','published','2025-12-25 18:49:58','2025-12-25 18:49:58',NULL),(545,2,NULL,NULL,60,3,'Good app, good backup service and support. Good documentation.','published','2025-12-25 18:49:58','2025-12-25 18:49:58',NULL),(546,4,NULL,NULL,43,4,'I Love this Script. I also found how to add other fees. Now I just wait the BIG update for the Marketplace with the Bulk Import. Just do not forget to make it to be Multi-language for us the Botble Fans.','published','2025-12-25 18:49:58','2025-12-25 18:49:58',NULL),(547,9,NULL,NULL,70,1,'Customer Support are grade (A*), however the code is a way too over engineered for it\'s purpose.','published','2025-12-25 18:49:58','2025-12-25 18:49:58',NULL),(548,9,NULL,NULL,65,1,'Solution is too robust for our purpose so we didn\'t use it at the end. But I appreciate customer support during initial configuration.','published','2025-12-25 18:49:58','2025-12-25 18:49:58',NULL),(549,2,NULL,NULL,37,4,'The best store template! Excellent coding! Very good support! Thank you so much for all the help, I really appreciated.','published','2025-12-25 18:49:58','2025-12-25 18:49:58',NULL),(550,2,NULL,NULL,68,2,'Clean & perfect source code','published','2025-12-25 18:49:58','2025-12-25 18:49:58',NULL),(551,3,NULL,NULL,68,1,'The code is good, in general, if you like it, can you give it 5 stars?','published','2025-12-25 18:49:58','2025-12-25 18:49:58',NULL),(552,6,NULL,NULL,69,5,'It\'s not my first experience here on Codecanyon and I can honestly tell you all that Botble puts a LOT of effort into the support. They answer so fast, they helped me tons of times. REALLY by far THE BEST EXPERIENCE on Codecanyon. Those guys at Botble are so good that they deserve 5 stars. I recommend them, I trust them and I can\'t wait to see what they will sell in a near future. Thank you Botble :)','published','2025-12-25 18:49:58','2025-12-25 18:49:58',NULL),(553,6,NULL,NULL,35,4,'The best ecommerce CMS! Excellent coding! best support service! Thank you so much..... I really like your hard work.','published','2025-12-25 18:49:58','2025-12-25 18:49:58',NULL),(554,1,NULL,NULL,74,3,'This script is well coded and is super fast. The support is pretty quick. Very patient and helpful team. I strongly recommend it and they deserve more than 5 stars.','published','2025-12-25 18:49:58','2025-12-25 18:49:58',NULL),(555,4,NULL,NULL,32,2,'Cool template. Excellent code quality. The support responds very quickly, which is very rare on themeforest and codecanyon.net, I buy a lot of templates, and everyone will have a response from technical support for two or three days. Thanks to tech support. I recommend to buy.','published','2025-12-25 18:49:58','2025-12-25 18:49:58',NULL),(556,8,NULL,NULL,1,1,'Good app, good backup service and support. Good documentation.','published','2025-12-25 18:49:58','2025-12-25 18:49:58',NULL),(557,5,NULL,NULL,48,4,'This web app is really good in design, code quality & features. Besides, the customer support provided by the Botble team was really fast & helpful. You guys are awesome!','published','2025-12-25 18:49:58','2025-12-25 18:49:58',NULL),(558,6,NULL,NULL,1,3,'These guys are amazing! Responses immediately, amazing support and help... I immediately feel at ease after Purchasing..','published','2025-12-25 18:49:58','2025-12-25 18:49:58',NULL),(559,7,NULL,NULL,30,4,'Customer Support are grade (A*), however the code is a way too over engineered for it\'s purpose.','published','2025-12-25 18:49:58','2025-12-25 18:49:58',NULL),(560,5,NULL,NULL,55,5,'For me the best eCommerce script on Envato at this moment: modern, clean code, a lot of great features. The customer support is great too: I always get an answer within hours!','published','2025-12-25 18:49:58','2025-12-25 18:49:58',NULL),(561,10,NULL,NULL,2,1,'This script is well coded and is super fast. The support is pretty quick. Very patient and helpful team. I strongly recommend it and they deserve more than 5 stars.','published','2025-12-25 18:49:58','2025-12-25 18:49:58',NULL),(562,5,NULL,NULL,58,2,'Great system, great support, good job Botble. I\'m looking forward to more great functional plugins.','published','2025-12-25 18:49:58','2025-12-25 18:49:58',NULL),(563,1,NULL,NULL,63,1,'It\'s not my first experience here on Codecanyon and I can honestly tell you all that Botble puts a LOT of effort into the support. They answer so fast, they helped me tons of times. REALLY by far THE BEST EXPERIENCE on Codecanyon. Those guys at Botble are so good that they deserve 5 stars. I recommend them, I trust them and I can\'t wait to see what they will sell in a near future. Thank you Botble :)','published','2025-12-25 18:49:58','2025-12-25 18:49:58',NULL),(564,4,NULL,NULL,31,5,'Ok good product. I have some issues in customizations. But its not correct to blame the developer. The product is good. Good luck for your business.','published','2025-12-25 18:49:58','2025-12-25 18:49:58',NULL),(565,3,NULL,NULL,75,2,'Best ecommerce CMS online store!','published','2025-12-25 18:49:58','2025-12-25 18:49:58',NULL),(566,2,NULL,NULL,67,1,'The code is good, in general, if you like it, can you give it 5 stars?','published','2025-12-25 18:49:58','2025-12-25 18:49:58',NULL),(567,5,NULL,NULL,25,2,'We have received brilliant service support and will be expanding the features with the developer. Nice product!','published','2025-12-25 18:49:58','2025-12-25 18:49:58',NULL),(568,1,NULL,NULL,43,1,'The best ecommerce CMS! Excellent coding! best support service! Thank you so much..... I really like your hard work.','published','2025-12-25 18:49:58','2025-12-25 18:49:58',NULL),(569,6,NULL,NULL,42,5,'Customer Support are grade (A*), however the code is a way too over engineered for it\'s purpose.','published','2025-12-25 18:49:58','2025-12-25 18:49:58',NULL),(570,6,NULL,NULL,40,2,'Best ecommerce CMS online store!','published','2025-12-25 18:49:58','2025-12-25 18:49:58',NULL),(571,1,NULL,NULL,24,4,'Cool template. Excellent code quality. The support responds very quickly, which is very rare on themeforest and codecanyon.net, I buy a lot of templates, and everyone will have a response from technical support for two or three days. Thanks to tech support. I recommend to buy.','published','2025-12-25 18:49:58','2025-12-25 18:49:58',NULL),(572,7,NULL,NULL,63,5,'Very enthusiastic support! Excellent code is written. It\'s a true pleasure working with.','published','2025-12-25 18:49:58','2025-12-25 18:49:58',NULL),(573,5,NULL,NULL,30,4,'I Love this Script. I also found how to add other fees. Now I just wait the BIG update for the Marketplace with the Bulk Import. Just do not forget to make it to be Multi-language for us the Botble Fans.','published','2025-12-25 18:49:58','2025-12-25 18:49:58',NULL),(574,1,NULL,NULL,18,1,'This script is well coded and is super fast. The support is pretty quick. Very patient and helpful team. I strongly recommend it and they deserve more than 5 stars.','published','2025-12-25 18:49:58','2025-12-25 18:49:58',NULL),(575,4,NULL,NULL,17,4,'Cool template. Excellent code quality. The support responds very quickly, which is very rare on themeforest and codecanyon.net, I buy a lot of templates, and everyone will have a response from technical support for two or three days. Thanks to tech support. I recommend to buy.','published','2025-12-25 18:49:58','2025-12-25 18:49:58',NULL),(576,1,NULL,NULL,5,3,'Ok good product. I have some issues in customizations. But its not correct to blame the developer. The product is good. Good luck for your business.','published','2025-12-25 18:49:58','2025-12-25 18:49:58',NULL),(577,5,NULL,NULL,20,2,'The code is good, in general, if you like it, can you give it 5 stars?','published','2025-12-25 18:49:58','2025-12-25 18:49:58',NULL),(578,10,NULL,NULL,9,1,'The best ecommerce CMS! Excellent coding! best support service! Thank you so much..... I really like your hard work.','published','2025-12-25 18:49:58','2025-12-25 18:49:58',NULL),(579,6,NULL,NULL,67,1,'The script is the best of its class, fast, easy to implement and work with , and the most important thing is the great support team , Recommend with no doubt.','published','2025-12-25 18:49:58','2025-12-25 18:49:58',NULL),(580,1,NULL,NULL,35,1,'I Love this Script. I also found how to add other fees. Now I just wait the BIG update for the Marketplace with the Bulk Import. Just do not forget to make it to be Multi-language for us the Botble Fans.','published','2025-12-25 18:49:58','2025-12-25 18:49:58',NULL),(581,8,NULL,NULL,61,5,'This script is well coded and is super fast. The support is pretty quick. Very patient and helpful team. I strongly recommend it and they deserve more than 5 stars.','published','2025-12-25 18:49:58','2025-12-25 18:49:58',NULL),(582,3,NULL,NULL,34,5,'Those guys now what they are doing, the release such a good product that it\'s a pleasure to work with ! Even when I was stuck on the project, I created a ticket and the next day it was replied by the team. GOOD JOB guys. I love working with them :)','published','2025-12-25 18:49:58','2025-12-25 18:49:58',NULL),(583,2,NULL,NULL,30,2,'Solution is too robust for our purpose so we didn\'t use it at the end. But I appreciate customer support during initial configuration.','published','2025-12-25 18:49:58','2025-12-25 18:49:58',NULL),(584,1,NULL,NULL,33,2,'Best ecommerce CMS online store!','published','2025-12-25 18:49:58','2025-12-25 18:49:58',NULL),(585,5,NULL,NULL,24,4,'Solution is too robust for our purpose so we didn\'t use it at the end. But I appreciate customer support during initial configuration.','published','2025-12-25 18:49:58','2025-12-25 18:49:58',NULL),(586,1,NULL,NULL,13,2,'Good app, good backup service and support. Good documentation.','published','2025-12-25 18:49:58','2025-12-25 18:49:58',NULL),(587,9,NULL,NULL,54,4,'As a developer I reviewed this script. This is really awesome ecommerce script. I have convinced when I noticed that it\'s built on fully WordPress concept.','published','2025-12-25 18:49:58','2025-12-25 18:49:58',NULL),(588,1,NULL,NULL,38,4,'This web app is really good in design, code quality & features. Besides, the customer support provided by the Botble team was really fast & helpful. You guys are awesome!','published','2025-12-25 18:49:58','2025-12-25 18:49:58',NULL),(589,10,NULL,NULL,65,4,'Great E-commerce system. And much more : Wonderful Customer Support.','published','2025-12-25 18:49:58','2025-12-25 18:49:58',NULL),(590,3,NULL,NULL,46,2,'This script is well coded and is super fast. The support is pretty quick. Very patient and helpful team. I strongly recommend it and they deserve more than 5 stars.','published','2025-12-25 18:49:58','2025-12-25 18:49:58',NULL),(591,3,NULL,NULL,29,4,'The script is the best of its class, fast, easy to implement and work with , and the most important thing is the great support team , Recommend with no doubt.','published','2025-12-25 18:49:58','2025-12-25 18:49:58',NULL),(592,8,NULL,NULL,29,2,'These guys are amazing! Responses immediately, amazing support and help... I immediately feel at ease after Purchasing..','published','2025-12-25 18:49:58','2025-12-25 18:49:58',NULL),(593,10,NULL,NULL,10,2,'Good app, good backup service and support. Good documentation.','published','2025-12-25 18:49:58','2025-12-25 18:49:58',NULL),(594,10,NULL,NULL,53,3,'Best ecommerce CMS online store!','published','2025-12-25 18:49:58','2025-12-25 18:49:58',NULL),(595,10,NULL,NULL,22,2,'For me the best eCommerce script on Envato at this moment: modern, clean code, a lot of great features. The customer support is great too: I always get an answer within hours!','published','2025-12-25 18:49:58','2025-12-25 18:49:58',NULL),(596,4,NULL,NULL,7,1,'This script is well coded and is super fast. The support is pretty quick. Very patient and helpful team. I strongly recommend it and they deserve more than 5 stars.','published','2025-12-25 18:49:58','2025-12-25 18:49:58',NULL),(597,8,NULL,NULL,31,1,'The best ecommerce CMS! Excellent coding! best support service! Thank you so much..... I really like your hard work.','published','2025-12-25 18:49:58','2025-12-25 18:49:58',NULL),(598,1,NULL,NULL,56,5,'The code is good, in general, if you like it, can you give it 5 stars?','published','2025-12-25 18:49:58','2025-12-25 18:49:58',NULL),(599,10,NULL,NULL,69,5,'Great E-commerce system. And much more : Wonderful Customer Support.','published','2025-12-25 18:49:58','2025-12-25 18:49:58',NULL),(600,5,NULL,NULL,39,1,'Ok good product. I have some issues in customizations. But its not correct to blame the developer. The product is good. Good luck for your business.','published','2025-12-25 18:49:58','2025-12-25 18:49:58',NULL),(601,4,NULL,NULL,44,4,'Great system, great support, good job Botble. I\'m looking forward to more great functional plugins.','published','2025-12-25 18:49:58','2025-12-25 18:49:58',NULL),(602,5,NULL,NULL,31,5,'I Love this Script. I also found how to add other fees. Now I just wait the BIG update for the Marketplace with the Bulk Import. Just do not forget to make it to be Multi-language for us the Botble Fans.','published','2025-12-25 18:49:58','2025-12-25 18:49:58',NULL),(603,7,NULL,NULL,71,4,'The code is good, in general, if you like it, can you give it 5 stars?','published','2025-12-25 18:49:58','2025-12-25 18:49:58',NULL),(604,10,NULL,NULL,20,4,'The script is the best of its class, fast, easy to implement and work with , and the most important thing is the great support team , Recommend with no doubt.','published','2025-12-25 18:49:58','2025-12-25 18:49:58',NULL),(605,2,NULL,NULL,13,4,'This script is well coded and is super fast. The support is pretty quick. Very patient and helpful team. I strongly recommend it and they deserve more than 5 stars.','published','2025-12-25 18:49:58','2025-12-25 18:49:58',NULL),(606,7,NULL,NULL,9,5,'Customer Support are grade (A*), however the code is a way too over engineered for it\'s purpose.','published','2025-12-25 18:49:58','2025-12-25 18:49:58',NULL),(607,8,NULL,NULL,72,1,'Second or third time that I buy a Botble product, happy with the products and support. You guys do a good job :)','published','2025-12-25 18:49:58','2025-12-25 18:49:58',NULL),(608,5,NULL,NULL,11,1,'Best ecommerce CMS online store!','published','2025-12-25 18:49:58','2025-12-25 18:49:58',NULL),(609,5,NULL,NULL,45,1,'Cool template. Excellent code quality. The support responds very quickly, which is very rare on themeforest and codecanyon.net, I buy a lot of templates, and everyone will have a response from technical support for two or three days. Thanks to tech support. I recommend to buy.','published','2025-12-25 18:49:58','2025-12-25 18:49:58',NULL),(610,9,NULL,NULL,36,3,'This web app is really good in design, code quality & features. Besides, the customer support provided by the Botble team was really fast & helpful. You guys are awesome!','published','2025-12-25 18:49:58','2025-12-25 18:49:58',NULL),(611,2,NULL,NULL,32,2,'For me the best eCommerce script on Envato at this moment: modern, clean code, a lot of great features. The customer support is great too: I always get an answer within hours!','published','2025-12-25 18:49:58','2025-12-25 18:49:58',NULL),(612,8,NULL,NULL,68,5,'Amazing code, amazing support. Overall, im really confident in Botble and im happy I made the right choice! Thank you so much guys for coding this masterpiece','published','2025-12-25 18:49:58','2025-12-25 18:49:58',NULL),(613,6,NULL,NULL,34,1,'I Love this Script. I also found how to add other fees. Now I just wait the BIG update for the Marketplace with the Bulk Import. Just do not forget to make it to be Multi-language for us the Botble Fans.','published','2025-12-25 18:49:58','2025-12-25 18:49:58',NULL),(614,7,NULL,NULL,31,1,'This script is well coded and is super fast. The support is pretty quick. Very patient and helpful team. I strongly recommend it and they deserve more than 5 stars.','published','2025-12-25 18:49:58','2025-12-25 18:49:58',NULL),(615,8,NULL,NULL,6,4,'Very enthusiastic support! Excellent code is written. It\'s a true pleasure working with.','published','2025-12-25 18:49:58','2025-12-25 18:49:58',NULL),(616,2,NULL,NULL,38,3,'Clean & perfect source code','published','2025-12-25 18:49:58','2025-12-25 18:49:58',NULL),(617,6,NULL,NULL,74,1,'As a developer I reviewed this script. This is really awesome ecommerce script. I have convinced when I noticed that it\'s built on fully WordPress concept.','published','2025-12-25 18:49:58','2025-12-25 18:49:58',NULL),(618,2,NULL,NULL,56,1,'I Love this Script. I also found how to add other fees. Now I just wait the BIG update for the Marketplace with the Bulk Import. Just do not forget to make it to be Multi-language for us the Botble Fans.','published','2025-12-25 18:49:58','2025-12-25 18:49:58',NULL),(619,7,NULL,NULL,75,3,'Great E-commerce system. And much more : Wonderful Customer Support.','published','2025-12-25 18:49:58','2025-12-25 18:49:58',NULL),(620,3,NULL,NULL,49,2,'Great system, great support, good job Botble. I\'m looking forward to more great functional plugins.','published','2025-12-25 18:49:58','2025-12-25 18:49:58',NULL),(621,3,NULL,NULL,53,2,'The code is good, in general, if you like it, can you give it 5 stars?','published','2025-12-25 18:49:58','2025-12-25 18:49:58',NULL),(622,3,NULL,NULL,58,5,'Customer Support are grade (A*), however the code is a way too over engineered for it\'s purpose.','published','2025-12-25 18:49:58','2025-12-25 18:49:58',NULL),(623,9,NULL,NULL,74,1,'Second or third time that I buy a Botble product, happy with the products and support. You guys do a good job :)','published','2025-12-25 18:49:58','2025-12-25 18:49:58',NULL),(624,3,NULL,NULL,71,5,'I Love this Script. I also found how to add other fees. Now I just wait the BIG update for the Marketplace with the Bulk Import. Just do not forget to make it to be Multi-language for us the Botble Fans.','published','2025-12-25 18:49:58','2025-12-25 18:49:58',NULL),(625,8,NULL,NULL,54,5,'The best ecommerce CMS! Excellent coding! best support service! Thank you so much..... I really like your hard work.','published','2025-12-25 18:49:58','2025-12-25 18:49:58',NULL),(626,4,NULL,NULL,10,3,'These guys are amazing! Responses immediately, amazing support and help... I immediately feel at ease after Purchasing..','published','2025-12-25 18:49:58','2025-12-25 18:49:58',NULL),(627,10,NULL,NULL,38,1,'This web app is really good in design, code quality & features. Besides, the customer support provided by the Botble team was really fast & helpful. You guys are awesome!','published','2025-12-25 18:49:58','2025-12-25 18:49:58',NULL),(628,6,NULL,NULL,30,5,'It\'s not my first experience here on Codecanyon and I can honestly tell you all that Botble puts a LOT of effort into the support. They answer so fast, they helped me tons of times. REALLY by far THE BEST EXPERIENCE on Codecanyon. Those guys at Botble are so good that they deserve 5 stars. I recommend them, I trust them and I can\'t wait to see what they will sell in a near future. Thank you Botble :)','published','2025-12-25 18:49:58','2025-12-25 18:49:58',NULL),(629,8,NULL,NULL,63,2,'The best ecommerce CMS! Excellent coding! best support service! Thank you so much..... I really like your hard work.','published','2025-12-25 18:49:58','2025-12-25 18:49:58',NULL),(630,5,NULL,NULL,32,4,'The code is good, in general, if you like it, can you give it 5 stars?','published','2025-12-25 18:49:58','2025-12-25 18:49:58',NULL),(631,1,NULL,NULL,10,3,'The script is the best of its class, fast, easy to implement and work with , and the most important thing is the great support team , Recommend with no doubt.','published','2025-12-25 18:49:58','2025-12-25 18:49:58',NULL),(632,6,NULL,NULL,2,1,'Great E-commerce system. And much more : Wonderful Customer Support.','published','2025-12-25 18:49:58','2025-12-25 18:49:58',NULL),(633,1,NULL,NULL,71,5,'These guys are amazing! Responses immediately, amazing support and help... I immediately feel at ease after Purchasing..','published','2025-12-25 18:49:58','2025-12-25 18:49:58',NULL),(634,8,NULL,NULL,2,2,'Best ecommerce CMS online store!','published','2025-12-25 18:49:58','2025-12-25 18:49:58',NULL),(635,2,NULL,NULL,39,4,'This web app is really good in design, code quality & features. Besides, the customer support provided by the Botble team was really fast & helpful. You guys are awesome!','published','2025-12-25 18:49:58','2025-12-25 18:49:58',NULL),(636,8,NULL,NULL,67,5,'Very enthusiastic support! Excellent code is written. It\'s a true pleasure working with.','published','2025-12-25 18:49:58','2025-12-25 18:49:58',NULL),(637,4,NULL,NULL,21,1,'Those guys now what they are doing, the release such a good product that it\'s a pleasure to work with ! Even when I was stuck on the project, I created a ticket and the next day it was replied by the team. GOOD JOB guys. I love working with them :)','published','2025-12-25 18:49:58','2025-12-25 18:49:58',NULL),(638,8,NULL,NULL,12,4,'This web app is really good in design, code quality & features. Besides, the customer support provided by the Botble team was really fast & helpful. You guys are awesome!','published','2025-12-25 18:49:58','2025-12-25 18:49:58',NULL),(639,4,NULL,NULL,57,4,'Those guys now what they are doing, the release such a good product that it\'s a pleasure to work with ! Even when I was stuck on the project, I created a ticket and the next day it was replied by the team. GOOD JOB guys. I love working with them :)','published','2025-12-25 18:49:58','2025-12-25 18:49:58',NULL),(640,5,NULL,NULL,66,2,'Very enthusiastic support! Excellent code is written. It\'s a true pleasure working with.','published','2025-12-25 18:49:58','2025-12-25 18:49:58',NULL),(641,1,NULL,NULL,67,3,'As a developer I reviewed this script. This is really awesome ecommerce script. I have convinced when I noticed that it\'s built on fully WordPress concept.','published','2025-12-25 18:49:58','2025-12-25 18:49:58',NULL),(642,4,NULL,NULL,39,3,'Amazing code, amazing support. Overall, im really confident in Botble and im happy I made the right choice! Thank you so much guys for coding this masterpiece','published','2025-12-25 18:49:58','2025-12-25 18:49:58',NULL),(643,4,NULL,NULL,52,1,'Ok good product. I have some issues in customizations. But its not correct to blame the developer. The product is good. Good luck for your business.','published','2025-12-25 18:49:58','2025-12-25 18:49:58',NULL),(644,2,NULL,NULL,40,5,'Ok good product. I have some issues in customizations. But its not correct to blame the developer. The product is good. Good luck for your business.','published','2025-12-25 18:49:58','2025-12-25 18:49:58',NULL),(645,10,NULL,NULL,63,4,'Great E-commerce system. And much more : Wonderful Customer Support.','published','2025-12-25 18:49:58','2025-12-25 18:49:58',NULL),(646,6,NULL,NULL,59,2,'We have received brilliant service support and will be expanding the features with the developer. Nice product!','published','2025-12-25 18:49:58','2025-12-25 18:49:58',NULL),(647,4,NULL,NULL,2,1,'The best store template! Excellent coding! Very good support! Thank you so much for all the help, I really appreciated.','published','2025-12-25 18:49:58','2025-12-25 18:49:58',NULL),(648,2,NULL,NULL,69,4,'Amazing code, amazing support. Overall, im really confident in Botble and im happy I made the right choice! Thank you so much guys for coding this masterpiece','published','2025-12-25 18:49:58','2025-12-25 18:49:58',NULL),(649,6,NULL,NULL,47,4,'This script is well coded and is super fast. The support is pretty quick. Very patient and helpful team. I strongly recommend it and they deserve more than 5 stars.','published','2025-12-25 18:49:58','2025-12-25 18:49:58',NULL),(650,6,NULL,NULL,4,5,'Best ecommerce CMS online store!','published','2025-12-25 18:49:58','2025-12-25 18:49:58',NULL),(651,10,NULL,NULL,31,3,'These guys are amazing! Responses immediately, amazing support and help... I immediately feel at ease after Purchasing..','published','2025-12-25 18:49:58','2025-12-25 18:49:58',NULL),(652,8,NULL,NULL,10,5,'Perfect +++++++++ i love it really also i get to fast ticket answers... Thanks Lot BOTBLE Teams','published','2025-12-25 18:49:58','2025-12-25 18:49:58',NULL),(653,7,NULL,NULL,46,3,'Cool template. Excellent code quality. The support responds very quickly, which is very rare on themeforest and codecanyon.net, I buy a lot of templates, and everyone will have a response from technical support for two or three days. Thanks to tech support. I recommend to buy.','published','2025-12-25 18:49:58','2025-12-25 18:49:58',NULL),(654,2,NULL,NULL,42,5,'Cool template. Excellent code quality. The support responds very quickly, which is very rare on themeforest and codecanyon.net, I buy a lot of templates, and everyone will have a response from technical support for two or three days. Thanks to tech support. I recommend to buy.','published','2025-12-25 18:49:58','2025-12-25 18:49:58',NULL),(655,7,NULL,NULL,40,5,'Clean & perfect source code','published','2025-12-25 18:49:58','2025-12-25 18:49:58',NULL),(656,7,NULL,NULL,23,2,'Ok good product. I have some issues in customizations. But its not correct to blame the developer. The product is good. Good luck for your business.','published','2025-12-25 18:49:58','2025-12-25 18:49:58',NULL),(657,2,NULL,NULL,21,2,'Clean & perfect source code','published','2025-12-25 18:49:58','2025-12-25 18:49:58',NULL),(658,4,NULL,NULL,63,1,'Great system, great support, good job Botble. I\'m looking forward to more great functional plugins.','published','2025-12-25 18:49:58','2025-12-25 18:49:58',NULL),(659,10,NULL,NULL,7,5,'I Love this Script. I also found how to add other fees. Now I just wait the BIG update for the Marketplace with the Bulk Import. Just do not forget to make it to be Multi-language for us the Botble Fans.','published','2025-12-25 18:49:58','2025-12-25 18:49:58',NULL),(660,6,NULL,NULL,7,2,'Clean & perfect source code','published','2025-12-25 18:49:58','2025-12-25 18:49:58',NULL),(661,10,NULL,NULL,15,4,'Great E-commerce system. And much more : Wonderful Customer Support.','published','2025-12-25 18:49:58','2025-12-25 18:49:58',NULL),(662,5,NULL,NULL,72,4,'Second or third time that I buy a Botble product, happy with the products and support. You guys do a good job :)','published','2025-12-25 18:49:58','2025-12-25 18:49:58',NULL),(663,10,NULL,NULL,12,4,'The script is the best of its class, fast, easy to implement and work with , and the most important thing is the great support team , Recommend with no doubt.','published','2025-12-25 18:49:58','2025-12-25 18:49:58',NULL),(664,10,NULL,NULL,29,5,'It\'s not my first experience here on Codecanyon and I can honestly tell you all that Botble puts a LOT of effort into the support. They answer so fast, they helped me tons of times. REALLY by far THE BEST EXPERIENCE on Codecanyon. Those guys at Botble are so good that they deserve 5 stars. I recommend them, I trust them and I can\'t wait to see what they will sell in a near future. Thank you Botble :)','published','2025-12-25 18:49:58','2025-12-25 18:49:58',NULL),(665,2,NULL,NULL,71,3,'This web app is really good in design, code quality & features. Besides, the customer support provided by the Botble team was really fast & helpful. You guys are awesome!','published','2025-12-25 18:49:58','2025-12-25 18:49:58',NULL),(666,3,NULL,NULL,13,5,'Clean & perfect source code','published','2025-12-25 18:49:58','2025-12-25 18:49:58',NULL),(667,2,NULL,NULL,72,4,'Great E-commerce system. And much more : Wonderful Customer Support.','published','2025-12-25 18:49:58','2025-12-25 18:49:58',NULL),(668,10,NULL,NULL,43,3,'Great system, great support, good job Botble. I\'m looking forward to more great functional plugins.','published','2025-12-25 18:49:58','2025-12-25 18:49:58',NULL),(669,3,NULL,NULL,24,4,'As a developer I reviewed this script. This is really awesome ecommerce script. I have convinced when I noticed that it\'s built on fully WordPress concept.','published','2025-12-25 18:49:58','2025-12-25 18:49:58',NULL),(670,7,NULL,NULL,53,4,'The code is good, in general, if you like it, can you give it 5 stars?','published','2025-12-25 18:49:58','2025-12-25 18:49:58',NULL),(671,6,NULL,NULL,70,4,'For me the best eCommerce script on Envato at this moment: modern, clean code, a lot of great features. The customer support is great too: I always get an answer within hours!','published','2025-12-25 18:49:58','2025-12-25 18:49:58',NULL),(672,2,NULL,NULL,18,4,'Great system, great support, good job Botble. I\'m looking forward to more great functional plugins.','published','2025-12-25 18:49:58','2025-12-25 18:49:58',NULL),(673,9,NULL,NULL,60,2,'Very enthusiastic support! Excellent code is written. It\'s a true pleasure working with.','published','2025-12-25 18:49:58','2025-12-25 18:49:58',NULL),(674,3,NULL,NULL,6,2,'The code is good, in general, if you like it, can you give it 5 stars?','published','2025-12-25 18:49:58','2025-12-25 18:49:58',NULL),(675,8,NULL,NULL,36,1,'Customer Support are grade (A*), however the code is a way too over engineered for it\'s purpose.','published','2025-12-25 18:49:58','2025-12-25 18:49:58',NULL),(676,7,NULL,NULL,22,1,'This script is well coded and is super fast. The support is pretty quick. Very patient and helpful team. I strongly recommend it and they deserve more than 5 stars.','published','2025-12-25 18:49:58','2025-12-25 18:49:58',NULL),(677,9,NULL,NULL,45,5,'Very enthusiastic support! Excellent code is written. It\'s a true pleasure working with.','published','2025-12-25 18:49:58','2025-12-25 18:49:58',NULL),(678,4,NULL,NULL,37,3,'Ok good product. I have some issues in customizations. But its not correct to blame the developer. The product is good. Good luck for your business.','published','2025-12-25 18:49:58','2025-12-25 18:49:58',NULL),(679,10,NULL,NULL,47,3,'It\'s not my first experience here on Codecanyon and I can honestly tell you all that Botble puts a LOT of effort into the support. They answer so fast, they helped me tons of times. REALLY by far THE BEST EXPERIENCE on Codecanyon. Those guys at Botble are so good that they deserve 5 stars. I recommend them, I trust them and I can\'t wait to see what they will sell in a near future. Thank you Botble :)','published','2025-12-25 18:49:58','2025-12-25 18:49:58',NULL),(680,3,NULL,NULL,52,4,'Second or third time that I buy a Botble product, happy with the products and support. You guys do a good job :)','published','2025-12-25 18:49:58','2025-12-25 18:49:58',NULL),(681,8,NULL,NULL,75,4,'Ok good product. I have some issues in customizations. But its not correct to blame the developer. The product is good. Good luck for your business.','published','2025-12-25 18:49:58','2025-12-25 18:49:58',NULL),(682,7,NULL,NULL,38,2,'The code is good, in general, if you like it, can you give it 5 stars?','published','2025-12-25 18:49:58','2025-12-25 18:49:58',NULL),(683,9,NULL,NULL,33,4,'This script is well coded and is super fast. The support is pretty quick. Very patient and helpful team. I strongly recommend it and they deserve more than 5 stars.','published','2025-12-25 18:49:58','2025-12-25 18:49:58',NULL),(684,4,NULL,NULL,6,3,'Solution is too robust for our purpose so we didn\'t use it at the end. But I appreciate customer support during initial configuration.','published','2025-12-25 18:49:58','2025-12-25 18:49:58',NULL),(685,2,NULL,NULL,22,1,'Second or third time that I buy a Botble product, happy with the products and support. You guys do a good job :)','published','2025-12-25 18:49:58','2025-12-25 18:49:58',NULL),(686,3,NULL,NULL,26,2,'Ok good product. I have some issues in customizations. But its not correct to blame the developer. The product is good. Good luck for your business.','published','2025-12-25 18:49:58','2025-12-25 18:49:58',NULL),(687,5,NULL,NULL,28,1,'Perfect +++++++++ i love it really also i get to fast ticket answers... Thanks Lot BOTBLE Teams','published','2025-12-25 18:49:58','2025-12-25 18:49:58',NULL),(688,10,NULL,NULL,28,1,'Second or third time that I buy a Botble product, happy with the products and support. You guys do a good job :)','published','2025-12-25 18:49:58','2025-12-25 18:49:58',NULL),(689,3,NULL,NULL,67,3,'Cool template. Excellent code quality. The support responds very quickly, which is very rare on themeforest and codecanyon.net, I buy a lot of templates, and everyone will have a response from technical support for two or three days. Thanks to tech support. I recommend to buy.','published','2025-12-25 18:49:58','2025-12-25 18:49:58',NULL),(690,3,NULL,NULL,19,1,'The script is the best of its class, fast, easy to implement and work with , and the most important thing is the great support team , Recommend with no doubt.','published','2025-12-25 18:49:58','2025-12-25 18:49:58',NULL),(691,9,NULL,NULL,51,3,'Solution is too robust for our purpose so we didn\'t use it at the end. But I appreciate customer support during initial configuration.','published','2025-12-25 18:49:58','2025-12-25 18:49:58',NULL),(692,2,NULL,NULL,36,2,'Great system, great support, good job Botble. I\'m looking forward to more great functional plugins.','published','2025-12-25 18:49:58','2025-12-25 18:49:58',NULL),(693,1,NULL,NULL,39,5,'Solution is too robust for our purpose so we didn\'t use it at the end. But I appreciate customer support during initial configuration.','published','2025-12-25 18:49:58','2025-12-25 18:49:58',NULL),(694,6,NULL,NULL,12,4,'It\'s not my first experience here on Codecanyon and I can honestly tell you all that Botble puts a LOT of effort into the support. They answer so fast, they helped me tons of times. REALLY by far THE BEST EXPERIENCE on Codecanyon. Those guys at Botble are so good that they deserve 5 stars. I recommend them, I trust them and I can\'t wait to see what they will sell in a near future. Thank you Botble :)','published','2025-12-25 18:49:58','2025-12-25 18:49:58',NULL),(695,7,NULL,NULL,50,3,'The best store template! Excellent coding! Very good support! Thank you so much for all the help, I really appreciated.','published','2025-12-25 18:49:58','2025-12-25 18:49:58',NULL),(696,8,NULL,NULL,43,5,'Amazing code, amazing support. Overall, im really confident in Botble and im happy I made the right choice! Thank you so much guys for coding this masterpiece','published','2025-12-25 18:49:58','2025-12-25 18:49:58',NULL),(697,5,NULL,NULL,64,2,'I Love this Script. I also found how to add other fees. Now I just wait the BIG update for the Marketplace with the Bulk Import. Just do not forget to make it to be Multi-language for us the Botble Fans.','published','2025-12-25 18:49:58','2025-12-25 18:49:58',NULL),(698,1,NULL,NULL,53,4,'The script is the best of its class, fast, easy to implement and work with , and the most important thing is the great support team , Recommend with no doubt.','published','2025-12-25 18:49:58','2025-12-25 18:49:58',NULL),(699,2,NULL,NULL,2,2,'For me the best eCommerce script on Envato at this moment: modern, clean code, a lot of great features. The customer support is great too: I always get an answer within hours!','published','2025-12-25 18:49:58','2025-12-25 18:49:58',NULL),(700,10,NULL,NULL,59,4,'For me the best eCommerce script on Envato at this moment: modern, clean code, a lot of great features. The customer support is great too: I always get an answer within hours!','published','2025-12-25 18:49:58','2025-12-25 18:49:58',NULL),(701,2,NULL,NULL,11,2,'Customer Support are grade (A*), however the code is a way too over engineered for it\'s purpose.','published','2025-12-25 18:49:58','2025-12-25 18:49:58',NULL),(702,2,NULL,NULL,20,2,'These guys are amazing! Responses immediately, amazing support and help... I immediately feel at ease after Purchasing..','published','2025-12-25 18:49:58','2025-12-25 18:49:58',NULL),(703,7,NULL,NULL,66,5,'For me the best eCommerce script on Envato at this moment: modern, clean code, a lot of great features. The customer support is great too: I always get an answer within hours!','published','2025-12-25 18:49:58','2025-12-25 18:49:58',NULL);
/*!40000 ALTER TABLE `ec_reviews` ENABLE KEYS */;
UNLOCK TABLES;

--
-- Table structure for table `ec_shared_wishlists`
--

DROP TABLE IF EXISTS `ec_shared_wishlists`;
/*!40101 SET @saved_cs_client     = @@character_set_client */;
/*!50503 SET character_set_client = utf8mb4 */;
CREATE TABLE `ec_shared_wishlists` (
  `id` bigint unsigned NOT NULL AUTO_INCREMENT,
  `code` varchar(191) COLLATE utf8mb4_unicode_ci NOT NULL,
  `product_ids` text COLLATE utf8mb4_unicode_ci,
  `created_at` timestamp NULL DEFAULT NULL,
  `updated_at` timestamp NULL DEFAULT NULL,
  PRIMARY KEY (`id`),
  UNIQUE KEY `ec_shared_wishlists_code_unique` (`code`)
) ENGINE=InnoDB DEFAULT CHARSET=utf8mb4 COLLATE=utf8mb4_unicode_ci;
/*!40101 SET character_set_client = @saved_cs_client */;

--
-- Dumping data for table `ec_shared_wishlists`
--

LOCK TABLES `ec_shared_wishlists` WRITE;
/*!40000 ALTER TABLE `ec_shared_wishlists` DISABLE KEYS */;
/*!40000 ALTER TABLE `ec_shared_wishlists` ENABLE KEYS */;
UNLOCK TABLES;

--
-- Table structure for table `ec_shipment_histories`
--

DROP TABLE IF EXISTS `ec_shipment_histories`;
/*!40101 SET @saved_cs_client     = @@character_set_client */;
/*!50503 SET character_set_client = utf8mb4 */;
CREATE TABLE `ec_shipment_histories` (
  `id` bigint unsigned NOT NULL AUTO_INCREMENT,
  `action` varchar(120) COLLATE utf8mb4_unicode_ci NOT NULL,
  `description` varchar(400) COLLATE utf8mb4_unicode_ci DEFAULT NULL,
  `user_id` bigint unsigned DEFAULT NULL,
  `shipment_id` bigint unsigned NOT NULL,
  `order_id` bigint unsigned NOT NULL,
  `created_at` timestamp NULL DEFAULT NULL,
  `updated_at` timestamp NULL DEFAULT NULL,
  `user_type` varchar(191) COLLATE utf8mb4_unicode_ci NOT NULL DEFAULT 'Botble\\ACL\\Models\\User',
  PRIMARY KEY (`id`)
) ENGINE=InnoDB DEFAULT CHARSET=utf8mb4 COLLATE=utf8mb4_unicode_ci;
/*!40101 SET character_set_client = @saved_cs_client */;

--
-- Dumping data for table `ec_shipment_histories`
--

LOCK TABLES `ec_shipment_histories` WRITE;
/*!40000 ALTER TABLE `ec_shipment_histories` DISABLE KEYS */;
/*!40000 ALTER TABLE `ec_shipment_histories` ENABLE KEYS */;
UNLOCK TABLES;

--
-- Table structure for table `ec_shipments`
--

DROP TABLE IF EXISTS `ec_shipments`;
/*!40101 SET @saved_cs_client     = @@character_set_client */;
/*!50503 SET character_set_client = utf8mb4 */;
CREATE TABLE `ec_shipments` (
  `id` bigint unsigned NOT NULL AUTO_INCREMENT,
  `order_id` bigint unsigned NOT NULL,
  `user_id` bigint unsigned DEFAULT NULL,
  `weight` double DEFAULT '0',
  `shipment_id` varchar(120) COLLATE utf8mb4_unicode_ci DEFAULT NULL,
  `rate_id` varchar(120) COLLATE utf8mb4_unicode_ci DEFAULT NULL,
  `note` text COLLATE utf8mb4_unicode_ci,
  `status` varchar(120) COLLATE utf8mb4_unicode_ci NOT NULL DEFAULT 'pending',
  `cod_amount` decimal(15,2) DEFAULT '0.00',
  `cod_status` varchar(60) COLLATE utf8mb4_unicode_ci NOT NULL DEFAULT 'pending',
  `cross_checking_status` varchar(60) COLLATE utf8mb4_unicode_ci NOT NULL DEFAULT 'pending',
  `price` decimal(15,2) DEFAULT '0.00',
  `store_id` bigint unsigned DEFAULT NULL,
  `created_at` timestamp NULL DEFAULT NULL,
  `updated_at` timestamp NULL DEFAULT NULL,
  `tracking_id` varchar(191) COLLATE utf8mb4_unicode_ci DEFAULT NULL,
  `shipping_company_name` varchar(191) COLLATE utf8mb4_unicode_ci DEFAULT NULL,
  `tracking_link` varchar(191) COLLATE utf8mb4_unicode_ci DEFAULT NULL,
  `estimate_date_shipped` datetime DEFAULT NULL,
  `date_shipped` datetime DEFAULT NULL,
  `customer_delivered_confirmed_at` timestamp NULL DEFAULT NULL,
  `label_url` text COLLATE utf8mb4_unicode_ci,
  `metadata` mediumtext COLLATE utf8mb4_unicode_ci,
  PRIMARY KEY (`id`),
  UNIQUE KEY `ec_shipments_order_id_unique` (`order_id`)
) ENGINE=InnoDB DEFAULT CHARSET=utf8mb4 COLLATE=utf8mb4_unicode_ci;
/*!40101 SET character_set_client = @saved_cs_client */;

--
-- Dumping data for table `ec_shipments`
--

LOCK TABLES `ec_shipments` WRITE;
/*!40000 ALTER TABLE `ec_shipments` DISABLE KEYS */;
/*!40000 ALTER TABLE `ec_shipments` ENABLE KEYS */;
UNLOCK TABLES;

--
-- Table structure for table `ec_shipping`
--

DROP TABLE IF EXISTS `ec_shipping`;
/*!40101 SET @saved_cs_client     = @@character_set_client */;
/*!50503 SET character_set_client = utf8mb4 */;
CREATE TABLE `ec_shipping` (
  `id` bigint unsigned NOT NULL AUTO_INCREMENT,
  `title` varchar(191) COLLATE utf8mb4_unicode_ci DEFAULT NULL,
  `country` varchar(120) COLLATE utf8mb4_unicode_ci DEFAULT NULL,
  `created_at` timestamp NULL DEFAULT NULL,
  `updated_at` timestamp NULL DEFAULT NULL,
  PRIMARY KEY (`id`)
) ENGINE=InnoDB AUTO_INCREMENT=2 DEFAULT CHARSET=utf8mb4 COLLATE=utf8mb4_unicode_ci;
/*!40101 SET character_set_client = @saved_cs_client */;

--
-- Dumping data for table `ec_shipping`
--

LOCK TABLES `ec_shipping` WRITE;
/*!40000 ALTER TABLE `ec_shipping` DISABLE KEYS */;
INSERT INTO `ec_shipping` VALUES (1,'All',NULL,'2025-12-25 18:49:34','2025-12-25 18:49:34');
/*!40000 ALTER TABLE `ec_shipping` ENABLE KEYS */;
UNLOCK TABLES;

--
-- Table structure for table `ec_shipping_rule_items`
--

DROP TABLE IF EXISTS `ec_shipping_rule_items`;
/*!40101 SET @saved_cs_client     = @@character_set_client */;
/*!50503 SET character_set_client = utf8mb4 */;
CREATE TABLE `ec_shipping_rule_items` (
  `id` bigint unsigned NOT NULL AUTO_INCREMENT,
  `shipping_rule_id` bigint unsigned NOT NULL,
  `country` varchar(120) COLLATE utf8mb4_unicode_ci DEFAULT NULL,
  `state` varchar(120) COLLATE utf8mb4_unicode_ci DEFAULT NULL,
  `city` varchar(120) COLLATE utf8mb4_unicode_ci DEFAULT NULL,
  `zip_code` varchar(20) COLLATE utf8mb4_unicode_ci DEFAULT NULL,
  `adjustment_price` decimal(15,2) DEFAULT '0.00',
  `is_enabled` tinyint(1) NOT NULL DEFAULT '1',
  `created_at` timestamp NULL DEFAULT NULL,
  `updated_at` timestamp NULL DEFAULT NULL,
  PRIMARY KEY (`id`)
) ENGINE=InnoDB DEFAULT CHARSET=utf8mb4 COLLATE=utf8mb4_unicode_ci;
/*!40101 SET character_set_client = @saved_cs_client */;

--
-- Dumping data for table `ec_shipping_rule_items`
--

LOCK TABLES `ec_shipping_rule_items` WRITE;
/*!40000 ALTER TABLE `ec_shipping_rule_items` DISABLE KEYS */;
/*!40000 ALTER TABLE `ec_shipping_rule_items` ENABLE KEYS */;
UNLOCK TABLES;

--
-- Table structure for table `ec_shipping_rules`
--

DROP TABLE IF EXISTS `ec_shipping_rules`;
/*!40101 SET @saved_cs_client     = @@character_set_client */;
/*!50503 SET character_set_client = utf8mb4 */;
CREATE TABLE `ec_shipping_rules` (
  `id` bigint unsigned NOT NULL AUTO_INCREMENT,
  `name` varchar(120) COLLATE utf8mb4_unicode_ci NOT NULL,
  `shipping_id` bigint unsigned NOT NULL,
  `type` varchar(24) COLLATE utf8mb4_unicode_ci DEFAULT 'based_on_price',
  `from` decimal(15,2) DEFAULT '0.00',
  `to` decimal(15,2) DEFAULT '0.00',
  `price` decimal(15,2) DEFAULT '0.00',
  `created_at` timestamp NULL DEFAULT NULL,
  `updated_at` timestamp NULL DEFAULT NULL,
  PRIMARY KEY (`id`)
) ENGINE=InnoDB AUTO_INCREMENT=4 DEFAULT CHARSET=utf8mb4 COLLATE=utf8mb4_unicode_ci;
/*!40101 SET character_set_client = @saved_cs_client */;

--
-- Dumping data for table `ec_shipping_rules`
--

LOCK TABLES `ec_shipping_rules` WRITE;
/*!40000 ALTER TABLE `ec_shipping_rules` DISABLE KEYS */;
INSERT INTO `ec_shipping_rules` VALUES (1,'Free delivery',1,'based_on_price',1000.00,NULL,0.00,'2025-12-25 18:49:34','2025-12-25 18:49:34'),(2,'Flat Rate',1,'based_on_price',0.00,NULL,20.00,'2025-12-25 18:49:34','2025-12-25 18:49:34'),(3,'Local Pickup',1,'based_on_price',0.00,NULL,0.00,'2025-12-25 18:49:34','2025-12-25 18:49:34');
/*!40000 ALTER TABLE `ec_shipping_rules` ENABLE KEYS */;
UNLOCK TABLES;

--
-- Table structure for table `ec_specification_attributes`
--

DROP TABLE IF EXISTS `ec_specification_attributes`;
/*!40101 SET @saved_cs_client     = @@character_set_client */;
/*!50503 SET character_set_client = utf8mb4 */;
CREATE TABLE `ec_specification_attributes` (
  `id` bigint unsigned NOT NULL AUTO_INCREMENT,
  `group_id` bigint unsigned NOT NULL,
  `name` varchar(191) COLLATE utf8mb4_unicode_ci NOT NULL,
  `type` varchar(20) COLLATE utf8mb4_unicode_ci NOT NULL,
  `options` text COLLATE utf8mb4_unicode_ci,
  `default_value` varchar(191) COLLATE utf8mb4_unicode_ci DEFAULT NULL,
  `created_at` timestamp NULL DEFAULT NULL,
  `updated_at` timestamp NULL DEFAULT NULL,
  `author_type` varchar(191) COLLATE utf8mb4_unicode_ci DEFAULT NULL,
  `author_id` bigint unsigned DEFAULT NULL,
  PRIMARY KEY (`id`),
  KEY `ec_specification_attributes_author_type_author_id_index` (`author_type`,`author_id`)
) ENGINE=InnoDB AUTO_INCREMENT=9 DEFAULT CHARSET=utf8mb4 COLLATE=utf8mb4_unicode_ci;
/*!40101 SET character_set_client = @saved_cs_client */;

--
-- Dumping data for table `ec_specification_attributes`
--

LOCK TABLES `ec_specification_attributes` WRITE;
/*!40000 ALTER TABLE `ec_specification_attributes` DISABLE KEYS */;
INSERT INTO `ec_specification_attributes` VALUES (1,1,'Height','text',NULL,NULL,'2025-12-25 18:49:50','2025-12-25 18:49:50',NULL,NULL),(2,1,'Width','text',NULL,NULL,'2025-12-25 18:49:50','2025-12-25 18:49:50',NULL,NULL),(3,1,'Weight','text',NULL,NULL,'2025-12-25 18:49:50','2025-12-25 18:49:50',NULL,NULL),(4,2,'Power','text',NULL,NULL,'2025-12-25 18:49:50','2025-12-25 18:49:50',NULL,NULL),(5,2,'Speed','text',NULL,NULL,'2025-12-25 18:49:50','2025-12-25 18:49:50',NULL,NULL),(6,3,'Battery Life','text',NULL,NULL,'2025-12-25 18:49:50','2025-12-25 18:49:50',NULL,NULL),(7,4,'Screen Size','text',NULL,NULL,'2025-12-25 18:49:50','2025-12-25 18:49:50',NULL,NULL),(8,4,'Resolution','select','[\"1920x1080\",\"2560x1440\",\"3840x2160\"]',NULL,'2025-12-25 18:49:50','2025-12-25 18:49:50',NULL,NULL);
/*!40000 ALTER TABLE `ec_specification_attributes` ENABLE KEYS */;
UNLOCK TABLES;

--
-- Table structure for table `ec_specification_attributes_translations`
--

DROP TABLE IF EXISTS `ec_specification_attributes_translations`;
/*!40101 SET @saved_cs_client     = @@character_set_client */;
/*!50503 SET character_set_client = utf8mb4 */;
CREATE TABLE `ec_specification_attributes_translations` (
  `lang_code` varchar(20) COLLATE utf8mb4_unicode_ci NOT NULL,
  `ec_specification_attributes_id` bigint unsigned NOT NULL,
  `name` varchar(191) COLLATE utf8mb4_unicode_ci DEFAULT NULL,
  `options` text COLLATE utf8mb4_unicode_ci,
  `default_value` varchar(191) COLLATE utf8mb4_unicode_ci DEFAULT NULL,
  PRIMARY KEY (`lang_code`,`ec_specification_attributes_id`),
  KEY `idx_specification_attributes_fk` (`ec_specification_attributes_id`),
  KEY `idx_specification_attributes_specification_attributes_lang` (`ec_specification_attributes_id`,`lang_code`)
) ENGINE=InnoDB DEFAULT CHARSET=utf8mb4 COLLATE=utf8mb4_unicode_ci;
/*!40101 SET character_set_client = @saved_cs_client */;

--
-- Dumping data for table `ec_specification_attributes_translations`
--

LOCK TABLES `ec_specification_attributes_translations` WRITE;
/*!40000 ALTER TABLE `ec_specification_attributes_translations` DISABLE KEYS */;
/*!40000 ALTER TABLE `ec_specification_attributes_translations` ENABLE KEYS */;
UNLOCK TABLES;

--
-- Table structure for table `ec_specification_groups`
--

DROP TABLE IF EXISTS `ec_specification_groups`;
/*!40101 SET @saved_cs_client     = @@character_set_client */;
/*!50503 SET character_set_client = utf8mb4 */;
CREATE TABLE `ec_specification_groups` (
  `id` bigint unsigned NOT NULL AUTO_INCREMENT,
  `name` varchar(191) COLLATE utf8mb4_unicode_ci NOT NULL,
  `description` varchar(400) COLLATE utf8mb4_unicode_ci DEFAULT NULL,
  `created_at` timestamp NULL DEFAULT NULL,
  `updated_at` timestamp NULL DEFAULT NULL,
  `author_type` varchar(191) COLLATE utf8mb4_unicode_ci DEFAULT NULL,
  `author_id` bigint unsigned DEFAULT NULL,
  PRIMARY KEY (`id`),
  KEY `ec_specification_groups_author_type_author_id_index` (`author_type`,`author_id`)
) ENGINE=InnoDB AUTO_INCREMENT=5 DEFAULT CHARSET=utf8mb4 COLLATE=utf8mb4_unicode_ci;
/*!40101 SET character_set_client = @saved_cs_client */;

--
-- Dumping data for table `ec_specification_groups`
--

LOCK TABLES `ec_specification_groups` WRITE;
/*!40000 ALTER TABLE `ec_specification_groups` DISABLE KEYS */;
INSERT INTO `ec_specification_groups` VALUES (1,'Dimensions',NULL,'2025-12-25 18:49:50','2025-12-25 18:49:50',NULL,NULL),(2,'Performance',NULL,'2025-12-25 18:49:50','2025-12-25 18:49:50',NULL,NULL),(3,'Battery',NULL,'2025-12-25 18:49:50','2025-12-25 18:49:50',NULL,NULL),(4,'Display',NULL,'2025-12-25 18:49:50','2025-12-25 18:49:50',NULL,NULL);
/*!40000 ALTER TABLE `ec_specification_groups` ENABLE KEYS */;
UNLOCK TABLES;

--
-- Table structure for table `ec_specification_groups_translations`
--

DROP TABLE IF EXISTS `ec_specification_groups_translations`;
/*!40101 SET @saved_cs_client     = @@character_set_client */;
/*!50503 SET character_set_client = utf8mb4 */;
CREATE TABLE `ec_specification_groups_translations` (
  `lang_code` varchar(20) COLLATE utf8mb4_unicode_ci NOT NULL,
  `ec_specification_groups_id` bigint unsigned NOT NULL,
  `name` varchar(191) COLLATE utf8mb4_unicode_ci DEFAULT NULL,
  `description` varchar(400) COLLATE utf8mb4_unicode_ci DEFAULT NULL,
  PRIMARY KEY (`lang_code`,`ec_specification_groups_id`)
) ENGINE=InnoDB DEFAULT CHARSET=utf8mb4 COLLATE=utf8mb4_unicode_ci;
/*!40101 SET character_set_client = @saved_cs_client */;

--
-- Dumping data for table `ec_specification_groups_translations`
--

LOCK TABLES `ec_specification_groups_translations` WRITE;
/*!40000 ALTER TABLE `ec_specification_groups_translations` DISABLE KEYS */;
/*!40000 ALTER TABLE `ec_specification_groups_translations` ENABLE KEYS */;
UNLOCK TABLES;

--
-- Table structure for table `ec_specification_table_group`
--

DROP TABLE IF EXISTS `ec_specification_table_group`;
/*!40101 SET @saved_cs_client     = @@character_set_client */;
/*!50503 SET character_set_client = utf8mb4 */;
CREATE TABLE `ec_specification_table_group` (
  `table_id` bigint unsigned NOT NULL,
  `group_id` bigint unsigned NOT NULL,
  `order` tinyint NOT NULL DEFAULT '0',
  PRIMARY KEY (`table_id`,`group_id`)
) ENGINE=InnoDB DEFAULT CHARSET=utf8mb4 COLLATE=utf8mb4_unicode_ci;
/*!40101 SET character_set_client = @saved_cs_client */;

--
-- Dumping data for table `ec_specification_table_group`
--

LOCK TABLES `ec_specification_table_group` WRITE;
/*!40000 ALTER TABLE `ec_specification_table_group` DISABLE KEYS */;
INSERT INTO `ec_specification_table_group` VALUES (1,1,0),(1,2,0),(2,3,0),(2,4,0);
/*!40000 ALTER TABLE `ec_specification_table_group` ENABLE KEYS */;
UNLOCK TABLES;

--
-- Table structure for table `ec_specification_tables`
--

DROP TABLE IF EXISTS `ec_specification_tables`;
/*!40101 SET @saved_cs_client     = @@character_set_client */;
/*!50503 SET character_set_client = utf8mb4 */;
CREATE TABLE `ec_specification_tables` (
  `id` bigint unsigned NOT NULL AUTO_INCREMENT,
  `name` varchar(191) COLLATE utf8mb4_unicode_ci NOT NULL,
  `description` varchar(400) COLLATE utf8mb4_unicode_ci DEFAULT NULL,
  `created_at` timestamp NULL DEFAULT NULL,
  `updated_at` timestamp NULL DEFAULT NULL,
  `author_type` varchar(191) COLLATE utf8mb4_unicode_ci DEFAULT NULL,
  `author_id` bigint unsigned DEFAULT NULL,
  PRIMARY KEY (`id`),
  KEY `ec_specification_tables_author_type_author_id_index` (`author_type`,`author_id`)
) ENGINE=InnoDB AUTO_INCREMENT=3 DEFAULT CHARSET=utf8mb4 COLLATE=utf8mb4_unicode_ci;
/*!40101 SET character_set_client = @saved_cs_client */;

--
-- Dumping data for table `ec_specification_tables`
--

LOCK TABLES `ec_specification_tables` WRITE;
/*!40000 ALTER TABLE `ec_specification_tables` DISABLE KEYS */;
INSERT INTO `ec_specification_tables` VALUES (1,'General Specification',NULL,'2025-12-25 18:49:50','2025-12-25 18:49:50',NULL,NULL),(2,'Technical Specification',NULL,'2025-12-25 18:49:50','2025-12-25 18:49:50',NULL,NULL);
/*!40000 ALTER TABLE `ec_specification_tables` ENABLE KEYS */;
UNLOCK TABLES;

--
-- Table structure for table `ec_specification_tables_translations`
--

DROP TABLE IF EXISTS `ec_specification_tables_translations`;
/*!40101 SET @saved_cs_client     = @@character_set_client */;
/*!50503 SET character_set_client = utf8mb4 */;
CREATE TABLE `ec_specification_tables_translations` (
  `lang_code` varchar(20) COLLATE utf8mb4_unicode_ci NOT NULL,
  `ec_specification_tables_id` bigint unsigned NOT NULL,
  `name` varchar(191) COLLATE utf8mb4_unicode_ci DEFAULT NULL,
  `description` varchar(400) COLLATE utf8mb4_unicode_ci DEFAULT NULL,
  PRIMARY KEY (`lang_code`,`ec_specification_tables_id`)
) ENGINE=InnoDB DEFAULT CHARSET=utf8mb4 COLLATE=utf8mb4_unicode_ci;
/*!40101 SET character_set_client = @saved_cs_client */;

--
-- Dumping data for table `ec_specification_tables_translations`
--

LOCK TABLES `ec_specification_tables_translations` WRITE;
/*!40000 ALTER TABLE `ec_specification_tables_translations` DISABLE KEYS */;
/*!40000 ALTER TABLE `ec_specification_tables_translations` ENABLE KEYS */;
UNLOCK TABLES;

--
-- Table structure for table `ec_store_locators`
--

DROP TABLE IF EXISTS `ec_store_locators`;
/*!40101 SET @saved_cs_client     = @@character_set_client */;
/*!50503 SET character_set_client = utf8mb4 */;
CREATE TABLE `ec_store_locators` (
  `id` bigint unsigned NOT NULL AUTO_INCREMENT,
  `name` varchar(60) COLLATE utf8mb4_unicode_ci NOT NULL,
  `email` varchar(60) COLLATE utf8mb4_unicode_ci DEFAULT NULL,
  `phone` varchar(20) COLLATE utf8mb4_unicode_ci NOT NULL,
  `address` varchar(191) COLLATE utf8mb4_unicode_ci NOT NULL,
  `country` varchar(120) COLLATE utf8mb4_unicode_ci DEFAULT NULL,
  `state` varchar(120) COLLATE utf8mb4_unicode_ci DEFAULT NULL,
  `city` varchar(120) COLLATE utf8mb4_unicode_ci DEFAULT NULL,
  `is_primary` tinyint(1) DEFAULT '0',
  `is_shipping_location` tinyint(1) DEFAULT '1',
  `created_at` timestamp NULL DEFAULT NULL,
  `updated_at` timestamp NULL DEFAULT NULL,
  `zip_code` varchar(20) COLLATE utf8mb4_unicode_ci DEFAULT NULL,
  PRIMARY KEY (`id`)
) ENGINE=InnoDB DEFAULT CHARSET=utf8mb4 COLLATE=utf8mb4_unicode_ci;
/*!40101 SET character_set_client = @saved_cs_client */;

--
-- Dumping data for table `ec_store_locators`
--

LOCK TABLES `ec_store_locators` WRITE;
/*!40000 ALTER TABLE `ec_store_locators` DISABLE KEYS */;
/*!40000 ALTER TABLE `ec_store_locators` ENABLE KEYS */;
UNLOCK TABLES;

--
-- Table structure for table `ec_tax_products`
--

DROP TABLE IF EXISTS `ec_tax_products`;
/*!40101 SET @saved_cs_client     = @@character_set_client */;
/*!50503 SET character_set_client = utf8mb4 */;
CREATE TABLE `ec_tax_products` (
  `tax_id` bigint unsigned NOT NULL,
  `product_id` bigint unsigned NOT NULL,
  PRIMARY KEY (`product_id`,`tax_id`),
  KEY `ec_tax_products_tax_id_index` (`tax_id`),
  KEY `ec_tax_products_product_id_index` (`product_id`)
) ENGINE=InnoDB DEFAULT CHARSET=utf8mb4 COLLATE=utf8mb4_unicode_ci;
/*!40101 SET character_set_client = @saved_cs_client */;

--
-- Dumping data for table `ec_tax_products`
--

LOCK TABLES `ec_tax_products` WRITE;
/*!40000 ALTER TABLE `ec_tax_products` DISABLE KEYS */;
INSERT INTO `ec_tax_products` VALUES (1,1),(1,2),(1,3),(1,4),(1,5),(1,6),(1,7),(1,8),(1,9),(1,10),(1,11),(1,12),(1,13),(1,14),(1,15),(1,16),(1,17),(1,18),(1,19),(1,20),(1,21),(1,22),(1,23),(1,24),(1,25),(1,26),(1,27),(1,28),(1,29),(1,30),(1,31),(1,32),(1,33),(1,34),(1,35),(1,36),(1,37),(1,38),(1,39),(1,40),(1,41),(1,42),(1,43),(1,44),(1,45),(1,46),(1,47),(1,48),(1,49),(1,50),(1,51),(1,52),(1,53),(1,54),(1,55),(1,56),(1,57),(1,58),(1,59),(1,60),(1,61),(1,62),(1,63),(1,64),(1,65),(1,66),(1,67),(1,68),(1,69),(1,70),(1,71),(1,72),(1,73),(1,74),(1,75);
/*!40000 ALTER TABLE `ec_tax_products` ENABLE KEYS */;
UNLOCK TABLES;

--
-- Table structure for table `ec_tax_rules`
--

DROP TABLE IF EXISTS `ec_tax_rules`;
/*!40101 SET @saved_cs_client     = @@character_set_client */;
/*!50503 SET character_set_client = utf8mb4 */;
CREATE TABLE `ec_tax_rules` (
  `id` bigint unsigned NOT NULL AUTO_INCREMENT,
  `tax_id` bigint unsigned NOT NULL,
  `country` varchar(120) COLLATE utf8mb4_unicode_ci DEFAULT NULL,
  `state` varchar(120) COLLATE utf8mb4_unicode_ci DEFAULT NULL,
  `city` varchar(120) COLLATE utf8mb4_unicode_ci DEFAULT NULL,
  `zip_code` varchar(20) COLLATE utf8mb4_unicode_ci DEFAULT NULL,
  `priority` int DEFAULT NULL,
  `is_enabled` tinyint(1) NOT NULL DEFAULT '1',
  `created_at` timestamp NULL DEFAULT NULL,
  `updated_at` timestamp NULL DEFAULT NULL,
  `percentage` float DEFAULT NULL,
  PRIMARY KEY (`id`)
) ENGINE=InnoDB DEFAULT CHARSET=utf8mb4 COLLATE=utf8mb4_unicode_ci;
/*!40101 SET character_set_client = @saved_cs_client */;

--
-- Dumping data for table `ec_tax_rules`
--

LOCK TABLES `ec_tax_rules` WRITE;
/*!40000 ALTER TABLE `ec_tax_rules` DISABLE KEYS */;
/*!40000 ALTER TABLE `ec_tax_rules` ENABLE KEYS */;
UNLOCK TABLES;

--
-- Table structure for table `ec_taxes`
--

DROP TABLE IF EXISTS `ec_taxes`;
/*!40101 SET @saved_cs_client     = @@character_set_client */;
/*!50503 SET character_set_client = utf8mb4 */;
CREATE TABLE `ec_taxes` (
  `id` bigint unsigned NOT NULL AUTO_INCREMENT,
  `title` varchar(191) COLLATE utf8mb4_unicode_ci DEFAULT NULL,
  `percentage` float DEFAULT NULL,
  `priority` int DEFAULT NULL,
  `status` varchar(60) COLLATE utf8mb4_unicode_ci NOT NULL DEFAULT 'published',
  `created_at` timestamp NULL DEFAULT NULL,
  `updated_at` timestamp NULL DEFAULT NULL,
  PRIMARY KEY (`id`)
) ENGINE=InnoDB AUTO_INCREMENT=4 DEFAULT CHARSET=utf8mb4 COLLATE=utf8mb4_unicode_ci;
/*!40101 SET character_set_client = @saved_cs_client */;

--
-- Dumping data for table `ec_taxes`
--

LOCK TABLES `ec_taxes` WRITE;
/*!40000 ALTER TABLE `ec_taxes` DISABLE KEYS */;
INSERT INTO `ec_taxes` VALUES (1,'VAT',10,1,'published','2025-12-25 18:49:35','2025-12-25 18:49:35'),(2,'None',0,2,'published','2025-12-25 18:49:35','2025-12-25 18:49:35'),(3,'Import Tax',15,3,'published','2025-12-25 18:49:35','2025-12-25 18:49:35');
/*!40000 ALTER TABLE `ec_taxes` ENABLE KEYS */;
UNLOCK TABLES;

--
-- Table structure for table `ec_taxes_translations`
--

DROP TABLE IF EXISTS `ec_taxes_translations`;
/*!40101 SET @saved_cs_client     = @@character_set_client */;
/*!50503 SET character_set_client = utf8mb4 */;
CREATE TABLE `ec_taxes_translations` (
  `lang_code` varchar(191) COLLATE utf8mb4_unicode_ci NOT NULL,
  `ec_taxes_id` bigint unsigned NOT NULL,
  `title` varchar(191) COLLATE utf8mb4_unicode_ci DEFAULT NULL,
  PRIMARY KEY (`lang_code`,`ec_taxes_id`)
) ENGINE=InnoDB DEFAULT CHARSET=utf8mb4 COLLATE=utf8mb4_unicode_ci;
/*!40101 SET character_set_client = @saved_cs_client */;

--
-- Dumping data for table `ec_taxes_translations`
--

LOCK TABLES `ec_taxes_translations` WRITE;
/*!40000 ALTER TABLE `ec_taxes_translations` DISABLE KEYS */;
/*!40000 ALTER TABLE `ec_taxes_translations` ENABLE KEYS */;
UNLOCK TABLES;

--
-- Table structure for table `ec_wish_lists`
--

DROP TABLE IF EXISTS `ec_wish_lists`;
/*!40101 SET @saved_cs_client     = @@character_set_client */;
/*!50503 SET character_set_client = utf8mb4 */;
CREATE TABLE `ec_wish_lists` (
  `customer_id` bigint unsigned NOT NULL,
  `product_id` bigint unsigned NOT NULL,
  `created_at` timestamp NULL DEFAULT NULL,
  `updated_at` timestamp NULL DEFAULT NULL,
  PRIMARY KEY (`customer_id`,`product_id`),
  KEY `wishlist_relation_index` (`product_id`,`customer_id`)
) ENGINE=InnoDB DEFAULT CHARSET=utf8mb4 COLLATE=utf8mb4_unicode_ci;
/*!40101 SET character_set_client = @saved_cs_client */;

--
-- Dumping data for table `ec_wish_lists`
--

LOCK TABLES `ec_wish_lists` WRITE;
/*!40000 ALTER TABLE `ec_wish_lists` DISABLE KEYS */;
/*!40000 ALTER TABLE `ec_wish_lists` ENABLE KEYS */;
UNLOCK TABLES;

--
-- Table structure for table `failed_jobs`
--

DROP TABLE IF EXISTS `failed_jobs`;
/*!40101 SET @saved_cs_client     = @@character_set_client */;
/*!50503 SET character_set_client = utf8mb4 */;
CREATE TABLE `failed_jobs` (
  `id` bigint unsigned NOT NULL AUTO_INCREMENT,
  `uuid` varchar(191) COLLATE utf8mb4_unicode_ci NOT NULL,
  `connection` text COLLATE utf8mb4_unicode_ci NOT NULL,
  `queue` text COLLATE utf8mb4_unicode_ci NOT NULL,
  `payload` longtext COLLATE utf8mb4_unicode_ci NOT NULL,
  `exception` longtext COLLATE utf8mb4_unicode_ci NOT NULL,
  `failed_at` timestamp NOT NULL DEFAULT CURRENT_TIMESTAMP,
  PRIMARY KEY (`id`),
  UNIQUE KEY `failed_jobs_uuid_unique` (`uuid`)
) ENGINE=InnoDB DEFAULT CHARSET=utf8mb4 COLLATE=utf8mb4_unicode_ci;
/*!40101 SET character_set_client = @saved_cs_client */;

--
-- Dumping data for table `failed_jobs`
--

LOCK TABLES `failed_jobs` WRITE;
/*!40000 ALTER TABLE `failed_jobs` DISABLE KEYS */;
/*!40000 ALTER TABLE `failed_jobs` ENABLE KEYS */;
UNLOCK TABLES;

--
-- Table structure for table `faq_categories`
--

DROP TABLE IF EXISTS `faq_categories`;
/*!40101 SET @saved_cs_client     = @@character_set_client */;
/*!50503 SET character_set_client = utf8mb4 */;
CREATE TABLE `faq_categories` (
  `id` bigint unsigned NOT NULL AUTO_INCREMENT,
  `name` varchar(120) COLLATE utf8mb4_unicode_ci NOT NULL,
  `order` tinyint NOT NULL DEFAULT '0',
  `status` varchar(60) COLLATE utf8mb4_unicode_ci NOT NULL DEFAULT 'published',
  `created_at` timestamp NULL DEFAULT NULL,
  `updated_at` timestamp NULL DEFAULT NULL,
  `description` varchar(400) COLLATE utf8mb4_unicode_ci DEFAULT NULL,
  PRIMARY KEY (`id`)
) ENGINE=InnoDB AUTO_INCREMENT=4 DEFAULT CHARSET=utf8mb4 COLLATE=utf8mb4_unicode_ci;
/*!40101 SET character_set_client = @saved_cs_client */;

--
-- Dumping data for table `faq_categories`
--

LOCK TABLES `faq_categories` WRITE;
/*!40000 ALTER TABLE `faq_categories` DISABLE KEYS */;
INSERT INTO `faq_categories` VALUES (1,'Ordering Process',0,'published','2025-12-25 18:49:35','2025-12-25 18:49:35',NULL),(2,'Product Returns',1,'published','2025-12-25 18:49:35','2025-12-25 18:49:35',NULL),(3,'Product Availability',2,'published','2025-12-25 18:49:35','2025-12-25 18:49:35',NULL);
/*!40000 ALTER TABLE `faq_categories` ENABLE KEYS */;
UNLOCK TABLES;

--
-- Table structure for table `faq_categories_translations`
--

DROP TABLE IF EXISTS `faq_categories_translations`;
/*!40101 SET @saved_cs_client     = @@character_set_client */;
/*!50503 SET character_set_client = utf8mb4 */;
CREATE TABLE `faq_categories_translations` (
  `lang_code` varchar(20) COLLATE utf8mb4_unicode_ci NOT NULL,
  `faq_categories_id` bigint unsigned NOT NULL,
  `name` varchar(120) COLLATE utf8mb4_unicode_ci DEFAULT NULL,
  PRIMARY KEY (`lang_code`,`faq_categories_id`),
  KEY `idx_faq_cat_trans_faq_cat_id` (`faq_categories_id`),
  KEY `idx_faq_cat_trans_faq_cat_lang` (`faq_categories_id`,`lang_code`)
) ENGINE=InnoDB DEFAULT CHARSET=utf8mb4 COLLATE=utf8mb4_unicode_ci;
/*!40101 SET character_set_client = @saved_cs_client */;

--
-- Dumping data for table `faq_categories_translations`
--

LOCK TABLES `faq_categories_translations` WRITE;
/*!40000 ALTER TABLE `faq_categories_translations` DISABLE KEYS */;
/*!40000 ALTER TABLE `faq_categories_translations` ENABLE KEYS */;
UNLOCK TABLES;

--
-- Table structure for table `faqs`
--

DROP TABLE IF EXISTS `faqs`;
/*!40101 SET @saved_cs_client     = @@character_set_client */;
/*!50503 SET character_set_client = utf8mb4 */;
CREATE TABLE `faqs` (
  `id` bigint unsigned NOT NULL AUTO_INCREMENT,
  `question` text COLLATE utf8mb4_unicode_ci NOT NULL,
  `answer` text COLLATE utf8mb4_unicode_ci NOT NULL,
  `category_id` bigint unsigned NOT NULL,
  `status` varchar(60) COLLATE utf8mb4_unicode_ci NOT NULL DEFAULT 'published',
  `created_at` timestamp NULL DEFAULT NULL,
  `updated_at` timestamp NULL DEFAULT NULL,
  PRIMARY KEY (`id`)
) ENGINE=InnoDB AUTO_INCREMENT=13 DEFAULT CHARSET=utf8mb4 COLLATE=utf8mb4_unicode_ci;
/*!40101 SET character_set_client = @saved_cs_client */;

--
-- Dumping data for table `faqs`
--

LOCK TABLES `faqs` WRITE;
/*!40000 ALTER TABLE `faqs` DISABLE KEYS */;
INSERT INTO `faqs` VALUES (1,'How do I place an order?','To place an order, navigate to the product page, select the desired options, and click the \"Add to Cart\" button.',2,'published','2025-12-25 18:49:35','2025-12-25 18:49:35'),(2,'What are the shipping options?','We offer standard and expedited shipping options. Shipping costs and delivery times vary based on your location and chosen shipping method.',3,'published','2025-12-25 18:49:35','2025-12-25 18:49:35'),(3,'How can I return a product?','If you are not satisfied with your purchase, you can initiate a return within 30 days of receiving the product. Contact our customer service for further instructions.',3,'published','2025-12-25 18:49:35','2025-12-25 18:49:35'),(4,'What payment methods do you accept?','We accept major credit cards, PayPal, and other secure payment methods.',3,'published','2025-12-25 18:49:35','2025-12-25 18:49:35'),(5,'How can I update my account information?','Log in to your account and go to the \"Account Settings\" page to update your information, including your password and shipping address.',3,'published','2025-12-25 18:49:35','2025-12-25 18:49:35'),(6,'Are there any ongoing promotions or discounts?','Check our \"Promotions\" page for information on current discounts, special offers, and ongoing promotions.',3,'published','2025-12-25 18:49:35','2025-12-25 18:49:35'),(7,'Is the product in stock?','Product availability is indicated on each product page. If a product is out of stock, you may choose to be notified when it becomes available.',1,'published','2025-12-25 18:49:35','2025-12-25 18:49:35'),(8,'How is my personal information secured?','We take the security and privacy of your information seriously. Our website uses encryption technology to protect your personal data.',1,'published','2025-12-25 18:49:35','2025-12-25 18:49:35'),(9,'How do I get technical support?','For technical issues or assistance, contact our customer support team through the \"Contact Us\" page, and we will help you resolve any problems.',1,'published','2025-12-25 18:49:35','2025-12-25 18:49:35'),(10,'Do you offer international shipping?','Yes, we offer international shipping to many countries. Shipping costs and delivery times vary based on the destination.',2,'published','2025-12-25 18:49:35','2025-12-25 18:49:35'),(11,'Can I purchase a gift card?','Yes, we offer gift cards of varying denominations. Gift cards can be purchased on our website and make for a great gift for friends and family.',1,'published','2025-12-25 18:49:35','2025-12-25 18:49:35'),(12,'What is the warranty on your products?','Our products come with a standard warranty. Check the product documentation or contact our customer service for details on specific product warranties.',1,'published','2025-12-25 18:49:35','2025-12-25 18:49:35');
/*!40000 ALTER TABLE `faqs` ENABLE KEYS */;
UNLOCK TABLES;

--
-- Table structure for table `faqs_translations`
--

DROP TABLE IF EXISTS `faqs_translations`;
/*!40101 SET @saved_cs_client     = @@character_set_client */;
/*!50503 SET character_set_client = utf8mb4 */;
CREATE TABLE `faqs_translations` (
  `lang_code` varchar(20) COLLATE utf8mb4_unicode_ci NOT NULL,
  `faqs_id` bigint unsigned NOT NULL,
  `question` text COLLATE utf8mb4_unicode_ci,
  `answer` text COLLATE utf8mb4_unicode_ci,
  PRIMARY KEY (`lang_code`,`faqs_id`),
  KEY `idx_faqs_trans_faqs_id` (`faqs_id`),
  KEY `idx_faqs_trans_faq_lang` (`faqs_id`,`lang_code`)
) ENGINE=InnoDB DEFAULT CHARSET=utf8mb4 COLLATE=utf8mb4_unicode_ci;
/*!40101 SET character_set_client = @saved_cs_client */;

--
-- Dumping data for table `faqs_translations`
--

LOCK TABLES `faqs_translations` WRITE;
/*!40000 ALTER TABLE `faqs_translations` DISABLE KEYS */;
/*!40000 ALTER TABLE `faqs_translations` ENABLE KEYS */;
UNLOCK TABLES;

--
-- Table structure for table `galleries`
--

DROP TABLE IF EXISTS `galleries`;
/*!40101 SET @saved_cs_client     = @@character_set_client */;
/*!50503 SET character_set_client = utf8mb4 */;
CREATE TABLE `galleries` (
  `id` bigint unsigned NOT NULL AUTO_INCREMENT,
  `name` varchar(120) COLLATE utf8mb4_unicode_ci NOT NULL,
  `description` longtext COLLATE utf8mb4_unicode_ci NOT NULL,
  `is_featured` tinyint unsigned NOT NULL DEFAULT '0',
  `order` tinyint unsigned NOT NULL DEFAULT '0',
  `image` varchar(191) COLLATE utf8mb4_unicode_ci DEFAULT NULL,
  `user_id` bigint unsigned DEFAULT NULL,
  `status` varchar(60) COLLATE utf8mb4_unicode_ci NOT NULL DEFAULT 'published',
  `created_at` timestamp NULL DEFAULT NULL,
  `updated_at` timestamp NULL DEFAULT NULL,
  PRIMARY KEY (`id`),
  KEY `galleries_user_id_index` (`user_id`)
) ENGINE=InnoDB AUTO_INCREMENT=7 DEFAULT CHARSET=utf8mb4 COLLATE=utf8mb4_unicode_ci;
/*!40101 SET character_set_client = @saved_cs_client */;

--
-- Dumping data for table `galleries`
--

LOCK TABLES `galleries` WRITE;
/*!40000 ALTER TABLE `galleries` DISABLE KEYS */;
INSERT INTO `galleries` VALUES (1,'Perfect','A beautiful collection of images showcasing memorable moments and stunning visuals.',1,0,'galleries/1.jpg',1,'published','2025-12-25 18:49:59','2025-12-25 18:49:59'),(2,'New Day','A beautiful collection of images showcasing memorable moments and stunning visuals.',1,0,'galleries/2.jpg',1,'published','2025-12-25 18:49:59','2025-12-25 18:49:59'),(3,'Happy Day','A beautiful collection of images showcasing memorable moments and stunning visuals.',1,0,'galleries/3.jpg',1,'published','2025-12-25 18:49:59','2025-12-25 18:49:59'),(4,'Nature','A beautiful collection of images showcasing memorable moments and stunning visuals.',1,0,'galleries/4.jpg',1,'published','2025-12-25 18:49:59','2025-12-25 18:49:59'),(5,'Morning','A beautiful collection of images showcasing memorable moments and stunning visuals.',1,0,'galleries/5.jpg',1,'published','2025-12-25 18:49:59','2025-12-25 18:49:59'),(6,'Photography','A beautiful collection of images showcasing memorable moments and stunning visuals.',1,0,'galleries/6.jpg',1,'published','2025-12-25 18:49:59','2025-12-25 18:49:59');
/*!40000 ALTER TABLE `galleries` ENABLE KEYS */;
UNLOCK TABLES;

--
-- Table structure for table `galleries_translations`
--

DROP TABLE IF EXISTS `galleries_translations`;
/*!40101 SET @saved_cs_client     = @@character_set_client */;
/*!50503 SET character_set_client = utf8mb4 */;
CREATE TABLE `galleries_translations` (
  `lang_code` varchar(20) COLLATE utf8mb4_unicode_ci NOT NULL,
  `galleries_id` bigint unsigned NOT NULL,
  `name` varchar(191) COLLATE utf8mb4_unicode_ci DEFAULT NULL,
  `description` longtext COLLATE utf8mb4_unicode_ci,
  PRIMARY KEY (`lang_code`,`galleries_id`),
  KEY `idx_galleries_trans_galleries_id` (`galleries_id`),
  KEY `idx_galleries_trans_gallery_lang` (`galleries_id`,`lang_code`)
) ENGINE=InnoDB DEFAULT CHARSET=utf8mb4 COLLATE=utf8mb4_unicode_ci;
/*!40101 SET character_set_client = @saved_cs_client */;

--
-- Dumping data for table `galleries_translations`
--

LOCK TABLES `galleries_translations` WRITE;
/*!40000 ALTER TABLE `galleries_translations` DISABLE KEYS */;
/*!40000 ALTER TABLE `galleries_translations` ENABLE KEYS */;
UNLOCK TABLES;

--
-- Table structure for table `gallery_meta`
--

DROP TABLE IF EXISTS `gallery_meta`;
/*!40101 SET @saved_cs_client     = @@character_set_client */;
/*!50503 SET character_set_client = utf8mb4 */;
CREATE TABLE `gallery_meta` (
  `id` bigint unsigned NOT NULL AUTO_INCREMENT,
  `images` text COLLATE utf8mb4_unicode_ci,
  `reference_id` bigint unsigned NOT NULL,
  `reference_type` varchar(120) COLLATE utf8mb4_unicode_ci NOT NULL,
  `created_at` timestamp NULL DEFAULT NULL,
  `updated_at` timestamp NULL DEFAULT NULL,
  PRIMARY KEY (`id`),
  KEY `gallery_meta_reference_id_index` (`reference_id`)
) ENGINE=InnoDB AUTO_INCREMENT=7 DEFAULT CHARSET=utf8mb4 COLLATE=utf8mb4_unicode_ci;
/*!40101 SET character_set_client = @saved_cs_client */;

--
-- Dumping data for table `gallery_meta`
--

LOCK TABLES `gallery_meta` WRITE;
/*!40000 ALTER TABLE `gallery_meta` DISABLE KEYS */;
INSERT INTO `gallery_meta` VALUES (1,'[{\"img\":\"galleries\\/1.jpg\",\"description\":\"Culpa dolorum voluptatem necessitatibus nihil omnis. Et ut exercitationem sunt sed. Ut voluptas ut totam eum rerum facere.\"},{\"img\":\"galleries\\/2.jpg\",\"description\":\"Provident eos numquam ut similique amet aut et adipisci. Ut alias consequatur tempore esse.\"},{\"img\":\"galleries\\/3.jpg\",\"description\":\"Tenetur debitis ut voluptates consectetur totam. Laboriosam voluptatum alias ad vel voluptatem. Sed veritatis eum omnis.\"},{\"img\":\"galleries\\/4.jpg\",\"description\":\"Doloremque quidem et et molestiae aspernatur enim. Voluptas qui id rerum quis. Praesentium quis soluta natus iure ipsum qui est.\"},{\"img\":\"galleries\\/5.jpg\",\"description\":\"Voluptatum ex tempora omnis enim voluptas. Commodi vel similique a. Ullam dicta et aspernatur.\"},{\"img\":\"galleries\\/6.jpg\",\"description\":\"Sapiente rerum laborum quia officiis necessitatibus et quia. Iusto aliquam cumque esse sed accusamus est. Modi ab commodi molestias eaque cupiditate.\"}]',1,'Botble\\Gallery\\Models\\Gallery','2025-12-25 18:49:59','2025-12-25 18:49:59'),(2,'[{\"img\":\"galleries\\/1.jpg\",\"description\":\"Culpa dolorum voluptatem necessitatibus nihil omnis. Et ut exercitationem sunt sed. Ut voluptas ut totam eum rerum facere.\"},{\"img\":\"galleries\\/2.jpg\",\"description\":\"Provident eos numquam ut similique amet aut et adipisci. Ut alias consequatur tempore esse.\"},{\"img\":\"galleries\\/3.jpg\",\"description\":\"Tenetur debitis ut voluptates consectetur totam. Laboriosam voluptatum alias ad vel voluptatem. Sed veritatis eum omnis.\"},{\"img\":\"galleries\\/4.jpg\",\"description\":\"Doloremque quidem et et molestiae aspernatur enim. Voluptas qui id rerum quis. Praesentium quis soluta natus iure ipsum qui est.\"},{\"img\":\"galleries\\/5.jpg\",\"description\":\"Voluptatum ex tempora omnis enim voluptas. Commodi vel similique a. Ullam dicta et aspernatur.\"},{\"img\":\"galleries\\/6.jpg\",\"description\":\"Sapiente rerum laborum quia officiis necessitatibus et quia. Iusto aliquam cumque esse sed accusamus est. Modi ab commodi molestias eaque cupiditate.\"}]',2,'Botble\\Gallery\\Models\\Gallery','2025-12-25 18:49:59','2025-12-25 18:49:59'),(3,'[{\"img\":\"galleries\\/1.jpg\",\"description\":\"Culpa dolorum voluptatem necessitatibus nihil omnis. Et ut exercitationem sunt sed. Ut voluptas ut totam eum rerum facere.\"},{\"img\":\"galleries\\/2.jpg\",\"description\":\"Provident eos numquam ut similique amet aut et adipisci. Ut alias consequatur tempore esse.\"},{\"img\":\"galleries\\/3.jpg\",\"description\":\"Tenetur debitis ut voluptates consectetur totam. Laboriosam voluptatum alias ad vel voluptatem. Sed veritatis eum omnis.\"},{\"img\":\"galleries\\/4.jpg\",\"description\":\"Doloremque quidem et et molestiae aspernatur enim. Voluptas qui id rerum quis. Praesentium quis soluta natus iure ipsum qui est.\"},{\"img\":\"galleries\\/5.jpg\",\"description\":\"Voluptatum ex tempora omnis enim voluptas. Commodi vel similique a. Ullam dicta et aspernatur.\"},{\"img\":\"galleries\\/6.jpg\",\"description\":\"Sapiente rerum laborum quia officiis necessitatibus et quia. Iusto aliquam cumque esse sed accusamus est. Modi ab commodi molestias eaque cupiditate.\"}]',3,'Botble\\Gallery\\Models\\Gallery','2025-12-25 18:49:59','2025-12-25 18:49:59'),(4,'[{\"img\":\"galleries\\/1.jpg\",\"description\":\"Culpa dolorum voluptatem necessitatibus nihil omnis. Et ut exercitationem sunt sed. Ut voluptas ut totam eum rerum facere.\"},{\"img\":\"galleries\\/2.jpg\",\"description\":\"Provident eos numquam ut similique amet aut et adipisci. Ut alias consequatur tempore esse.\"},{\"img\":\"galleries\\/3.jpg\",\"description\":\"Tenetur debitis ut voluptates consectetur totam. Laboriosam voluptatum alias ad vel voluptatem. Sed veritatis eum omnis.\"},{\"img\":\"galleries\\/4.jpg\",\"description\":\"Doloremque quidem et et molestiae aspernatur enim. Voluptas qui id rerum quis. Praesentium quis soluta natus iure ipsum qui est.\"},{\"img\":\"galleries\\/5.jpg\",\"description\":\"Voluptatum ex tempora omnis enim voluptas. Commodi vel similique a. Ullam dicta et aspernatur.\"},{\"img\":\"galleries\\/6.jpg\",\"description\":\"Sapiente rerum laborum quia officiis necessitatibus et quia. Iusto aliquam cumque esse sed accusamus est. Modi ab commodi molestias eaque cupiditate.\"}]',4,'Botble\\Gallery\\Models\\Gallery','2025-12-25 18:49:59','2025-12-25 18:49:59'),(5,'[{\"img\":\"galleries\\/1.jpg\",\"description\":\"Culpa dolorum voluptatem necessitatibus nihil omnis. Et ut exercitationem sunt sed. Ut voluptas ut totam eum rerum facere.\"},{\"img\":\"galleries\\/2.jpg\",\"description\":\"Provident eos numquam ut similique amet aut et adipisci. Ut alias consequatur tempore esse.\"},{\"img\":\"galleries\\/3.jpg\",\"description\":\"Tenetur debitis ut voluptates consectetur totam. Laboriosam voluptatum alias ad vel voluptatem. Sed veritatis eum omnis.\"},{\"img\":\"galleries\\/4.jpg\",\"description\":\"Doloremque quidem et et molestiae aspernatur enim. Voluptas qui id rerum quis. Praesentium quis soluta natus iure ipsum qui est.\"},{\"img\":\"galleries\\/5.jpg\",\"description\":\"Voluptatum ex tempora omnis enim voluptas. Commodi vel similique a. Ullam dicta et aspernatur.\"},{\"img\":\"galleries\\/6.jpg\",\"description\":\"Sapiente rerum laborum quia officiis necessitatibus et quia. Iusto aliquam cumque esse sed accusamus est. Modi ab commodi molestias eaque cupiditate.\"}]',5,'Botble\\Gallery\\Models\\Gallery','2025-12-25 18:49:59','2025-12-25 18:49:59'),(6,'[{\"img\":\"galleries\\/1.jpg\",\"description\":\"Culpa dolorum voluptatem necessitatibus nihil omnis. Et ut exercitationem sunt sed. Ut voluptas ut totam eum rerum facere.\"},{\"img\":\"galleries\\/2.jpg\",\"description\":\"Provident eos numquam ut similique amet aut et adipisci. Ut alias consequatur tempore esse.\"},{\"img\":\"galleries\\/3.jpg\",\"description\":\"Tenetur debitis ut voluptates consectetur totam. Laboriosam voluptatum alias ad vel voluptatem. Sed veritatis eum omnis.\"},{\"img\":\"galleries\\/4.jpg\",\"description\":\"Doloremque quidem et et molestiae aspernatur enim. Voluptas qui id rerum quis. Praesentium quis soluta natus iure ipsum qui est.\"},{\"img\":\"galleries\\/5.jpg\",\"description\":\"Voluptatum ex tempora omnis enim voluptas. Commodi vel similique a. Ullam dicta et aspernatur.\"},{\"img\":\"galleries\\/6.jpg\",\"description\":\"Sapiente rerum laborum quia officiis necessitatibus et quia. Iusto aliquam cumque esse sed accusamus est. Modi ab commodi molestias eaque cupiditate.\"}]',6,'Botble\\Gallery\\Models\\Gallery','2025-12-25 18:49:59','2025-12-25 18:49:59');
/*!40000 ALTER TABLE `gallery_meta` ENABLE KEYS */;
UNLOCK TABLES;

--
-- Table structure for table `gallery_meta_translations`
--

DROP TABLE IF EXISTS `gallery_meta_translations`;
/*!40101 SET @saved_cs_client     = @@character_set_client */;
/*!50503 SET character_set_client = utf8mb4 */;
CREATE TABLE `gallery_meta_translations` (
  `lang_code` varchar(20) COLLATE utf8mb4_unicode_ci NOT NULL,
  `gallery_meta_id` bigint unsigned NOT NULL,
  `images` text COLLATE utf8mb4_unicode_ci,
  PRIMARY KEY (`lang_code`,`gallery_meta_id`),
  KEY `idx_gallery_meta_trans_gm_id` (`gallery_meta_id`),
  KEY `idx_gallery_meta_trans_gm_lang` (`gallery_meta_id`,`lang_code`)
) ENGINE=InnoDB DEFAULT CHARSET=utf8mb4 COLLATE=utf8mb4_unicode_ci;
/*!40101 SET character_set_client = @saved_cs_client */;

--
-- Dumping data for table `gallery_meta_translations`
--

LOCK TABLES `gallery_meta_translations` WRITE;
/*!40000 ALTER TABLE `gallery_meta_translations` DISABLE KEYS */;
/*!40000 ALTER TABLE `gallery_meta_translations` ENABLE KEYS */;
UNLOCK TABLES;

--
-- Table structure for table `jobs`
--

DROP TABLE IF EXISTS `jobs`;
/*!40101 SET @saved_cs_client     = @@character_set_client */;
/*!50503 SET character_set_client = utf8mb4 */;
CREATE TABLE `jobs` (
  `id` bigint unsigned NOT NULL AUTO_INCREMENT,
  `queue` varchar(191) COLLATE utf8mb4_unicode_ci NOT NULL,
  `payload` longtext COLLATE utf8mb4_unicode_ci NOT NULL,
  `attempts` tinyint unsigned NOT NULL,
  `reserved_at` int unsigned DEFAULT NULL,
  `available_at` int unsigned NOT NULL,
  `created_at` int unsigned NOT NULL,
  PRIMARY KEY (`id`),
  KEY `jobs_queue_index` (`queue`)
) ENGINE=InnoDB DEFAULT CHARSET=utf8mb4 COLLATE=utf8mb4_unicode_ci;
/*!40101 SET character_set_client = @saved_cs_client */;

--
-- Dumping data for table `jobs`
--

LOCK TABLES `jobs` WRITE;
/*!40000 ALTER TABLE `jobs` DISABLE KEYS */;
/*!40000 ALTER TABLE `jobs` ENABLE KEYS */;
UNLOCK TABLES;

--
-- Table structure for table `language_meta`
--

DROP TABLE IF EXISTS `language_meta`;
/*!40101 SET @saved_cs_client     = @@character_set_client */;
/*!50503 SET character_set_client = utf8mb4 */;
CREATE TABLE `language_meta` (
  `lang_meta_id` bigint unsigned NOT NULL AUTO_INCREMENT,
  `lang_meta_code` varchar(20) COLLATE utf8mb4_unicode_ci DEFAULT NULL,
  `lang_meta_origin` varchar(32) COLLATE utf8mb4_unicode_ci NOT NULL,
  `reference_id` bigint unsigned NOT NULL,
  `reference_type` varchar(120) COLLATE utf8mb4_unicode_ci NOT NULL,
  PRIMARY KEY (`lang_meta_id`),
  KEY `language_meta_reference_id_index` (`reference_id`),
  KEY `meta_code_index` (`lang_meta_code`),
  KEY `meta_origin_index` (`lang_meta_origin`),
  KEY `meta_reference_type_index` (`reference_type`)
) ENGINE=InnoDB AUTO_INCREMENT=14 DEFAULT CHARSET=utf8mb4 COLLATE=utf8mb4_unicode_ci;
/*!40101 SET character_set_client = @saved_cs_client */;

--
-- Dumping data for table `language_meta`
--

LOCK TABLES `language_meta` WRITE;
/*!40000 ALTER TABLE `language_meta` DISABLE KEYS */;
INSERT INTO `language_meta` VALUES (1,'en_US','057bbb3d647f0ea1cbfbd106c185817b',1,'Botble\\SimpleSlider\\Models\\SimpleSlider'),(2,'en_US','b20748151b04f6ed45fe6b7c1583c1fc',2,'Botble\\SimpleSlider\\Models\\SimpleSlider'),(3,'en_US','8e7a599ab88e52d9d5c105b63c26baa1',3,'Botble\\SimpleSlider\\Models\\SimpleSlider'),(4,'en_US','c3375f5c776772e62c99fc5e7e5aee00',4,'Botble\\SimpleSlider\\Models\\SimpleSlider'),(5,'en_US','40188cfde432da8f5928fec2b46ebc10',5,'Botble\\SimpleSlider\\Models\\SimpleSlider'),(6,'en_US','94f10842497c99aa982eda88d2617120',1,'Botble\\Menu\\Models\\MenuLocation'),(7,'en_US','5189c7935778a1c99bd76d79493e25db',1,'Botble\\Menu\\Models\\Menu'),(8,'en_US','4cd2bf901a9e3bfd87527df5bfec6366',2,'Botble\\Menu\\Models\\MenuLocation'),(9,'en_US','b9f3fa5e84905a5c7eca97e11d214130',2,'Botble\\Menu\\Models\\Menu'),(10,'en_US','282df4531a41f1eecfe5599422163f99',3,'Botble\\Menu\\Models\\MenuLocation'),(11,'en_US','b557880087ce258c56d1027311823653',3,'Botble\\Menu\\Models\\Menu'),(12,'en_US','c66afd1f33b132ce0f0656bdde6b6161',4,'Botble\\Menu\\Models\\MenuLocation'),(13,'en_US','14903b176f2decb87c5621b8ca0b2b61',4,'Botble\\Menu\\Models\\Menu');
/*!40000 ALTER TABLE `language_meta` ENABLE KEYS */;
UNLOCK TABLES;

--
-- Table structure for table `languages`
--

DROP TABLE IF EXISTS `languages`;
/*!40101 SET @saved_cs_client     = @@character_set_client */;
/*!50503 SET character_set_client = utf8mb4 */;
CREATE TABLE `languages` (
  `lang_id` bigint unsigned NOT NULL AUTO_INCREMENT,
  `lang_name` varchar(120) COLLATE utf8mb4_unicode_ci NOT NULL,
  `lang_locale` varchar(20) COLLATE utf8mb4_unicode_ci NOT NULL,
  `lang_code` varchar(20) COLLATE utf8mb4_unicode_ci NOT NULL,
  `lang_flag` varchar(20) COLLATE utf8mb4_unicode_ci DEFAULT NULL,
  `lang_is_default` tinyint unsigned NOT NULL DEFAULT '0',
  `lang_order` int NOT NULL DEFAULT '0',
  `lang_is_rtl` tinyint unsigned NOT NULL DEFAULT '0',
  PRIMARY KEY (`lang_id`),
  KEY `lang_locale_index` (`lang_locale`),
  KEY `lang_code_index` (`lang_code`),
  KEY `lang_is_default_index` (`lang_is_default`)
) ENGINE=InnoDB AUTO_INCREMENT=2 DEFAULT CHARSET=utf8mb4 COLLATE=utf8mb4_unicode_ci;
/*!40101 SET character_set_client = @saved_cs_client */;

--
-- Dumping data for table `languages`
--

LOCK TABLES `languages` WRITE;
/*!40000 ALTER TABLE `languages` DISABLE KEYS */;
INSERT INTO `languages` VALUES (1,'English','en','en_US','us',1,0,0);
/*!40000 ALTER TABLE `languages` ENABLE KEYS */;
UNLOCK TABLES;

--
-- Table structure for table `media_files`
--

DROP TABLE IF EXISTS `media_files`;
/*!40101 SET @saved_cs_client     = @@character_set_client */;
/*!50503 SET character_set_client = utf8mb4 */;
CREATE TABLE `media_files` (
  `id` bigint unsigned NOT NULL AUTO_INCREMENT,
  `user_id` bigint unsigned NOT NULL,
  `name` varchar(191) COLLATE utf8mb4_unicode_ci NOT NULL,
  `alt` varchar(191) COLLATE utf8mb4_unicode_ci DEFAULT NULL,
  `folder_id` bigint unsigned NOT NULL DEFAULT '0',
  `mime_type` varchar(120) COLLATE utf8mb4_unicode_ci NOT NULL,
  `size` int NOT NULL,
  `url` varchar(191) COLLATE utf8mb4_unicode_ci NOT NULL,
  `options` text COLLATE utf8mb4_unicode_ci,
  `created_at` timestamp NULL DEFAULT NULL,
  `updated_at` timestamp NULL DEFAULT NULL,
  `deleted_at` timestamp NULL DEFAULT NULL,
  `visibility` varchar(191) COLLATE utf8mb4_unicode_ci NOT NULL DEFAULT 'public',
  PRIMARY KEY (`id`),
  KEY `media_files_user_id_index` (`user_id`),
  KEY `media_files_index` (`folder_id`,`user_id`,`created_at`)
) ENGINE=InnoDB AUTO_INCREMENT=285 DEFAULT CHARSET=utf8mb4 COLLATE=utf8mb4_unicode_ci;
/*!40101 SET character_set_client = @saved_cs_client */;

--
-- Dumping data for table `media_files`
--

LOCK TABLES `media_files` WRITE;
/*!40000 ALTER TABLE `media_files` DISABLE KEYS */;
INSERT INTO `media_files` VALUES (1,0,'f-app','f-app',1,'image/jpeg',617,'general/f-app.jpg','[]','2025-12-25 18:49:26','2025-12-25 18:49:26',NULL,'public'),(2,0,'f-brand-icon-01','f-brand-icon-01',1,'image/png',448,'general/f-brand-icon-01.png','[]','2025-12-25 18:49:26','2025-12-25 18:49:26',NULL,'public'),(3,0,'f-google','f-google',1,'image/jpeg',617,'general/f-google.jpg','[]','2025-12-25 18:49:26','2025-12-25 18:49:26',NULL,'public'),(4,0,'favicon','favicon',1,'image/png',15233,'general/favicon.png','[]','2025-12-25 18:49:26','2025-12-25 18:49:26',NULL,'public'),(5,0,'logo-white','logo-white',1,'image/png',860,'general/logo-white.png','[]','2025-12-25 18:49:26','2025-12-25 18:49:26',NULL,'public'),(6,0,'logo','logo',1,'image/png',934,'general/logo.png','[]','2025-12-25 18:49:26','2025-12-25 18:49:26',NULL,'public'),(7,0,'newsletter-popup','newsletter-popup',1,'image/png',28834,'general/newsletter-popup.png','[]','2025-12-25 18:49:26','2025-12-25 18:49:26',NULL,'public'),(8,0,'cod','cod',2,'image/png',12121,'payments/cod.png','[]','2025-12-25 18:49:26','2025-12-25 18:49:26',NULL,'public'),(9,0,'bank-transfer','bank-transfer',2,'image/png',29089,'payments/bank-transfer.png','[]','2025-12-25 18:49:26','2025-12-25 18:49:26',NULL,'public'),(10,0,'stripe','stripe',2,'image/webp',7516,'payments/stripe.webp','[]','2025-12-25 18:49:27','2025-12-25 18:49:27',NULL,'public'),(11,0,'paypal','paypal',2,'image/png',3001,'payments/paypal.png','[]','2025-12-25 18:49:27','2025-12-25 18:49:27',NULL,'public'),(12,0,'mollie','mollie',2,'image/png',8968,'payments/mollie.png','[]','2025-12-25 18:49:27','2025-12-25 18:49:27',NULL,'public'),(13,0,'paystack','paystack',2,'image/png',31015,'payments/paystack.png','[]','2025-12-25 18:49:27','2025-12-25 18:49:27',NULL,'public'),(14,0,'razorpay','razorpay',2,'image/png',8489,'payments/razorpay.png','[]','2025-12-25 18:49:27','2025-12-25 18:49:27',NULL,'public'),(15,0,'sslcommerz','sslcommerz',2,'image/png',3482,'payments/sslcommerz.png','[]','2025-12-25 18:49:27','2025-12-25 18:49:27',NULL,'public'),(16,0,'1','1',3,'image/jpeg',3319,'blog/1.jpg','[]','2025-12-25 18:49:27','2025-12-25 18:49:27',NULL,'public'),(17,0,'10','10',3,'image/jpeg',3319,'blog/10.jpg','[]','2025-12-25 18:49:27','2025-12-25 18:49:27',NULL,'public'),(18,0,'11','11',3,'image/jpeg',3319,'blog/11.jpg','[]','2025-12-25 18:49:27','2025-12-25 18:49:27',NULL,'public'),(19,0,'2','2',3,'image/jpeg',3319,'blog/2.jpg','[]','2025-12-25 18:49:27','2025-12-25 18:49:27',NULL,'public'),(20,0,'3','3',3,'image/jpeg',3319,'blog/3.jpg','[]','2025-12-25 18:49:27','2025-12-25 18:49:27',NULL,'public'),(21,0,'4','4',3,'image/jpeg',3319,'blog/4.jpg','[]','2025-12-25 18:49:27','2025-12-25 18:49:27',NULL,'public'),(22,0,'5','5',3,'image/jpeg',3319,'blog/5.jpg','[]','2025-12-25 18:49:27','2025-12-25 18:49:27',NULL,'public'),(23,0,'6','6',3,'image/jpeg',3319,'blog/6.jpg','[]','2025-12-25 18:49:27','2025-12-25 18:49:27',NULL,'public'),(24,0,'7','7',3,'image/jpeg',3319,'blog/7.jpg','[]','2025-12-25 18:49:27','2025-12-25 18:49:27',NULL,'public'),(25,0,'8','8',3,'image/jpeg',3319,'blog/8.jpg','[]','2025-12-25 18:49:27','2025-12-25 18:49:27',NULL,'public'),(26,0,'9','9',3,'image/jpeg',3319,'blog/9.jpg','[]','2025-12-25 18:49:27','2025-12-25 18:49:27',NULL,'public'),(27,0,'blog-in-01','blog-in-01',3,'image/jpeg',9623,'blog/blog-in-01.jpg','[]','2025-12-25 18:49:27','2025-12-25 18:49:27',NULL,'public'),(28,0,'blog-in-02','blog-in-02',3,'image/jpeg',9623,'blog/blog-in-02.jpg','[]','2025-12-25 18:49:27','2025-12-25 18:49:27',NULL,'public'),(29,0,'blog-in-03','blog-in-03',3,'image/jpeg',9623,'blog/blog-in-03.jpg','[]','2025-12-25 18:49:28','2025-12-25 18:49:28',NULL,'public'),(30,0,'blog-in-04','blog-in-04',3,'image/jpeg',9623,'blog/blog-in-04.jpg','[]','2025-12-25 18:49:28','2025-12-25 18:49:28',NULL,'public'),(31,0,'blog-in-05','blog-in-05',3,'image/jpeg',9623,'blog/blog-in-05.jpg','[]','2025-12-25 18:49:28','2025-12-25 18:49:28',NULL,'public'),(32,0,'blog-in-06','blog-in-06',3,'image/jpeg',9623,'blog/blog-in-06.jpg','[]','2025-12-25 18:49:28','2025-12-25 18:49:28',NULL,'public'),(33,0,'blog-sm-1','blog-sm-1',3,'image/jpeg',9623,'blog/blog-sm-1.jpg','[]','2025-12-25 18:49:28','2025-12-25 18:49:28',NULL,'public'),(34,0,'blog-sm-2','blog-sm-2',3,'image/jpeg',9623,'blog/blog-sm-2.jpg','[]','2025-12-25 18:49:28','2025-12-25 18:49:28',NULL,'public'),(35,0,'blog-sm-3','blog-sm-3',3,'image/jpeg',9623,'blog/blog-sm-3.jpg','[]','2025-12-25 18:49:28','2025-12-25 18:49:28',NULL,'public'),(36,0,'blog-sm-4','blog-sm-4',3,'image/jpeg',9623,'blog/blog-sm-4.jpg','[]','2025-12-25 18:49:28','2025-12-25 18:49:28',NULL,'public'),(37,0,'comment-1','comment-1',3,'image/jpeg',9803,'blog/comment-1.jpg','[]','2025-12-25 18:49:28','2025-12-25 18:49:28',NULL,'public'),(38,0,'comment-2','comment-2',3,'image/jpeg',9803,'blog/comment-2.jpg','[]','2025-12-25 18:49:28','2025-12-25 18:49:28',NULL,'public'),(39,0,'location-1','location-1',4,'image/png',5309,'shop/location-1.png','[]','2025-12-25 18:49:28','2025-12-25 18:49:28',NULL,'public'),(40,0,'location-2','location-2',4,'image/png',5309,'shop/location-2.png','[]','2025-12-25 18:49:28','2025-12-25 18:49:28',NULL,'public'),(41,0,'location-3','location-3',4,'image/png',5309,'shop/location-3.png','[]','2025-12-25 18:49:28','2025-12-25 18:49:28',NULL,'public'),(42,0,'location-4','location-4',4,'image/png',5309,'shop/location-4.png','[]','2025-12-25 18:49:29','2025-12-25 18:49:29',NULL,'public'),(43,0,'login_bg','login_bg',4,'image/jpeg',5443,'shop/login-bg.jpg','[]','2025-12-25 18:49:29','2025-12-25 18:49:29',NULL,'public'),(44,0,'reviewer-01','reviewer-01',4,'image/png',1070,'shop/reviewer-01.png','[]','2025-12-25 18:49:29','2025-12-25 18:49:29',NULL,'public'),(45,0,'reviewer-02','reviewer-02',4,'image/png',1070,'shop/reviewer-02.png','[]','2025-12-25 18:49:29','2025-12-25 18:49:29',NULL,'public'),(46,0,'reviewer-03','reviewer-03',4,'image/png',1070,'shop/reviewer-03.png','[]','2025-12-25 18:49:29','2025-12-25 18:49:29',NULL,'public'),(47,0,'s-thumb-01','s-thumb-01',4,'image/jpeg',2813,'shop/s-thumb-01.jpg','[]','2025-12-25 18:49:29','2025-12-25 18:49:29',NULL,'public'),(48,0,'s-thumb-02','s-thumb-02',4,'image/jpeg',2813,'shop/s-thumb-02.jpg','[]','2025-12-25 18:49:29','2025-12-25 18:49:29',NULL,'public'),(49,0,'s-thumb-03','s-thumb-03',4,'image/jpeg',2813,'shop/s-thumb-03.jpg','[]','2025-12-25 18:49:29','2025-12-25 18:49:29',NULL,'public'),(50,0,'s-thumb-04','s-thumb-04',4,'image/jpeg',2813,'shop/s-thumb-04.jpg','[]','2025-12-25 18:49:29','2025-12-25 18:49:29',NULL,'public'),(51,0,'s-thumb-05','s-thumb-05',4,'image/jpeg',2813,'shop/s-thumb-05.jpg','[]','2025-12-25 18:49:29','2025-12-25 18:49:29',NULL,'public'),(52,0,'s-thumb-06','s-thumb-06',4,'image/jpeg',2813,'shop/s-thumb-06.jpg','[]','2025-12-25 18:49:29','2025-12-25 18:49:29',NULL,'public'),(53,0,'sign_bg','sign_bg',4,'image/jpeg',5443,'shop/sign-bg.jpg','[]','2025-12-25 18:49:29','2025-12-25 18:49:29',NULL,'public'),(54,0,'track_bg','track_bg',4,'image/jpeg',6224,'shop/track-bg.jpg','[]','2025-12-25 18:49:29','2025-12-25 18:49:29',NULL,'public'),(55,0,'w-product-01','w-product-01',4,'image/jpeg',5528,'shop/w-product-01.jpg','[]','2025-12-25 18:49:29','2025-12-25 18:49:29',NULL,'public'),(56,0,'w-product-02','w-product-02',4,'image/jpeg',5528,'shop/w-product-02.jpg','[]','2025-12-25 18:49:29','2025-12-25 18:49:29',NULL,'public'),(57,0,'w-product-03','w-product-03',4,'image/jpeg',5528,'shop/w-product-03.jpg','[]','2025-12-25 18:49:29','2025-12-25 18:49:29',NULL,'public'),(58,0,'w-product-04','w-product-04',4,'image/jpeg',5528,'shop/w-product-04.jpg','[]','2025-12-25 18:49:29','2025-12-25 18:49:29',NULL,'public'),(59,0,'w-product-05','w-product-05',4,'image/jpeg',5528,'shop/w-product-05.jpg','[]','2025-12-25 18:49:29','2025-12-25 18:49:29',NULL,'public'),(60,0,'about-banner-1','about-banner-1',5,'image/jpeg',8335,'banners/about-banner-1.jpg','[]','2025-12-25 18:49:30','2025-12-25 18:49:30',NULL,'public'),(61,0,'about-banner-2','about-banner-2',5,'image/jpeg',8335,'banners/about-banner-2.jpg','[]','2025-12-25 18:49:30','2025-12-25 18:49:30',NULL,'public'),(62,0,'about-img-1','about-img-1',5,'image/jpeg',8914,'banners/about-img-1.jpg','[]','2025-12-25 18:49:30','2025-12-25 18:49:30',NULL,'public'),(63,0,'about-img-2','about-img-2',5,'image/jpeg',8914,'banners/about-img-2.jpg','[]','2025-12-25 18:49:30','2025-12-25 18:49:30',NULL,'public'),(64,0,'about-img-3','about-img-3',5,'image/png',6373,'banners/about-img-3.png','[]','2025-12-25 18:49:30','2025-12-25 18:49:30',NULL,'public'),(65,0,'banner-03-01','banner-03-01',5,'image/jpeg',6612,'banners/banner-03-01.jpg','[]','2025-12-25 18:49:30','2025-12-25 18:49:30',NULL,'public'),(66,0,'banner-03-02','banner-03-02',5,'image/jpeg',5283,'banners/banner-03-02.jpg','[]','2025-12-25 18:49:30','2025-12-25 18:49:30',NULL,'public'),(67,0,'banner-03-03','banner-03-03',5,'image/jpeg',5077,'banners/banner-03-03.jpg','[]','2025-12-25 18:49:30','2025-12-25 18:49:30',NULL,'public'),(68,0,'banner-2-01','banner-2-01',5,'image/jpeg',5452,'banners/banner-2-01.jpg','[]','2025-12-25 18:49:30','2025-12-25 18:49:30',NULL,'public'),(69,0,'banner-2-02','banner-2-02',5,'image/jpeg',5452,'banners/banner-2-02.jpg','[]','2025-12-25 18:49:30','2025-12-25 18:49:30',NULL,'public'),(70,0,'banner-2-03','banner-2-03',5,'image/jpeg',12296,'banners/banner-2-03.jpg','[]','2025-12-25 18:49:30','2025-12-25 18:49:30',NULL,'public'),(71,0,'banner-2-04','banner-2-04',5,'image/jpeg',7318,'banners/banner-2-04.jpg','[]','2025-12-25 18:49:30','2025-12-25 18:49:30',NULL,'public'),(72,0,'banner-bg-05','banner-bg-05',5,'image/jpeg',23672,'banners/banner-bg-05.jpg','[]','2025-12-25 18:49:30','2025-12-25 18:49:30',NULL,'public'),(73,0,'banner-offer-01','banner-offer-01',5,'image/jpeg',10330,'banners/banner-offer-01.jpg','[]','2025-12-25 18:49:30','2025-12-25 18:49:30',NULL,'public'),(74,0,'banner-offer-02','banner-offer-02',5,'image/jpeg',9086,'banners/banner-offer-02.jpg','[]','2025-12-25 18:49:30','2025-12-25 18:49:30',NULL,'public'),(75,0,'breadcrumb-01','breadcrumb-01',5,'image/jpeg',5276,'banners/breadcrumb-01.jpg','[]','2025-12-25 18:49:31','2025-12-25 18:49:31',NULL,'public'),(76,0,'coming-soon','coming-soon',5,'image/jpeg',27345,'banners/coming-soon.jpg','[]','2025-12-25 18:49:31','2025-12-25 18:49:31',NULL,'public'),(77,0,'login-bg','login-bg',5,'image/jpeg',5443,'banners/login-bg.jpg','[]','2025-12-25 18:49:31','2025-12-25 18:49:31',NULL,'public'),(78,0,'product-shape-01','product-shape-01',5,'image/png',3220,'banners/product-shape-01.png','[]','2025-12-25 18:49:31','2025-12-25 18:49:31',NULL,'public'),(79,0,'product-shape-02','product-shape-02',5,'image/png',2285,'banners/product-shape-02.png','[]','2025-12-25 18:49:31','2025-12-25 18:49:31',NULL,'public'),(80,0,'sign-bg','sign-bg',5,'image/jpeg',5443,'banners/sign-bg.jpg','[]','2025-12-25 18:49:31','2025-12-25 18:49:31',NULL,'public'),(81,0,'thumb-01','thumb-01',5,'image/jpeg',16230,'banners/thumb-01.jpg','[]','2025-12-25 18:49:31','2025-12-25 18:49:31',NULL,'public'),(82,0,'thumb-02','thumb-02',5,'image/jpeg',7655,'banners/thumb-02.jpg','[]','2025-12-25 18:49:31','2025-12-25 18:49:31',NULL,'public'),(83,0,'thumb-03','thumb-03',5,'image/jpeg',7655,'banners/thumb-03.jpg','[]','2025-12-25 18:49:31','2025-12-25 18:49:31',NULL,'public'),(84,0,'thumb-04','thumb-04',5,'image/jpeg',16230,'banners/thumb-04.jpg','[]','2025-12-25 18:49:31','2025-12-25 18:49:31',NULL,'public'),(85,0,'track-bg','track-bg',5,'image/jpeg',6224,'banners/track-bg.jpg','[]','2025-12-25 18:49:31','2025-12-25 18:49:31',NULL,'public'),(86,0,'box','box',6,'image/png',949,'icons/box.png','[]','2025-12-25 18:49:31','2025-12-25 18:49:31',NULL,'public'),(87,0,'car','car',6,'image/png',855,'icons/car.png','[]','2025-12-25 18:49:31','2025-12-25 18:49:31',NULL,'public'),(88,0,'cash-on-delivery','cash-on-delivery',6,'image/png',2426,'icons/cash-on-delivery.png','[]','2025-12-25 18:49:31','2025-12-25 18:49:31',NULL,'public'),(89,0,'cat-icon-01','cat-icon-01',6,'image/png',146,'icons/cat-icon-01.png','[]','2025-12-25 18:49:31','2025-12-25 18:49:31',NULL,'public'),(90,0,'cat-icon-02','cat-icon-02',6,'image/png',164,'icons/cat-icon-02.png','[]','2025-12-25 18:49:31','2025-12-25 18:49:31',NULL,'public'),(91,0,'cat-icon-03','cat-icon-03',6,'image/png',164,'icons/cat-icon-03.png','[]','2025-12-25 18:49:31','2025-12-25 18:49:31',NULL,'public'),(92,0,'cat-icon-04','cat-icon-04',6,'image/png',160,'icons/cat-icon-04.png','[]','2025-12-25 18:49:32','2025-12-25 18:49:32',NULL,'public'),(93,0,'cat-icon-05','cat-icon-05',6,'image/png',151,'icons/cat-icon-05.png','[]','2025-12-25 18:49:32','2025-12-25 18:49:32',NULL,'public'),(94,0,'cat-icon-06','cat-icon-06',6,'image/png',1665,'icons/cat-icon-06.png','[]','2025-12-25 18:49:32','2025-12-25 18:49:32',NULL,'public'),(95,0,'error','error',6,'image/png',3971,'icons/error.png','[]','2025-12-25 18:49:32','2025-12-25 18:49:32',NULL,'public'),(96,0,'fast-delivery','fast-delivery',6,'image/png',3347,'icons/fast-delivery.png','[]','2025-12-25 18:49:32','2025-12-25 18:49:32',NULL,'public'),(97,0,'hours','hours',6,'image/png',1034,'icons/hours.png','[]','2025-12-25 18:49:32','2025-12-25 18:49:32',NULL,'public'),(98,0,'lang-flag','lang-flag',6,'image/png',1602,'icons/lang-flag.png','[]','2025-12-25 18:49:32','2025-12-25 18:49:32',NULL,'public'),(99,0,'payment','payment',6,'image/png',800,'icons/payment.png','[]','2025-12-25 18:49:32','2025-12-25 18:49:32',NULL,'public'),(100,0,'product-det-1','product-det-1',6,'image/png',974,'icons/product-det-1.png','[]','2025-12-25 18:49:32','2025-12-25 18:49:32',NULL,'public'),(101,0,'product-det-2','product-det-2',6,'image/png',1080,'icons/product-det-2.png','[]','2025-12-25 18:49:32','2025-12-25 18:49:32',NULL,'public'),(102,0,'product-det-3','product-det-3',6,'image/png',735,'icons/product-det-3.png','[]','2025-12-25 18:49:32','2025-12-25 18:49:32',NULL,'public'),(103,0,'product-det-4','product-det-4',6,'image/png',1202,'icons/product-det-4.png','[]','2025-12-25 18:49:32','2025-12-25 18:49:32',NULL,'public'),(104,0,'support','support',6,'image/png',3574,'icons/support.png','[]','2025-12-25 18:49:32','2025-12-25 18:49:32',NULL,'public'),(105,0,'title-shape-02','title-shape-02',6,'image/jpeg',737,'icons/title-shape-02.jpg','[]','2025-12-25 18:49:32','2025-12-25 18:49:32',NULL,'public'),(106,0,'track-1','track-1',6,'image/png',339,'icons/track-1.png','[]','2025-12-25 18:49:32','2025-12-25 18:49:32',NULL,'public'),(107,0,'verified','verified',6,'image/png',2564,'icons/verified.png','[]','2025-12-25 18:49:32','2025-12-25 18:49:32',NULL,'public'),(108,0,'banner-1','banner-1',7,'image/jpeg',9766,'sliders/banner-1.jpg','[]','2025-12-25 18:49:32','2025-12-25 18:49:32',NULL,'public'),(109,0,'banner-2','banner-2',7,'image/jpeg',9766,'sliders/banner-2.jpg','[]','2025-12-25 18:49:32','2025-12-25 18:49:32',NULL,'public'),(110,0,'banner-3','banner-3',7,'image/jpeg',9766,'sliders/banner-3.jpg','[]','2025-12-25 18:49:32','2025-12-25 18:49:32',NULL,'public'),(111,0,'banner-slider-01','banner-slider-01',7,'image/jpeg',4081,'sliders/banner-slider-01.jpg','[]','2025-12-25 18:49:32','2025-12-25 18:49:32',NULL,'public'),(112,0,'banner-slider-02','banner-slider-02',7,'image/jpeg',4081,'sliders/banner-slider-02.jpg','[]','2025-12-25 18:49:32','2025-12-25 18:49:32',NULL,'public'),(113,0,'fasion-tag-01','fasion-tag-01',7,'image/png',2647,'sliders/fasion-tag-01.png','[]','2025-12-25 18:49:33','2025-12-25 18:49:33',NULL,'public'),(114,0,'fasion-tag-02','fasion-tag-02',7,'image/png',2675,'sliders/fasion-tag-02.png','[]','2025-12-25 18:49:33','2025-12-25 18:49:33',NULL,'public'),(115,0,'fasion-tag-03','fasion-tag-03',7,'image/png',2675,'sliders/fasion-tag-03.png','[]','2025-12-25 18:49:33','2025-12-25 18:49:33',NULL,'public'),(116,0,'slider-01','slider-01',7,'image/png',13507,'sliders/slider-01.png','[]','2025-12-25 18:49:33','2025-12-25 18:49:33',NULL,'public'),(117,0,'slider-02','slider-02',7,'image/png',13507,'sliders/slider-02.png','[]','2025-12-25 18:49:33','2025-12-25 18:49:33',NULL,'public'),(118,0,'slider-03','slider-03',7,'image/png',13507,'sliders/slider-03.png','[]','2025-12-25 18:49:33','2025-12-25 18:49:33',NULL,'public'),(119,0,'slider-04','slider-04',7,'image/png',11780,'sliders/slider-04.png','[]','2025-12-25 18:49:33','2025-12-25 18:49:33',NULL,'public'),(120,0,'slider-05-banner-1','slider-05-banner-1',7,'image/jpeg',3724,'sliders/slider-05-banner-1.jpg','[]','2025-12-25 18:49:33','2025-12-25 18:49:33',NULL,'public'),(121,0,'slider-05-banner-2','slider-05-banner-2',7,'image/jpeg',3724,'sliders/slider-05-banner-2.jpg','[]','2025-12-25 18:49:33','2025-12-25 18:49:33',NULL,'public'),(122,0,'slider-05-bg-1','slider-05-bg-1',7,'image/jpeg',11103,'sliders/slider-05-bg-1.jpg','[]','2025-12-25 18:49:33','2025-12-25 18:49:33',NULL,'public'),(123,0,'slider-05-bg-2','slider-05-bg-2',7,'image/jpeg',11103,'sliders/slider-05-bg-2.jpg','[]','2025-12-25 18:49:33','2025-12-25 18:49:33',NULL,'public'),(124,0,'slider-05-bg-3','slider-05-bg-3',7,'image/jpeg',11103,'sliders/slider-05-bg-3.jpg','[]','2025-12-25 18:49:33','2025-12-25 18:49:33',NULL,'public'),(125,0,'slider-05-bg-4','slider-05-bg-4',7,'image/jpeg',11103,'sliders/slider-05-bg-4.jpg','[]','2025-12-25 18:49:33','2025-12-25 18:49:33',NULL,'public'),(126,0,'slider-05','slider-05',7,'image/png',11780,'sliders/slider-05.png','[]','2025-12-25 18:49:33','2025-12-25 18:49:33',NULL,'public'),(127,0,'slider-06','slider-06',7,'image/png',11780,'sliders/slider-06.png','[]','2025-12-25 18:49:33','2025-12-25 18:49:33',NULL,'public'),(128,0,'slider-bg-04','slider-bg-04',7,'image/png',7941,'sliders/slider-bg-04.png','[]','2025-12-25 18:49:33','2025-12-25 18:49:33',NULL,'public'),(129,0,'slider-bg-05','slider-bg-05',7,'image/png',7941,'sliders/slider-bg-05.png','[]','2025-12-25 18:49:34','2025-12-25 18:49:34',NULL,'public'),(130,0,'slider-bg-06','slider-bg-06',7,'image/png',7941,'sliders/slider-bg-06.png','[]','2025-12-25 18:49:34','2025-12-25 18:49:34',NULL,'public'),(131,0,'video-bg-01','video-bg-01',7,'image/jpeg',14217,'sliders/video-bg-01.jpg','[]','2025-12-25 18:49:34','2025-12-25 18:49:34',NULL,'public'),(132,0,'brand-01','brand-01',8,'image/png',630,'brands/brand-01.png','[]','2025-12-25 18:49:34','2025-12-25 18:49:34',NULL,'public'),(133,0,'brand-02','brand-02',8,'image/png',630,'brands/brand-02.png','[]','2025-12-25 18:49:34','2025-12-25 18:49:34',NULL,'public'),(134,0,'brand-03','brand-03',8,'image/png',630,'brands/brand-03.png','[]','2025-12-25 18:49:34','2025-12-25 18:49:34',NULL,'public'),(135,0,'brand-04','brand-04',8,'image/png',630,'brands/brand-04.png','[]','2025-12-25 18:49:34','2025-12-25 18:49:34',NULL,'public'),(136,0,'brand-05','brand-05',8,'image/png',630,'brands/brand-05.png','[]','2025-12-25 18:49:34','2025-12-25 18:49:34',NULL,'public'),(137,0,'brand-06','brand-06',8,'image/png',630,'brands/brand-06.png','[]','2025-12-25 18:49:34','2025-12-25 18:49:34',NULL,'public'),(138,0,'brand-w-01','brand-w-01',8,'image/png',630,'brands/brand-w-01.png','[]','2025-12-25 18:49:34','2025-12-25 18:49:34',NULL,'public'),(139,0,'brand-w-02','brand-w-02',8,'image/png',630,'brands/brand-w-02.png','[]','2025-12-25 18:49:34','2025-12-25 18:49:34',NULL,'public'),(140,0,'brand-w-03','brand-w-03',8,'image/png',630,'brands/brand-w-03.png','[]','2025-12-25 18:49:34','2025-12-25 18:49:34',NULL,'public'),(141,0,'brand-w-04','brand-w-04',8,'image/png',630,'brands/brand-w-04.png','[]','2025-12-25 18:49:34','2025-12-25 18:49:34',NULL,'public'),(142,0,'brand-w-05','brand-w-05',8,'image/png',630,'brands/brand-w-05.png','[]','2025-12-25 18:49:34','2025-12-25 18:49:34',NULL,'public'),(143,0,'brand-w-06','brand-w-06',8,'image/png',630,'brands/brand-w-06.png','[]','2025-12-25 18:49:34','2025-12-25 18:49:34',NULL,'public'),(144,0,'pla-brand-01','pla-brand-01',8,'image/png',630,'brands/pla-brand-01.png','[]','2025-12-25 18:49:34','2025-12-25 18:49:34',NULL,'public'),(145,0,'pla-brand-02','pla-brand-02',8,'image/png',630,'brands/pla-brand-02.png','[]','2025-12-25 18:49:34','2025-12-25 18:49:34',NULL,'public'),(146,0,'pla-brand-03','pla-brand-03',8,'image/png',630,'brands/pla-brand-03.png','[]','2025-12-25 18:49:34','2025-12-25 18:49:34',NULL,'public'),(147,0,'pla-brand-04','pla-brand-04',8,'image/png',630,'brands/pla-brand-04.png','[]','2025-12-25 18:49:35','2025-12-25 18:49:35',NULL,'public'),(148,0,'pla-brand-05','pla-brand-05',8,'image/png',630,'brands/pla-brand-05.png','[]','2025-12-25 18:49:35','2025-12-25 18:49:35',NULL,'public'),(149,0,'pla-brand-06','pla-brand-06',8,'image/png',630,'brands/pla-brand-06.png','[]','2025-12-25 18:49:35','2025-12-25 18:49:35',NULL,'public'),(150,0,'feature-icon-01','feature-icon-01',9,'image/png',2082,'features/feature-icon-01.png','[]','2025-12-25 18:49:35','2025-12-25 18:49:35',NULL,'public'),(151,0,'feature-icon-02','feature-icon-02',9,'image/png',1941,'features/feature-icon-02.png','[]','2025-12-25 18:49:35','2025-12-25 18:49:35',NULL,'public'),(152,0,'feature-icon-03','feature-icon-03',9,'image/png',2535,'features/feature-icon-03.png','[]','2025-12-25 18:49:35','2025-12-25 18:49:35',NULL,'public'),(153,0,'feature-icon-04','feature-icon-04',9,'image/png',1158,'features/feature-icon-04.png','[]','2025-12-25 18:49:35','2025-12-25 18:49:35',NULL,'public'),(154,0,'feature-icon-05','feature-icon-05',9,'image/png',1887,'features/feature-icon-05.png','[]','2025-12-25 18:49:35','2025-12-25 18:49:35',NULL,'public'),(155,0,'feature-icon-06','feature-icon-06',9,'image/png',1666,'features/feature-icon-06.png','[]','2025-12-25 18:49:35','2025-12-25 18:49:35',NULL,'public'),(156,0,'pla-product-01','pla-product-01',10,'image/jpeg',9803,'products/pla-product-01.jpg','[]','2025-12-25 18:49:35','2025-12-25 18:49:35',NULL,'public'),(157,0,'pla-product-02','pla-product-02',10,'image/jpeg',9803,'products/pla-product-02.jpg','[]','2025-12-25 18:49:35','2025-12-25 18:49:35',NULL,'public'),(158,0,'pla-product-03','pla-product-03',10,'image/jpeg',9803,'products/pla-product-03.jpg','[]','2025-12-25 18:49:35','2025-12-25 18:49:35',NULL,'public'),(159,0,'pla-product-04','pla-product-04',10,'image/jpeg',9803,'products/pla-product-04.jpg','[]','2025-12-25 18:49:35','2025-12-25 18:49:35',NULL,'public'),(160,0,'product-1','product-1',10,'image/jpeg',9803,'products/product-1.jpg','[]','2025-12-25 18:49:35','2025-12-25 18:49:35',NULL,'public'),(161,0,'product-10','product-10',10,'image/jpeg',9803,'products/product-10.jpg','[]','2025-12-25 18:49:35','2025-12-25 18:49:35',NULL,'public'),(162,0,'product-11','product-11',10,'image/jpeg',9803,'products/product-11.jpg','[]','2025-12-25 18:49:36','2025-12-25 18:49:36',NULL,'public'),(163,0,'product-12','product-12',10,'image/jpeg',9803,'products/product-12.jpg','[]','2025-12-25 18:49:36','2025-12-25 18:49:36',NULL,'public'),(164,0,'product-13','product-13',10,'image/jpeg',9803,'products/product-13.jpg','[]','2025-12-25 18:49:36','2025-12-25 18:49:36',NULL,'public'),(165,0,'product-14','product-14',10,'image/jpeg',9803,'products/product-14.jpg','[]','2025-12-25 18:49:36','2025-12-25 18:49:36',NULL,'public'),(166,0,'product-15','product-15',10,'image/jpeg',9803,'products/product-15.jpg','[]','2025-12-25 18:49:36','2025-12-25 18:49:36',NULL,'public'),(167,0,'product-16','product-16',10,'image/jpeg',9803,'products/product-16.jpg','[]','2025-12-25 18:49:36','2025-12-25 18:49:36',NULL,'public'),(168,0,'product-17','product-17',10,'image/jpeg',9803,'products/product-17.jpg','[]','2025-12-25 18:49:36','2025-12-25 18:49:36',NULL,'public'),(169,0,'product-18','product-18',10,'image/jpeg',9803,'products/product-18.jpg','[]','2025-12-25 18:49:36','2025-12-25 18:49:36',NULL,'public'),(170,0,'product-19','product-19',10,'image/jpeg',9803,'products/product-19.jpg','[]','2025-12-25 18:49:36','2025-12-25 18:49:36',NULL,'public'),(171,0,'product-2','product-2',10,'image/jpeg',9803,'products/product-2.jpg','[]','2025-12-25 18:49:36','2025-12-25 18:49:36',NULL,'public'),(172,0,'product-20','product-20',10,'image/jpeg',9803,'products/product-20.jpg','[]','2025-12-25 18:49:36','2025-12-25 18:49:36',NULL,'public'),(173,0,'product-21','product-21',10,'image/jpeg',9803,'products/product-21.jpg','[]','2025-12-25 18:49:36','2025-12-25 18:49:36',NULL,'public'),(174,0,'product-22','product-22',10,'image/jpeg',9803,'products/product-22.jpg','[]','2025-12-25 18:49:36','2025-12-25 18:49:36',NULL,'public'),(175,0,'product-23','product-23',10,'image/jpeg',9803,'products/product-23.jpg','[]','2025-12-25 18:49:36','2025-12-25 18:49:36',NULL,'public'),(176,0,'product-24','product-24',10,'image/jpeg',9803,'products/product-24.jpg','[]','2025-12-25 18:49:36','2025-12-25 18:49:36',NULL,'public'),(177,0,'product-25','product-25',10,'image/jpeg',9803,'products/product-25.jpg','[]','2025-12-25 18:49:37','2025-12-25 18:49:37',NULL,'public'),(178,0,'product-26','product-26',10,'image/jpeg',9803,'products/product-26.jpg','[]','2025-12-25 18:49:37','2025-12-25 18:49:37',NULL,'public'),(179,0,'product-27','product-27',10,'image/jpeg',9803,'products/product-27.jpg','[]','2025-12-25 18:49:37','2025-12-25 18:49:37',NULL,'public'),(180,0,'product-28','product-28',10,'image/jpeg',9803,'products/product-28.jpg','[]','2025-12-25 18:49:37','2025-12-25 18:49:37',NULL,'public'),(181,0,'product-29','product-29',10,'image/jpeg',9803,'products/product-29.jpg','[]','2025-12-25 18:49:37','2025-12-25 18:49:37',NULL,'public'),(182,0,'product-3','product-3',10,'image/jpeg',9803,'products/product-3.jpg','[]','2025-12-25 18:49:37','2025-12-25 18:49:37',NULL,'public'),(183,0,'product-30','product-30',10,'image/jpeg',9803,'products/product-30.jpg','[]','2025-12-25 18:49:37','2025-12-25 18:49:37',NULL,'public'),(184,0,'product-31','product-31',10,'image/jpeg',9803,'products/product-31.jpg','[]','2025-12-25 18:49:37','2025-12-25 18:49:37',NULL,'public'),(185,0,'product-32','product-32',10,'image/jpeg',9803,'products/product-32.jpg','[]','2025-12-25 18:49:37','2025-12-25 18:49:37',NULL,'public'),(186,0,'product-33','product-33',10,'image/jpeg',9803,'products/product-33.jpg','[]','2025-12-25 18:49:37','2025-12-25 18:49:37',NULL,'public'),(187,0,'product-34','product-34',10,'image/jpeg',9803,'products/product-34.jpg','[]','2025-12-25 18:49:37','2025-12-25 18:49:37',NULL,'public'),(188,0,'product-35','product-35',10,'image/jpeg',9803,'products/product-35.jpg','[]','2025-12-25 18:49:37','2025-12-25 18:49:37',NULL,'public'),(189,0,'product-36','product-36',10,'image/jpeg',9803,'products/product-36.jpg','[]','2025-12-25 18:49:37','2025-12-25 18:49:37',NULL,'public'),(190,0,'product-37','product-37',10,'image/jpeg',9803,'products/product-37.jpg','[]','2025-12-25 18:49:37','2025-12-25 18:49:37',NULL,'public'),(191,0,'product-38','product-38',10,'image/jpeg',9803,'products/product-38.jpg','[]','2025-12-25 18:49:37','2025-12-25 18:49:37',NULL,'public'),(192,0,'product-39','product-39',10,'image/jpeg',9803,'products/product-39.jpg','[]','2025-12-25 18:49:37','2025-12-25 18:49:37',NULL,'public'),(193,0,'product-4','product-4',10,'image/jpeg',9803,'products/product-4.jpg','[]','2025-12-25 18:49:38','2025-12-25 18:49:38',NULL,'public'),(194,0,'product-40','product-40',10,'image/jpeg',9803,'products/product-40.jpg','[]','2025-12-25 18:49:38','2025-12-25 18:49:38',NULL,'public'),(195,0,'product-41','product-41',10,'image/jpeg',9803,'products/product-41.jpg','[]','2025-12-25 18:49:38','2025-12-25 18:49:38',NULL,'public'),(196,0,'product-42','product-42',10,'image/jpeg',9803,'products/product-42.jpg','[]','2025-12-25 18:49:38','2025-12-25 18:49:38',NULL,'public'),(197,0,'product-43','product-43',10,'image/jpeg',9803,'products/product-43.jpg','[]','2025-12-25 18:49:38','2025-12-25 18:49:38',NULL,'public'),(198,0,'product-44','product-44',10,'image/jpeg',9803,'products/product-44.jpg','[]','2025-12-25 18:49:38','2025-12-25 18:49:38',NULL,'public'),(199,0,'product-45','product-45',10,'image/jpeg',9803,'products/product-45.jpg','[]','2025-12-25 18:49:38','2025-12-25 18:49:38',NULL,'public'),(200,0,'product-46','product-46',10,'image/jpeg',9803,'products/product-46.jpg','[]','2025-12-25 18:49:38','2025-12-25 18:49:38',NULL,'public'),(201,0,'product-47','product-47',10,'image/jpeg',9803,'products/product-47.jpg','[]','2025-12-25 18:49:38','2025-12-25 18:49:38',NULL,'public'),(202,0,'product-48','product-48',10,'image/jpeg',9803,'products/product-48.jpg','[]','2025-12-25 18:49:38','2025-12-25 18:49:38',NULL,'public'),(203,0,'product-49','product-49',10,'image/jpeg',9803,'products/product-49.jpg','[]','2025-12-25 18:49:38','2025-12-25 18:49:38',NULL,'public'),(204,0,'product-5','product-5',10,'image/jpeg',9803,'products/product-5.jpg','[]','2025-12-25 18:49:38','2025-12-25 18:49:38',NULL,'public'),(205,0,'product-50','product-50',10,'image/jpeg',9803,'products/product-50.jpg','[]','2025-12-25 18:49:38','2025-12-25 18:49:38',NULL,'public'),(206,0,'product-51','product-51',10,'image/jpeg',9803,'products/product-51.jpg','[]','2025-12-25 18:49:38','2025-12-25 18:49:38',NULL,'public'),(207,0,'product-52','product-52',10,'image/jpeg',9803,'products/product-52.jpg','[]','2025-12-25 18:49:38','2025-12-25 18:49:38',NULL,'public'),(208,0,'product-53','product-53',10,'image/jpeg',9803,'products/product-53.jpg','[]','2025-12-25 18:49:39','2025-12-25 18:49:39',NULL,'public'),(209,0,'product-54','product-54',10,'image/jpeg',9803,'products/product-54.jpg','[]','2025-12-25 18:49:39','2025-12-25 18:49:39',NULL,'public'),(210,0,'product-55','product-55',10,'image/jpeg',9803,'products/product-55.jpg','[]','2025-12-25 18:49:39','2025-12-25 18:49:39',NULL,'public'),(211,0,'product-56','product-56',10,'image/jpeg',9803,'products/product-56.jpg','[]','2025-12-25 18:49:39','2025-12-25 18:49:39',NULL,'public'),(212,0,'product-57','product-57',10,'image/jpeg',9803,'products/product-57.jpg','[]','2025-12-25 18:49:39','2025-12-25 18:49:39',NULL,'public'),(213,0,'product-58','product-58',10,'image/jpeg',9803,'products/product-58.jpg','[]','2025-12-25 18:49:39','2025-12-25 18:49:39',NULL,'public'),(214,0,'product-59','product-59',10,'image/jpeg',9803,'products/product-59.jpg','[]','2025-12-25 18:49:39','2025-12-25 18:49:39',NULL,'public'),(215,0,'product-6','product-6',10,'image/jpeg',9803,'products/product-6.jpg','[]','2025-12-25 18:49:39','2025-12-25 18:49:39',NULL,'public'),(216,0,'product-60','product-60',10,'image/jpeg',9803,'products/product-60.jpg','[]','2025-12-25 18:49:39','2025-12-25 18:49:39',NULL,'public'),(217,0,'product-61','product-61',10,'image/jpeg',9803,'products/product-61.jpg','[]','2025-12-25 18:49:39','2025-12-25 18:49:39',NULL,'public'),(218,0,'product-62','product-62',10,'image/jpeg',9803,'products/product-62.jpg','[]','2025-12-25 18:49:39','2025-12-25 18:49:39',NULL,'public'),(219,0,'product-63','product-63',10,'image/jpeg',9803,'products/product-63.jpg','[]','2025-12-25 18:49:39','2025-12-25 18:49:39',NULL,'public'),(220,0,'product-64','product-64',10,'image/jpeg',9803,'products/product-64.jpg','[]','2025-12-25 18:49:39','2025-12-25 18:49:39',NULL,'public'),(221,0,'product-65','product-65',10,'image/jpeg',9803,'products/product-65.jpg','[]','2025-12-25 18:49:39','2025-12-25 18:49:39',NULL,'public'),(222,0,'product-66','product-66',10,'image/jpeg',9803,'products/product-66.jpg','[]','2025-12-25 18:49:39','2025-12-25 18:49:39',NULL,'public'),(223,0,'product-67','product-67',10,'image/jpeg',9803,'products/product-67.jpg','[]','2025-12-25 18:49:40','2025-12-25 18:49:40',NULL,'public'),(224,0,'product-68','product-68',10,'image/jpeg',9803,'products/product-68.jpg','[]','2025-12-25 18:49:40','2025-12-25 18:49:40',NULL,'public'),(225,0,'product-69','product-69',10,'image/jpeg',9803,'products/product-69.jpg','[]','2025-12-25 18:49:40','2025-12-25 18:49:40',NULL,'public'),(226,0,'product-7','product-7',10,'image/jpeg',9803,'products/product-7.jpg','[]','2025-12-25 18:49:40','2025-12-25 18:49:40',NULL,'public'),(227,0,'product-70','product-70',10,'image/jpeg',9803,'products/product-70.jpg','[]','2025-12-25 18:49:40','2025-12-25 18:49:40',NULL,'public'),(228,0,'product-71','product-71',10,'image/jpeg',9803,'products/product-71.jpg','[]','2025-12-25 18:49:40','2025-12-25 18:49:40',NULL,'public'),(229,0,'product-72','product-72',10,'image/jpeg',9803,'products/product-72.jpg','[]','2025-12-25 18:49:40','2025-12-25 18:49:40',NULL,'public'),(230,0,'product-73','product-73',10,'image/jpeg',9803,'products/product-73.jpg','[]','2025-12-25 18:49:40','2025-12-25 18:49:40',NULL,'public'),(231,0,'product-74','product-74',10,'image/jpeg',9803,'products/product-74.jpg','[]','2025-12-25 18:49:40','2025-12-25 18:49:40',NULL,'public'),(232,0,'product-75','product-75',10,'image/jpeg',9803,'products/product-75.jpg','[]','2025-12-25 18:49:40','2025-12-25 18:49:40',NULL,'public'),(233,0,'product-76','product-76',10,'image/jpeg',9803,'products/product-76.jpg','[]','2025-12-25 18:49:40','2025-12-25 18:49:40',NULL,'public'),(234,0,'product-77','product-77',10,'image/jpeg',9803,'products/product-77.jpg','[]','2025-12-25 18:49:40','2025-12-25 18:49:40',NULL,'public'),(235,0,'product-78','product-78',10,'image/jpeg',9803,'products/product-78.jpg','[]','2025-12-25 18:49:40','2025-12-25 18:49:40',NULL,'public'),(236,0,'product-79','product-79',10,'image/jpeg',9803,'products/product-79.jpg','[]','2025-12-25 18:49:40','2025-12-25 18:49:40',NULL,'public'),(237,0,'product-8','product-8',10,'image/jpeg',9803,'products/product-8.jpg','[]','2025-12-25 18:49:41','2025-12-25 18:49:41',NULL,'public'),(238,0,'product-80','product-80',10,'image/jpeg',9803,'products/product-80.jpg','[]','2025-12-25 18:49:41','2025-12-25 18:49:41',NULL,'public'),(239,0,'product-81','product-81',10,'image/jpeg',9803,'products/product-81.jpg','[]','2025-12-25 18:49:41','2025-12-25 18:49:41',NULL,'public'),(240,0,'product-82','product-82',10,'image/jpeg',9803,'products/product-82.jpg','[]','2025-12-25 18:49:41','2025-12-25 18:49:41',NULL,'public'),(241,0,'product-83','product-83',10,'image/jpeg',9803,'products/product-83.jpg','[]','2025-12-25 18:49:41','2025-12-25 18:49:41',NULL,'public'),(242,0,'product-84','product-84',10,'image/jpeg',9803,'products/product-84.jpg','[]','2025-12-25 18:49:41','2025-12-25 18:49:41',NULL,'public'),(243,0,'product-85','product-85',10,'image/jpeg',9803,'products/product-85.jpg','[]','2025-12-25 18:49:41','2025-12-25 18:49:41',NULL,'public'),(244,0,'product-86','product-86',10,'image/jpeg',9803,'products/product-86.jpg','[]','2025-12-25 18:49:41','2025-12-25 18:49:41',NULL,'public'),(245,0,'product-87','product-87',10,'image/jpeg',9803,'products/product-87.jpg','[]','2025-12-25 18:49:41','2025-12-25 18:49:41',NULL,'public'),(246,0,'product-88','product-88',10,'image/jpeg',9803,'products/product-88.jpg','[]','2025-12-25 18:49:41','2025-12-25 18:49:41',NULL,'public'),(247,0,'product-89','product-89',10,'image/jpeg',9803,'products/product-89.jpg','[]','2025-12-25 18:49:41','2025-12-25 18:49:41',NULL,'public'),(248,0,'product-9','product-9',10,'image/jpeg',9803,'products/product-9.jpg','[]','2025-12-25 18:49:41','2025-12-25 18:49:41',NULL,'public'),(249,0,'product-90','product-90',10,'image/jpeg',9803,'products/product-90.jpg','[]','2025-12-25 18:49:41','2025-12-25 18:49:41',NULL,'public'),(250,0,'product-91','product-91',10,'image/jpeg',9803,'products/product-91.jpg','[]','2025-12-25 18:49:41','2025-12-25 18:49:41',NULL,'public'),(251,0,'product-92','product-92',10,'image/jpeg',9803,'products/product-92.jpg','[]','2025-12-25 18:49:41','2025-12-25 18:49:41',NULL,'public'),(252,0,'product-93','product-93',10,'image/jpeg',9803,'products/product-93.jpg','[]','2025-12-25 18:49:42','2025-12-25 18:49:42',NULL,'public'),(253,0,'product-94','product-94',10,'image/jpeg',9803,'products/product-94.jpg','[]','2025-12-25 18:49:42','2025-12-25 18:49:42',NULL,'public'),(254,0,'product-95','product-95',10,'image/jpeg',9803,'products/product-95.jpg','[]','2025-12-25 18:49:42','2025-12-25 18:49:42',NULL,'public'),(255,0,'1','1',11,'image/jpeg',9803,'customers/1.jpg','[]','2025-12-25 18:49:53','2025-12-25 18:49:53',NULL,'public'),(256,0,'10','10',11,'image/jpeg',9803,'customers/10.jpg','[]','2025-12-25 18:49:53','2025-12-25 18:49:53',NULL,'public'),(257,0,'2','2',11,'image/jpeg',9803,'customers/2.jpg','[]','2025-12-25 18:49:53','2025-12-25 18:49:53',NULL,'public'),(258,0,'3','3',11,'image/jpeg',9803,'customers/3.jpg','[]','2025-12-25 18:49:53','2025-12-25 18:49:53',NULL,'public'),(259,0,'4','4',11,'image/jpeg',9803,'customers/4.jpg','[]','2025-12-25 18:49:53','2025-12-25 18:49:53',NULL,'public'),(260,0,'5','5',11,'image/jpeg',9803,'customers/5.jpg','[]','2025-12-25 18:49:53','2025-12-25 18:49:53',NULL,'public'),(261,0,'6','6',11,'image/jpeg',9803,'customers/6.jpg','[]','2025-12-25 18:49:53','2025-12-25 18:49:53',NULL,'public'),(262,0,'7','7',11,'image/jpeg',9803,'customers/7.jpg','[]','2025-12-25 18:49:53','2025-12-25 18:49:53',NULL,'public'),(263,0,'8','8',11,'image/jpeg',9803,'customers/8.jpg','[]','2025-12-25 18:49:53','2025-12-25 18:49:53',NULL,'public'),(264,0,'9','9',11,'image/jpeg',9803,'customers/9.jpg','[]','2025-12-25 18:49:53','2025-12-25 18:49:53',NULL,'public'),(265,0,'1','1',12,'image/jpeg',9803,'galleries/1.jpg','[]','2025-12-25 18:49:59','2025-12-25 18:49:59',NULL,'public'),(266,0,'2','2',12,'image/jpeg',9803,'galleries/2.jpg','[]','2025-12-25 18:49:59','2025-12-25 18:49:59',NULL,'public'),(267,0,'3','3',12,'image/jpeg',9803,'galleries/3.jpg','[]','2025-12-25 18:49:59','2025-12-25 18:49:59',NULL,'public'),(268,0,'4','4',12,'image/jpeg',9803,'galleries/4.jpg','[]','2025-12-25 18:49:59','2025-12-25 18:49:59',NULL,'public'),(269,0,'5','5',12,'image/jpeg',9803,'galleries/5.jpg','[]','2025-12-25 18:49:59','2025-12-25 18:49:59',NULL,'public'),(270,0,'6','6',12,'image/jpeg',9803,'galleries/6.jpg','[]','2025-12-25 18:49:59','2025-12-25 18:49:59',NULL,'public'),(278,0,'avatar-1','avatar-1',14,'image/png',674,'testimonials/avatar-1.png','[]','2025-12-25 18:50:00','2025-12-25 18:50:00',NULL,'public'),(279,0,'avatar-2','avatar-2',14,'image/png',674,'testimonials/avatar-2.png','[]','2025-12-25 18:50:00','2025-12-25 18:50:00',NULL,'public'),(280,0,'avatar-3','avatar-3',14,'image/png',674,'testimonials/avatar-3.png','[]','2025-12-25 18:50:00','2025-12-25 18:50:00',NULL,'public'),(281,0,'team-1','team-1',14,'image/jpeg',6202,'testimonials/team-1.jpg','[]','2025-12-25 18:50:00','2025-12-25 18:50:00',NULL,'public'),(282,0,'team-2','team-2',14,'image/jpeg',6202,'testimonials/team-2.jpg','[]','2025-12-25 18:50:00','2025-12-25 18:50:00',NULL,'public'),(283,0,'team-3','team-3',14,'image/jpeg',6202,'testimonials/team-3.jpg','[]','2025-12-25 18:50:00','2025-12-25 18:50:00',NULL,'public'),(284,0,'team-4','team-4',14,'image/jpeg',6202,'testimonials/team-4.jpg','[]','2025-12-25 18:50:00','2025-12-25 18:50:00',NULL,'public');
/*!40000 ALTER TABLE `media_files` ENABLE KEYS */;
UNLOCK TABLES;

--
-- Table structure for table `media_folders`
--

DROP TABLE IF EXISTS `media_folders`;
/*!40101 SET @saved_cs_client     = @@character_set_client */;
/*!50503 SET character_set_client = utf8mb4 */;
CREATE TABLE `media_folders` (
  `id` bigint unsigned NOT NULL AUTO_INCREMENT,
  `user_id` bigint unsigned NOT NULL,
  `name` varchar(191) COLLATE utf8mb4_unicode_ci DEFAULT NULL,
  `color` varchar(191) COLLATE utf8mb4_unicode_ci DEFAULT NULL,
  `slug` varchar(191) COLLATE utf8mb4_unicode_ci DEFAULT NULL,
  `parent_id` bigint unsigned NOT NULL DEFAULT '0',
  `created_at` timestamp NULL DEFAULT NULL,
  `updated_at` timestamp NULL DEFAULT NULL,
  `deleted_at` timestamp NULL DEFAULT NULL,
  PRIMARY KEY (`id`),
  KEY `media_folders_user_id_index` (`user_id`),
  KEY `media_folders_index` (`parent_id`,`user_id`,`created_at`)
) ENGINE=InnoDB AUTO_INCREMENT=15 DEFAULT CHARSET=utf8mb4 COLLATE=utf8mb4_unicode_ci;
/*!40101 SET character_set_client = @saved_cs_client */;

--
-- Dumping data for table `media_folders`
--

LOCK TABLES `media_folders` WRITE;
/*!40000 ALTER TABLE `media_folders` DISABLE KEYS */;
INSERT INTO `media_folders` VALUES (1,0,'general',NULL,'general',0,'2025-12-25 18:49:26','2025-12-25 18:49:26',NULL),(2,0,'payments',NULL,'payments',0,'2025-12-25 18:49:26','2025-12-25 18:49:26',NULL),(3,0,'blog',NULL,'blog',0,'2025-12-25 18:49:27','2025-12-25 18:49:27',NULL),(4,0,'shop',NULL,'shop',0,'2025-12-25 18:49:28','2025-12-25 18:49:28',NULL),(5,0,'banners',NULL,'banners',0,'2025-12-25 18:49:30','2025-12-25 18:49:30',NULL),(6,0,'icons',NULL,'icons',0,'2025-12-25 18:49:31','2025-12-25 18:49:31',NULL),(7,0,'sliders',NULL,'sliders',0,'2025-12-25 18:49:32','2025-12-25 18:49:32',NULL),(8,0,'brands',NULL,'brands',0,'2025-12-25 18:49:34','2025-12-25 18:49:34',NULL),(9,0,'features',NULL,'features',0,'2025-12-25 18:49:35','2025-12-25 18:49:35',NULL),(10,0,'products',NULL,'products',0,'2025-12-25 18:49:35','2025-12-25 18:49:35',NULL),(11,0,'customers',NULL,'customers',0,'2025-12-25 18:49:53','2025-12-25 18:49:53',NULL),(12,0,'galleries',NULL,'galleries',0,'2025-12-25 18:49:59','2025-12-25 18:49:59',NULL),(14,0,'testimonials',NULL,'testimonials',0,'2025-12-25 18:50:00','2025-12-25 18:50:00',NULL);
/*!40000 ALTER TABLE `media_folders` ENABLE KEYS */;
UNLOCK TABLES;

--
-- Table structure for table `media_settings`
--

DROP TABLE IF EXISTS `media_settings`;
/*!40101 SET @saved_cs_client     = @@character_set_client */;
/*!50503 SET character_set_client = utf8mb4 */;
CREATE TABLE `media_settings` (
  `id` bigint unsigned NOT NULL AUTO_INCREMENT,
  `key` varchar(120) COLLATE utf8mb4_unicode_ci NOT NULL,
  `value` text COLLATE utf8mb4_unicode_ci,
  `media_id` bigint unsigned DEFAULT NULL,
  `user_id` bigint unsigned DEFAULT NULL,
  `created_at` timestamp NULL DEFAULT NULL,
  `updated_at` timestamp NULL DEFAULT NULL,
  PRIMARY KEY (`id`)
) ENGINE=InnoDB DEFAULT CHARSET=utf8mb4 COLLATE=utf8mb4_unicode_ci;
/*!40101 SET character_set_client = @saved_cs_client */;

--
-- Dumping data for table `media_settings`
--

LOCK TABLES `media_settings` WRITE;
/*!40000 ALTER TABLE `media_settings` DISABLE KEYS */;
/*!40000 ALTER TABLE `media_settings` ENABLE KEYS */;
UNLOCK TABLES;

--
-- Table structure for table `menu_locations`
--

DROP TABLE IF EXISTS `menu_locations`;
/*!40101 SET @saved_cs_client     = @@character_set_client */;
/*!50503 SET character_set_client = utf8mb4 */;
CREATE TABLE `menu_locations` (
  `id` bigint unsigned NOT NULL AUTO_INCREMENT,
  `menu_id` bigint unsigned NOT NULL,
  `location` varchar(191) COLLATE utf8mb4_unicode_ci NOT NULL,
  `created_at` timestamp NULL DEFAULT NULL,
  `updated_at` timestamp NULL DEFAULT NULL,
  PRIMARY KEY (`id`),
  KEY `menu_locations_menu_id_created_at_index` (`menu_id`,`created_at`)
) ENGINE=InnoDB AUTO_INCREMENT=5 DEFAULT CHARSET=utf8mb4 COLLATE=utf8mb4_unicode_ci;
/*!40101 SET character_set_client = @saved_cs_client */;

--
-- Dumping data for table `menu_locations`
--

LOCK TABLES `menu_locations` WRITE;
/*!40000 ALTER TABLE `menu_locations` DISABLE KEYS */;
INSERT INTO `menu_locations` VALUES (1,1,'main-menu','2025-12-25 18:49:59','2025-12-25 18:49:59'),(2,2,'information','2025-12-25 18:49:59','2025-12-25 18:49:59'),(3,3,'my-account','2025-12-25 18:49:59','2025-12-25 18:49:59'),(4,4,'social-network','2025-12-25 18:49:59','2025-12-25 18:49:59');
/*!40000 ALTER TABLE `menu_locations` ENABLE KEYS */;
UNLOCK TABLES;

--
-- Table structure for table `menu_nodes`
--

DROP TABLE IF EXISTS `menu_nodes`;
/*!40101 SET @saved_cs_client     = @@character_set_client */;
/*!50503 SET character_set_client = utf8mb4 */;
CREATE TABLE `menu_nodes` (
  `id` bigint unsigned NOT NULL AUTO_INCREMENT,
  `menu_id` bigint unsigned NOT NULL,
  `parent_id` bigint unsigned NOT NULL DEFAULT '0',
  `reference_id` bigint unsigned DEFAULT NULL,
  `reference_type` varchar(191) COLLATE utf8mb4_unicode_ci DEFAULT NULL,
  `url` varchar(191) COLLATE utf8mb4_unicode_ci DEFAULT NULL,
  `icon_font` varchar(191) COLLATE utf8mb4_unicode_ci DEFAULT NULL,
  `position` tinyint unsigned NOT NULL DEFAULT '0',
  `title` varchar(191) COLLATE utf8mb4_unicode_ci DEFAULT NULL,
  `css_class` varchar(191) COLLATE utf8mb4_unicode_ci DEFAULT NULL,
  `target` varchar(20) COLLATE utf8mb4_unicode_ci NOT NULL DEFAULT '_self',
  `has_child` tinyint unsigned NOT NULL DEFAULT '0',
  `created_at` timestamp NULL DEFAULT NULL,
  `updated_at` timestamp NULL DEFAULT NULL,
  PRIMARY KEY (`id`),
  KEY `menu_nodes_menu_id_index` (`menu_id`),
  KEY `menu_nodes_parent_id_index` (`parent_id`),
  KEY `reference_id` (`reference_id`),
  KEY `reference_type` (`reference_type`)
) ENGINE=InnoDB AUTO_INCREMENT=40 DEFAULT CHARSET=utf8mb4 COLLATE=utf8mb4_unicode_ci;
/*!40101 SET character_set_client = @saved_cs_client */;

--
-- Dumping data for table `menu_nodes`
--

LOCK TABLES `menu_nodes` WRITE;
/*!40000 ALTER TABLE `menu_nodes` DISABLE KEYS */;
INSERT INTO `menu_nodes` VALUES (1,1,0,NULL,NULL,'/',NULL,0,'Home',NULL,'_self',1,'2025-12-25 18:49:59','2025-12-25 18:49:59'),(2,1,1,1,'Botble\\Page\\Models\\Page','/',NULL,0,'Wooden Home',NULL,'_self',0,'2025-12-25 18:49:59','2025-12-25 18:49:59'),(3,1,1,2,'Botble\\Page\\Models\\Page','/fashion-home',NULL,1,'Fashion Home',NULL,'_self',0,'2025-12-25 18:49:59','2025-12-25 18:49:59'),(4,1,1,3,'Botble\\Page\\Models\\Page','/furniture-home',NULL,2,'Furniture Home',NULL,'_self',0,'2025-12-25 18:49:59','2025-12-25 18:49:59'),(5,1,1,4,'Botble\\Page\\Models\\Page','/cosmetics-home',NULL,3,'Cosmetics Home',NULL,'_self',0,'2025-12-25 18:49:59','2025-12-25 18:49:59'),(6,1,1,5,'Botble\\Page\\Models\\Page','/food-grocery-home',NULL,4,'Food Grocery',NULL,'_self',0,'2025-12-25 18:49:59','2025-12-25 18:49:59'),(7,1,0,NULL,NULL,'/',NULL,1,'Shop',NULL,'_self',1,'2025-12-25 18:49:59','2025-12-25 18:49:59'),(8,1,7,NULL,NULL,'/products',NULL,0,'Shop Grid',NULL,'_self',0,'2025-12-25 18:49:59','2025-12-25 18:49:59'),(9,1,7,NULL,NULL,'/products?layout=list',NULL,1,'Shop List',NULL,'_self',0,'2025-12-25 18:49:59','2025-12-25 18:49:59'),(10,1,7,NULL,NULL,'',NULL,2,'Shop Detail',NULL,'_self',0,'2025-12-25 18:49:59','2025-12-25 18:49:59'),(11,1,7,10,'Botble\\Page\\Models\\Page','/store-locator',NULL,3,'Shop Location',NULL,'_self',0,'2025-12-25 18:49:59','2025-12-25 18:49:59'),(12,1,7,NULL,NULL,'/cart',NULL,4,'Cart',NULL,'_self',0,'2025-12-25 18:49:59','2025-12-25 18:49:59'),(13,1,7,NULL,NULL,'/wishlist',NULL,5,'Wishlist',NULL,'_self',0,'2025-12-25 18:49:59','2025-12-25 18:49:59'),(14,1,0,NULL,NULL,'/',NULL,2,'Pages',NULL,'_self',1,'2025-12-25 18:49:59','2025-12-25 18:49:59'),(15,1,14,NULL,NULL,'/orders/tracking',NULL,0,'Order Tracking',NULL,'_self',0,'2025-12-25 18:49:59','2025-12-25 18:49:59'),(16,1,14,7,'Botble\\Page\\Models\\Page','/about',NULL,1,'About',NULL,'_self',0,'2025-12-25 18:49:59','2025-12-25 18:49:59'),(17,1,14,NULL,NULL,'/register',NULL,2,'Sign up',NULL,'_self',0,'2025-12-25 18:49:59','2025-12-25 18:49:59'),(18,1,14,NULL,NULL,'/login',NULL,3,'Login',NULL,'_self',0,'2025-12-25 18:49:59','2025-12-25 18:49:59'),(19,1,14,NULL,NULL,'/404',NULL,4,'404 / Error',NULL,'_self',0,'2025-12-25 18:49:59','2025-12-25 18:49:59'),(20,1,14,9,'Botble\\Page\\Models\\Page','/coming-soon',NULL,5,'Coming soon',NULL,'_self',0,'2025-12-25 18:49:59','2025-12-25 18:49:59'),(21,1,0,NULL,NULL,'/',NULL,3,'Blog',NULL,'_self',1,'2025-12-25 18:49:59','2025-12-25 18:49:59'),(22,1,21,6,'Botble\\Page\\Models\\Page','/blog',NULL,0,'Blog',NULL,'_self',0,'2025-12-25 18:49:59','2025-12-25 18:49:59'),(23,1,21,NULL,NULL,'',NULL,1,'Blog Detail',NULL,'_self',0,'2025-12-25 18:49:59','2025-12-25 18:49:59'),(24,1,0,8,'Botble\\Page\\Models\\Page','/contact',NULL,4,'Contact',NULL,'_self',0,'2025-12-25 18:49:59','2025-12-25 18:49:59'),(25,2,0,NULL,NULL,'/',NULL,0,'Custom Service',NULL,'_self',0,'2025-12-25 18:49:59','2025-12-25 18:49:59'),(26,2,0,11,'Botble\\Page\\Models\\Page','/faqs',NULL,1,'FAQs',NULL,'_self',0,'2025-12-25 18:49:59','2025-12-25 18:49:59'),(27,2,0,NULL,NULL,'orders/tracking',NULL,2,'Order Tracking',NULL,'_self',0,'2025-12-25 18:49:59','2025-12-25 18:49:59'),(28,2,0,8,'Botble\\Page\\Models\\Page','/contact',NULL,3,'Contact',NULL,'_self',0,'2025-12-25 18:49:59','2025-12-25 18:49:59'),(29,2,0,NULL,NULL,'/',NULL,4,'Events',NULL,'_self',0,'2025-12-25 18:49:59','2025-12-25 18:49:59'),(30,3,0,NULL,NULL,'/',NULL,0,'Delivery Information',NULL,'_self',0,'2025-12-25 18:49:59','2025-12-25 18:49:59'),(31,3,0,NULL,NULL,'/',NULL,1,'Privacy Policy',NULL,'_self',0,'2025-12-25 18:49:59','2025-12-25 18:49:59'),(32,3,0,NULL,NULL,'/',NULL,2,'Discount',NULL,'_self',0,'2025-12-25 18:49:59','2025-12-25 18:49:59'),(33,3,0,NULL,NULL,'/',NULL,3,'Custom Service',NULL,'_self',0,'2025-12-25 18:49:59','2025-12-25 18:49:59'),(34,3,0,NULL,NULL,'/',NULL,4,'Terms & Condition',NULL,'_self',0,'2025-12-25 18:49:59','2025-12-25 18:49:59'),(35,4,0,NULL,NULL,'https://facebook.com','ti ti-brand-facebook',0,'Facebook',NULL,'_self',0,'2025-12-25 18:49:59','2025-12-25 18:49:59'),(36,4,0,NULL,NULL,'https://dribbble.com','ti ti-brand-dribbble',1,'Dribble',NULL,'_self',0,'2025-12-25 18:49:59','2025-12-25 18:49:59'),(37,4,0,NULL,NULL,'https://x.com','ti ti-brand-x',2,'X (Twitter)',NULL,'_self',0,'2025-12-25 18:49:59','2025-12-25 18:49:59'),(38,4,0,NULL,NULL,'https://behance.com','ti ti-brand-behance',3,'Behance',NULL,'_self',0,'2025-12-25 18:49:59','2025-12-25 18:49:59'),(39,4,0,NULL,NULL,'https://youtube.com','ti ti-brand-youtube',4,'YouTube',NULL,'_self',0,'2025-12-25 18:49:59','2025-12-25 18:49:59');
/*!40000 ALTER TABLE `menu_nodes` ENABLE KEYS */;
UNLOCK TABLES;

--
-- Table structure for table `menus`
--

DROP TABLE IF EXISTS `menus`;
/*!40101 SET @saved_cs_client     = @@character_set_client */;
/*!50503 SET character_set_client = utf8mb4 */;
CREATE TABLE `menus` (
  `id` bigint unsigned NOT NULL AUTO_INCREMENT,
  `name` varchar(120) COLLATE utf8mb4_unicode_ci NOT NULL,
  `slug` varchar(120) COLLATE utf8mb4_unicode_ci DEFAULT NULL,
  `status` varchar(60) COLLATE utf8mb4_unicode_ci NOT NULL DEFAULT 'published',
  `created_at` timestamp NULL DEFAULT NULL,
  `updated_at` timestamp NULL DEFAULT NULL,
  PRIMARY KEY (`id`),
  UNIQUE KEY `menus_slug_unique` (`slug`)
) ENGINE=InnoDB AUTO_INCREMENT=5 DEFAULT CHARSET=utf8mb4 COLLATE=utf8mb4_unicode_ci;
/*!40101 SET character_set_client = @saved_cs_client */;

--
-- Dumping data for table `menus`
--

LOCK TABLES `menus` WRITE;
/*!40000 ALTER TABLE `menus` DISABLE KEYS */;
INSERT INTO `menus` VALUES (1,'Main menu','main-menu','published','2025-12-25 18:49:59','2025-12-25 18:49:59'),(2,'Information','information','published','2025-12-25 18:49:59','2025-12-25 18:49:59'),(3,'My Account','my-account','published','2025-12-25 18:49:59','2025-12-25 18:49:59'),(4,'Social Network','social-network','published','2025-12-25 18:49:59','2025-12-25 18:49:59');
/*!40000 ALTER TABLE `menus` ENABLE KEYS */;
UNLOCK TABLES;

--
-- Table structure for table `meta_boxes`
--

DROP TABLE IF EXISTS `meta_boxes`;
/*!40101 SET @saved_cs_client     = @@character_set_client */;
/*!50503 SET character_set_client = utf8mb4 */;
CREATE TABLE `meta_boxes` (
  `id` bigint unsigned NOT NULL AUTO_INCREMENT,
  `meta_key` varchar(191) COLLATE utf8mb4_unicode_ci NOT NULL,
  `meta_value` text COLLATE utf8mb4_unicode_ci,
  `reference_id` bigint unsigned NOT NULL,
  `reference_type` varchar(120) COLLATE utf8mb4_unicode_ci NOT NULL,
  `created_at` timestamp NULL DEFAULT NULL,
  `updated_at` timestamp NULL DEFAULT NULL,
  PRIMARY KEY (`id`),
  KEY `meta_boxes_reference_id_index` (`reference_id`)
) ENGINE=InnoDB AUTO_INCREMENT=145 DEFAULT CHARSET=utf8mb4 COLLATE=utf8mb4_unicode_ci;
/*!40101 SET character_set_client = @saved_cs_client */;

--
-- Dumping data for table `meta_boxes`
--

LOCK TABLES `meta_boxes` WRITE;
/*!40000 ALTER TABLE `meta_boxes` DISABLE KEYS */;
INSERT INTO `meta_boxes` VALUES (1,'header_style','[\"collapsed\"]',1,'Botble\\Page\\Models\\Page','2025-12-25 18:49:29','2025-12-25 18:49:29'),(2,'customize_footer','[\"custom\"]',2,'Botble\\Page\\Models\\Page','2025-12-25 18:49:29','2025-12-25 18:49:29'),(3,'footer_background_color','[\"#040404\"]',2,'Botble\\Page\\Models\\Page','2025-12-25 18:49:29','2025-12-25 18:49:29'),(4,'footer_text_color','[\"#fff\"]',2,'Botble\\Page\\Models\\Page','2025-12-25 18:49:29','2025-12-25 18:49:29'),(5,'footer_text_muted_color','[\"#a0a0a0\"]',2,'Botble\\Page\\Models\\Page','2025-12-25 18:49:29','2025-12-25 18:49:29'),(6,'footer_logo','[\"general\\/logo-white.png\"]',2,'Botble\\Page\\Models\\Page','2025-12-25 18:49:29','2025-12-25 18:49:29'),(7,'footer_border_color','[\"#282828\"]',2,'Botble\\Page\\Models\\Page','2025-12-25 18:49:29','2025-12-25 18:49:29'),(8,'footer_bottom_background_color','[\"#040404\"]',2,'Botble\\Page\\Models\\Page','2025-12-25 18:49:29','2025-12-25 18:49:29'),(9,'customize_footer','[\"custom\"]',3,'Botble\\Page\\Models\\Page','2025-12-25 18:49:29','2025-12-25 18:49:29'),(10,'footer_bottom_background_color','[\"#f8f8f8\"]',3,'Botble\\Page\\Models\\Page','2025-12-25 18:49:29','2025-12-25 18:49:29'),(11,'header_style','[\"centered-logo\"]',4,'Botble\\Page\\Models\\Page','2025-12-25 18:49:29','2025-12-25 18:49:29'),(12,'customize_footer','[\"custom\"]',4,'Botble\\Page\\Models\\Page','2025-12-25 18:49:29','2025-12-25 18:49:29'),(13,'footer_background_color','[\"#F7EFEC\"]',4,'Botble\\Page\\Models\\Page','2025-12-25 18:49:29','2025-12-25 18:49:29'),(14,'footer_bottom_background_color','[\"#F7EFEC\"]',4,'Botble\\Page\\Models\\Page','2025-12-25 18:49:29','2025-12-25 18:49:29'),(15,'customize_footer','[\"custom\"]',5,'Botble\\Page\\Models\\Page','2025-12-25 18:49:29','2025-12-25 18:49:29'),(16,'footer_background_color','[\"#F7EFEC\"]',5,'Botble\\Page\\Models\\Page','2025-12-25 18:49:29','2025-12-25 18:49:29'),(17,'footer_bottom_background_color','[\"#F7EFEC\"]',5,'Botble\\Page\\Models\\Page','2025-12-25 18:49:29','2025-12-25 18:49:29'),(18,'customize_footer','[\"custom\"]',7,'Botble\\Page\\Models\\Page','2025-12-25 18:49:29','2025-12-25 18:49:29'),(19,'footer_background_color','[\"#040404\"]',7,'Botble\\Page\\Models\\Page','2025-12-25 18:49:29','2025-12-25 18:49:29'),(20,'footer_text_color','[\"#fff\"]',7,'Botble\\Page\\Models\\Page','2025-12-25 18:49:29','2025-12-25 18:49:29'),(21,'footer_text_muted_color','[\"#a0a0a0\"]',7,'Botble\\Page\\Models\\Page','2025-12-25 18:49:29','2025-12-25 18:49:29'),(22,'footer_logo','[\"general\\/logo-white.png\"]',7,'Botble\\Page\\Models\\Page','2025-12-25 18:49:29','2025-12-25 18:49:29'),(23,'footer_border_color','[\"#282828\"]',7,'Botble\\Page\\Models\\Page','2025-12-25 18:49:29','2025-12-25 18:49:29'),(24,'footer_bottom_background_color','[\"#040404\"]',7,'Botble\\Page\\Models\\Page','2025-12-25 18:49:30','2025-12-25 18:49:30'),(25,'subtitle','[\"Accessories\"]',1,'Botble\\SimpleSlider\\Models\\SimpleSliderItem','2025-12-25 18:49:34','2025-12-25 18:49:34'),(26,'action_label','[\"Shop Now\"]',1,'Botble\\SimpleSlider\\Models\\SimpleSliderItem','2025-12-25 18:49:34','2025-12-25 18:49:34'),(27,'subtitle','[\"Accessories\"]',2,'Botble\\SimpleSlider\\Models\\SimpleSliderItem','2025-12-25 18:49:34','2025-12-25 18:49:34'),(28,'action_label','[\"Shop Now\"]',2,'Botble\\SimpleSlider\\Models\\SimpleSliderItem','2025-12-25 18:49:34','2025-12-25 18:49:34'),(29,'subtitle','[\"Accessories\"]',3,'Botble\\SimpleSlider\\Models\\SimpleSliderItem','2025-12-25 18:49:34','2025-12-25 18:49:34'),(30,'action_label','[\"Shop Now\"]',3,'Botble\\SimpleSlider\\Models\\SimpleSliderItem','2025-12-25 18:49:34','2025-12-25 18:49:34'),(31,'subtitle','[\"Winter\"]',4,'Botble\\SimpleSlider\\Models\\SimpleSliderItem','2025-12-25 18:49:34','2025-12-25 18:49:34'),(32,'action_label','[\"Shop Now\"]',4,'Botble\\SimpleSlider\\Models\\SimpleSliderItem','2025-12-25 18:49:34','2025-12-25 18:49:34'),(33,'subtitle','[\"Winter\"]',5,'Botble\\SimpleSlider\\Models\\SimpleSliderItem','2025-12-25 18:49:34','2025-12-25 18:49:34'),(34,'action_label','[\"Shop Now\"]',5,'Botble\\SimpleSlider\\Models\\SimpleSliderItem','2025-12-25 18:49:34','2025-12-25 18:49:34'),(35,'subtitle','[\"Winter\"]',6,'Botble\\SimpleSlider\\Models\\SimpleSliderItem','2025-12-25 18:49:34','2025-12-25 18:49:34'),(36,'action_label','[\"Shop Now\"]',6,'Botble\\SimpleSlider\\Models\\SimpleSliderItem','2025-12-25 18:49:34','2025-12-25 18:49:34'),(37,'subtitle','[null]',7,'Botble\\SimpleSlider\\Models\\SimpleSliderItem','2025-12-25 18:49:34','2025-12-25 18:49:34'),(38,'action_label','[\"Shop Now\"]',7,'Botble\\SimpleSlider\\Models\\SimpleSliderItem','2025-12-25 18:49:34','2025-12-25 18:49:34'),(39,'subtitle','[\"New Modern Stylist Fashionable Women\'s Wear holder\"]',8,'Botble\\SimpleSlider\\Models\\SimpleSliderItem','2025-12-25 18:49:34','2025-12-25 18:49:34'),(40,'action_label','[\"Shop Now\"]',8,'Botble\\SimpleSlider\\Models\\SimpleSliderItem','2025-12-25 18:49:34','2025-12-25 18:49:34'),(41,'subtitle','[\"New Modern Stylist Fashionable Women\'s Wear holder\"]',9,'Botble\\SimpleSlider\\Models\\SimpleSliderItem','2025-12-25 18:49:34','2025-12-25 18:49:34'),(42,'action_label','[\"Shop Now\"]',9,'Botble\\SimpleSlider\\Models\\SimpleSliderItem','2025-12-25 18:49:34','2025-12-25 18:49:34'),(43,'subtitle','[null]',10,'Botble\\SimpleSlider\\Models\\SimpleSliderItem','2025-12-25 18:49:34','2025-12-25 18:49:34'),(44,'action_label','[\"Shop Now\"]',10,'Botble\\SimpleSlider\\Models\\SimpleSliderItem','2025-12-25 18:49:34','2025-12-25 18:49:34'),(45,'subtitle','[null]',11,'Botble\\SimpleSlider\\Models\\SimpleSliderItem','2025-12-25 18:49:34','2025-12-25 18:49:34'),(46,'action_label','[\"Shop Now\"]',11,'Botble\\SimpleSlider\\Models\\SimpleSliderItem','2025-12-25 18:49:34','2025-12-25 18:49:34'),(47,'subtitle','[null]',12,'Botble\\SimpleSlider\\Models\\SimpleSliderItem','2025-12-25 18:49:34','2025-12-25 18:49:34'),(48,'action_label','[\"Shop Now\"]',12,'Botble\\SimpleSlider\\Models\\SimpleSliderItem','2025-12-25 18:49:34','2025-12-25 18:49:34'),(49,'subtitle','[null]',13,'Botble\\SimpleSlider\\Models\\SimpleSliderItem','2025-12-25 18:49:34','2025-12-25 18:49:34'),(50,'action_label','[\"Shop Now\"]',13,'Botble\\SimpleSlider\\Models\\SimpleSliderItem','2025-12-25 18:49:34','2025-12-25 18:49:34'),(51,'subtitle','[null]',14,'Botble\\SimpleSlider\\Models\\SimpleSliderItem','2025-12-25 18:49:34','2025-12-25 18:49:34'),(52,'action_label','[\"Shop Now\"]',14,'Botble\\SimpleSlider\\Models\\SimpleSliderItem','2025-12-25 18:49:34','2025-12-25 18:49:34'),(53,'subtitle','[null]',15,'Botble\\SimpleSlider\\Models\\SimpleSliderItem','2025-12-25 18:49:34','2025-12-25 18:49:34'),(54,'action_label','[\"Shop Now\"]',15,'Botble\\SimpleSlider\\Models\\SimpleSliderItem','2025-12-25 18:49:34','2025-12-25 18:49:34'),(55,'subtitle','[\"Collection\"]',3,'Botble\\Ads\\Models\\Ads','2025-12-25 18:49:34','2025-12-25 18:49:34'),(56,'subtitle','[\"New Modern Stylist Fashionable <br> Women\'s Wear holder\"]',4,'Botble\\Ads\\Models\\Ads','2025-12-25 18:49:34','2025-12-25 18:49:34'),(57,'subtitle','[\"Furniture\"]',5,'Botble\\Ads\\Models\\Ads','2025-12-25 18:49:34','2025-12-25 18:49:34'),(58,'subtitle','[\"100 Added\"]',6,'Botble\\Ads\\Models\\Ads','2025-12-25 18:49:34','2025-12-25 18:49:34'),(59,'subtitle','[\"-60% Offer\"]',7,'Botble\\Ads\\Models\\Ads','2025-12-25 18:49:34','2025-12-25 18:49:34'),(60,'subtitle','[\"Best Bakery Products\"]',8,'Botble\\Ads\\Models\\Ads','2025-12-25 18:49:34','2025-12-25 18:49:34'),(61,'subtitle','[\"Best Bakery Products\"]',9,'Botble\\Ads\\Models\\Ads','2025-12-25 18:49:34','2025-12-25 18:49:34'),(62,'faq_schema_config','[[[{\"key\":\"question\",\"value\":\"What Shipping Methods Are Available?\"},{\"key\":\"answer\",\"value\":\"Ex Portland Pitchfork irure mustache. Eutra fap before they sold out literally. Aliquip ugh bicycle rights actually mlkshk, seitan squid craft beer tempor.\"}],[{\"key\":\"question\",\"value\":\"Do You Ship Internationally?\"},{\"key\":\"answer\",\"value\":\"Hoodie tote bag mixtape tofu. Typewriter jean shorts wolf quinoa, messenger bag organic freegan cray.\"}],[{\"key\":\"question\",\"value\":\"How Long Will It Take To Get My Package?\"},{\"key\":\"answer\",\"value\":\"Swag slow-carb quinoa VHS typewriter pork belly brunch, paleo single-origin coffee Wes Anderson. Flexitarian Pitchfork forage, literally paleo fap pour-over. Wes Anderson Pinterest YOLO fanny pack meggings, deep v XOXO chambray sustainable slow-carb raw denim church-key fap chillwave Etsy. +1 typewriter kitsch, American Apparel tofu Banksy Vice.\"}],[{\"key\":\"question\",\"value\":\"What Payment Methods Are Accepted?\"},{\"key\":\"answer\",\"value\":\"Fashion axe DIY jean shorts, swag kale chips meh polaroid kogi butcher Wes Anderson chambray next level semiotics gentrify yr. Voluptate photo booth fugiat Vice. Austin sed Williamsburg, ea labore raw denim voluptate cred proident mixtape excepteur mustache. Twee chia photo booth readymade food truck, hoodie roof party swag keytar PBR DIY.\"}],[{\"key\":\"question\",\"value\":\"Is Buying On-Line Safe?\"},{\"key\":\"answer\",\"value\":\"Art party authentic freegan semiotics jean shorts chia cred. Neutra Austin roof party Brooklyn, synth Thundercats swag 8-bit photo booth. Plaid letterpress leggings craft beer meh ethical Pinterest.\"}]]]',1,'Botble\\Ecommerce\\Models\\Product','2025-12-25 18:49:42','2025-12-25 18:49:42'),(63,'faq_schema_config','[[[{\"key\":\"question\",\"value\":\"What Shipping Methods Are Available?\"},{\"key\":\"answer\",\"value\":\"Ex Portland Pitchfork irure mustache. Eutra fap before they sold out literally. Aliquip ugh bicycle rights actually mlkshk, seitan squid craft beer tempor.\"}],[{\"key\":\"question\",\"value\":\"Do You Ship Internationally?\"},{\"key\":\"answer\",\"value\":\"Hoodie tote bag mixtape tofu. Typewriter jean shorts wolf quinoa, messenger bag organic freegan cray.\"}],[{\"key\":\"question\",\"value\":\"How Long Will It Take To Get My Package?\"},{\"key\":\"answer\",\"value\":\"Swag slow-carb quinoa VHS typewriter pork belly brunch, paleo single-origin coffee Wes Anderson. Flexitarian Pitchfork forage, literally paleo fap pour-over. Wes Anderson Pinterest YOLO fanny pack meggings, deep v XOXO chambray sustainable slow-carb raw denim church-key fap chillwave Etsy. +1 typewriter kitsch, American Apparel tofu Banksy Vice.\"}],[{\"key\":\"question\",\"value\":\"What Payment Methods Are Accepted?\"},{\"key\":\"answer\",\"value\":\"Fashion axe DIY jean shorts, swag kale chips meh polaroid kogi butcher Wes Anderson chambray next level semiotics gentrify yr. Voluptate photo booth fugiat Vice. Austin sed Williamsburg, ea labore raw denim voluptate cred proident mixtape excepteur mustache. Twee chia photo booth readymade food truck, hoodie roof party swag keytar PBR DIY.\"}],[{\"key\":\"question\",\"value\":\"Is Buying On-Line Safe?\"},{\"key\":\"answer\",\"value\":\"Art party authentic freegan semiotics jean shorts chia cred. Neutra Austin roof party Brooklyn, synth Thundercats swag 8-bit photo booth. Plaid letterpress leggings craft beer meh ethical Pinterest.\"}]]]',2,'Botble\\Ecommerce\\Models\\Product','2025-12-25 18:49:42','2025-12-25 18:49:42'),(64,'faq_schema_config','[[[{\"key\":\"question\",\"value\":\"What Shipping Methods Are Available?\"},{\"key\":\"answer\",\"value\":\"Ex Portland Pitchfork irure mustache. Eutra fap before they sold out literally. Aliquip ugh bicycle rights actually mlkshk, seitan squid craft beer tempor.\"}],[{\"key\":\"question\",\"value\":\"Do You Ship Internationally?\"},{\"key\":\"answer\",\"value\":\"Hoodie tote bag mixtape tofu. Typewriter jean shorts wolf quinoa, messenger bag organic freegan cray.\"}],[{\"key\":\"question\",\"value\":\"How Long Will It Take To Get My Package?\"},{\"key\":\"answer\",\"value\":\"Swag slow-carb quinoa VHS typewriter pork belly brunch, paleo single-origin coffee Wes Anderson. Flexitarian Pitchfork forage, literally paleo fap pour-over. Wes Anderson Pinterest YOLO fanny pack meggings, deep v XOXO chambray sustainable slow-carb raw denim church-key fap chillwave Etsy. +1 typewriter kitsch, American Apparel tofu Banksy Vice.\"}],[{\"key\":\"question\",\"value\":\"What Payment Methods Are Accepted?\"},{\"key\":\"answer\",\"value\":\"Fashion axe DIY jean shorts, swag kale chips meh polaroid kogi butcher Wes Anderson chambray next level semiotics gentrify yr. Voluptate photo booth fugiat Vice. Austin sed Williamsburg, ea labore raw denim voluptate cred proident mixtape excepteur mustache. Twee chia photo booth readymade food truck, hoodie roof party swag keytar PBR DIY.\"}],[{\"key\":\"question\",\"value\":\"Is Buying On-Line Safe?\"},{\"key\":\"answer\",\"value\":\"Art party authentic freegan semiotics jean shorts chia cred. Neutra Austin roof party Brooklyn, synth Thundercats swag 8-bit photo booth. Plaid letterpress leggings craft beer meh ethical Pinterest.\"}]]]',3,'Botble\\Ecommerce\\Models\\Product','2025-12-25 18:49:42','2025-12-25 18:49:42'),(65,'faq_schema_config','[[[{\"key\":\"question\",\"value\":\"What Shipping Methods Are Available?\"},{\"key\":\"answer\",\"value\":\"Ex Portland Pitchfork irure mustache. Eutra fap before they sold out literally. Aliquip ugh bicycle rights actually mlkshk, seitan squid craft beer tempor.\"}],[{\"key\":\"question\",\"value\":\"Do You Ship Internationally?\"},{\"key\":\"answer\",\"value\":\"Hoodie tote bag mixtape tofu. Typewriter jean shorts wolf quinoa, messenger bag organic freegan cray.\"}],[{\"key\":\"question\",\"value\":\"How Long Will It Take To Get My Package?\"},{\"key\":\"answer\",\"value\":\"Swag slow-carb quinoa VHS typewriter pork belly brunch, paleo single-origin coffee Wes Anderson. Flexitarian Pitchfork forage, literally paleo fap pour-over. Wes Anderson Pinterest YOLO fanny pack meggings, deep v XOXO chambray sustainable slow-carb raw denim church-key fap chillwave Etsy. +1 typewriter kitsch, American Apparel tofu Banksy Vice.\"}],[{\"key\":\"question\",\"value\":\"What Payment Methods Are Accepted?\"},{\"key\":\"answer\",\"value\":\"Fashion axe DIY jean shorts, swag kale chips meh polaroid kogi butcher Wes Anderson chambray next level semiotics gentrify yr. Voluptate photo booth fugiat Vice. Austin sed Williamsburg, ea labore raw denim voluptate cred proident mixtape excepteur mustache. Twee chia photo booth readymade food truck, hoodie roof party swag keytar PBR DIY.\"}],[{\"key\":\"question\",\"value\":\"Is Buying On-Line Safe?\"},{\"key\":\"answer\",\"value\":\"Art party authentic freegan semiotics jean shorts chia cred. Neutra Austin roof party Brooklyn, synth Thundercats swag 8-bit photo booth. Plaid letterpress leggings craft beer meh ethical Pinterest.\"}]]]',4,'Botble\\Ecommerce\\Models\\Product','2025-12-25 18:49:42','2025-12-25 18:49:42'),(66,'faq_schema_config','[[[{\"key\":\"question\",\"value\":\"What Shipping Methods Are Available?\"},{\"key\":\"answer\",\"value\":\"Ex Portland Pitchfork irure mustache. Eutra fap before they sold out literally. Aliquip ugh bicycle rights actually mlkshk, seitan squid craft beer tempor.\"}],[{\"key\":\"question\",\"value\":\"Do You Ship Internationally?\"},{\"key\":\"answer\",\"value\":\"Hoodie tote bag mixtape tofu. Typewriter jean shorts wolf quinoa, messenger bag organic freegan cray.\"}],[{\"key\":\"question\",\"value\":\"How Long Will It Take To Get My Package?\"},{\"key\":\"answer\",\"value\":\"Swag slow-carb quinoa VHS typewriter pork belly brunch, paleo single-origin coffee Wes Anderson. Flexitarian Pitchfork forage, literally paleo fap pour-over. Wes Anderson Pinterest YOLO fanny pack meggings, deep v XOXO chambray sustainable slow-carb raw denim church-key fap chillwave Etsy. +1 typewriter kitsch, American Apparel tofu Banksy Vice.\"}],[{\"key\":\"question\",\"value\":\"What Payment Methods Are Accepted?\"},{\"key\":\"answer\",\"value\":\"Fashion axe DIY jean shorts, swag kale chips meh polaroid kogi butcher Wes Anderson chambray next level semiotics gentrify yr. Voluptate photo booth fugiat Vice. Austin sed Williamsburg, ea labore raw denim voluptate cred proident mixtape excepteur mustache. Twee chia photo booth readymade food truck, hoodie roof party swag keytar PBR DIY.\"}],[{\"key\":\"question\",\"value\":\"Is Buying On-Line Safe?\"},{\"key\":\"answer\",\"value\":\"Art party authentic freegan semiotics jean shorts chia cred. Neutra Austin roof party Brooklyn, synth Thundercats swag 8-bit photo booth. Plaid letterpress leggings craft beer meh ethical Pinterest.\"}]]]',5,'Botble\\Ecommerce\\Models\\Product','2025-12-25 18:49:42','2025-12-25 18:49:42'),(67,'faq_schema_config','[[[{\"key\":\"question\",\"value\":\"What Shipping Methods Are Available?\"},{\"key\":\"answer\",\"value\":\"Ex Portland Pitchfork irure mustache. Eutra fap before they sold out literally. Aliquip ugh bicycle rights actually mlkshk, seitan squid craft beer tempor.\"}],[{\"key\":\"question\",\"value\":\"Do You Ship Internationally?\"},{\"key\":\"answer\",\"value\":\"Hoodie tote bag mixtape tofu. Typewriter jean shorts wolf quinoa, messenger bag organic freegan cray.\"}],[{\"key\":\"question\",\"value\":\"How Long Will It Take To Get My Package?\"},{\"key\":\"answer\",\"value\":\"Swag slow-carb quinoa VHS typewriter pork belly brunch, paleo single-origin coffee Wes Anderson. Flexitarian Pitchfork forage, literally paleo fap pour-over. Wes Anderson Pinterest YOLO fanny pack meggings, deep v XOXO chambray sustainable slow-carb raw denim church-key fap chillwave Etsy. +1 typewriter kitsch, American Apparel tofu Banksy Vice.\"}],[{\"key\":\"question\",\"value\":\"What Payment Methods Are Accepted?\"},{\"key\":\"answer\",\"value\":\"Fashion axe DIY jean shorts, swag kale chips meh polaroid kogi butcher Wes Anderson chambray next level semiotics gentrify yr. Voluptate photo booth fugiat Vice. Austin sed Williamsburg, ea labore raw denim voluptate cred proident mixtape excepteur mustache. Twee chia photo booth readymade food truck, hoodie roof party swag keytar PBR DIY.\"}],[{\"key\":\"question\",\"value\":\"Is Buying On-Line Safe?\"},{\"key\":\"answer\",\"value\":\"Art party authentic freegan semiotics jean shorts chia cred. Neutra Austin roof party Brooklyn, synth Thundercats swag 8-bit photo booth. Plaid letterpress leggings craft beer meh ethical Pinterest.\"}]]]',6,'Botble\\Ecommerce\\Models\\Product','2025-12-25 18:49:42','2025-12-25 18:49:42'),(68,'faq_schema_config','[[[{\"key\":\"question\",\"value\":\"What Shipping Methods Are Available?\"},{\"key\":\"answer\",\"value\":\"Ex Portland Pitchfork irure mustache. Eutra fap before they sold out literally. Aliquip ugh bicycle rights actually mlkshk, seitan squid craft beer tempor.\"}],[{\"key\":\"question\",\"value\":\"Do You Ship Internationally?\"},{\"key\":\"answer\",\"value\":\"Hoodie tote bag mixtape tofu. Typewriter jean shorts wolf quinoa, messenger bag organic freegan cray.\"}],[{\"key\":\"question\",\"value\":\"How Long Will It Take To Get My Package?\"},{\"key\":\"answer\",\"value\":\"Swag slow-carb quinoa VHS typewriter pork belly brunch, paleo single-origin coffee Wes Anderson. Flexitarian Pitchfork forage, literally paleo fap pour-over. Wes Anderson Pinterest YOLO fanny pack meggings, deep v XOXO chambray sustainable slow-carb raw denim church-key fap chillwave Etsy. +1 typewriter kitsch, American Apparel tofu Banksy Vice.\"}],[{\"key\":\"question\",\"value\":\"What Payment Methods Are Accepted?\"},{\"key\":\"answer\",\"value\":\"Fashion axe DIY jean shorts, swag kale chips meh polaroid kogi butcher Wes Anderson chambray next level semiotics gentrify yr. Voluptate photo booth fugiat Vice. Austin sed Williamsburg, ea labore raw denim voluptate cred proident mixtape excepteur mustache. Twee chia photo booth readymade food truck, hoodie roof party swag keytar PBR DIY.\"}],[{\"key\":\"question\",\"value\":\"Is Buying On-Line Safe?\"},{\"key\":\"answer\",\"value\":\"Art party authentic freegan semiotics jean shorts chia cred. Neutra Austin roof party Brooklyn, synth Thundercats swag 8-bit photo booth. Plaid letterpress leggings craft beer meh ethical Pinterest.\"}]]]',7,'Botble\\Ecommerce\\Models\\Product','2025-12-25 18:49:42','2025-12-25 18:49:42'),(69,'faq_schema_config','[[[{\"key\":\"question\",\"value\":\"What Shipping Methods Are Available?\"},{\"key\":\"answer\",\"value\":\"Ex Portland Pitchfork irure mustache. Eutra fap before they sold out literally. Aliquip ugh bicycle rights actually mlkshk, seitan squid craft beer tempor.\"}],[{\"key\":\"question\",\"value\":\"Do You Ship Internationally?\"},{\"key\":\"answer\",\"value\":\"Hoodie tote bag mixtape tofu. Typewriter jean shorts wolf quinoa, messenger bag organic freegan cray.\"}],[{\"key\":\"question\",\"value\":\"How Long Will It Take To Get My Package?\"},{\"key\":\"answer\",\"value\":\"Swag slow-carb quinoa VHS typewriter pork belly brunch, paleo single-origin coffee Wes Anderson. Flexitarian Pitchfork forage, literally paleo fap pour-over. Wes Anderson Pinterest YOLO fanny pack meggings, deep v XOXO chambray sustainable slow-carb raw denim church-key fap chillwave Etsy. +1 typewriter kitsch, American Apparel tofu Banksy Vice.\"}],[{\"key\":\"question\",\"value\":\"What Payment Methods Are Accepted?\"},{\"key\":\"answer\",\"value\":\"Fashion axe DIY jean shorts, swag kale chips meh polaroid kogi butcher Wes Anderson chambray next level semiotics gentrify yr. Voluptate photo booth fugiat Vice. Austin sed Williamsburg, ea labore raw denim voluptate cred proident mixtape excepteur mustache. Twee chia photo booth readymade food truck, hoodie roof party swag keytar PBR DIY.\"}],[{\"key\":\"question\",\"value\":\"Is Buying On-Line Safe?\"},{\"key\":\"answer\",\"value\":\"Art party authentic freegan semiotics jean shorts chia cred. Neutra Austin roof party Brooklyn, synth Thundercats swag 8-bit photo booth. Plaid letterpress leggings craft beer meh ethical Pinterest.\"}]]]',8,'Botble\\Ecommerce\\Models\\Product','2025-12-25 18:49:42','2025-12-25 18:49:42'),(70,'faq_schema_config','[[[{\"key\":\"question\",\"value\":\"What Shipping Methods Are Available?\"},{\"key\":\"answer\",\"value\":\"Ex Portland Pitchfork irure mustache. Eutra fap before they sold out literally. Aliquip ugh bicycle rights actually mlkshk, seitan squid craft beer tempor.\"}],[{\"key\":\"question\",\"value\":\"Do You Ship Internationally?\"},{\"key\":\"answer\",\"value\":\"Hoodie tote bag mixtape tofu. Typewriter jean shorts wolf quinoa, messenger bag organic freegan cray.\"}],[{\"key\":\"question\",\"value\":\"How Long Will It Take To Get My Package?\"},{\"key\":\"answer\",\"value\":\"Swag slow-carb quinoa VHS typewriter pork belly brunch, paleo single-origin coffee Wes Anderson. Flexitarian Pitchfork forage, literally paleo fap pour-over. Wes Anderson Pinterest YOLO fanny pack meggings, deep v XOXO chambray sustainable slow-carb raw denim church-key fap chillwave Etsy. +1 typewriter kitsch, American Apparel tofu Banksy Vice.\"}],[{\"key\":\"question\",\"value\":\"What Payment Methods Are Accepted?\"},{\"key\":\"answer\",\"value\":\"Fashion axe DIY jean shorts, swag kale chips meh polaroid kogi butcher Wes Anderson chambray next level semiotics gentrify yr. Voluptate photo booth fugiat Vice. Austin sed Williamsburg, ea labore raw denim voluptate cred proident mixtape excepteur mustache. Twee chia photo booth readymade food truck, hoodie roof party swag keytar PBR DIY.\"}],[{\"key\":\"question\",\"value\":\"Is Buying On-Line Safe?\"},{\"key\":\"answer\",\"value\":\"Art party authentic freegan semiotics jean shorts chia cred. Neutra Austin roof party Brooklyn, synth Thundercats swag 8-bit photo booth. Plaid letterpress leggings craft beer meh ethical Pinterest.\"}]]]',9,'Botble\\Ecommerce\\Models\\Product','2025-12-25 18:49:42','2025-12-25 18:49:42'),(71,'faq_schema_config','[[[{\"key\":\"question\",\"value\":\"What Shipping Methods Are Available?\"},{\"key\":\"answer\",\"value\":\"Ex Portland Pitchfork irure mustache. Eutra fap before they sold out literally. Aliquip ugh bicycle rights actually mlkshk, seitan squid craft beer tempor.\"}],[{\"key\":\"question\",\"value\":\"Do You Ship Internationally?\"},{\"key\":\"answer\",\"value\":\"Hoodie tote bag mixtape tofu. Typewriter jean shorts wolf quinoa, messenger bag organic freegan cray.\"}],[{\"key\":\"question\",\"value\":\"How Long Will It Take To Get My Package?\"},{\"key\":\"answer\",\"value\":\"Swag slow-carb quinoa VHS typewriter pork belly brunch, paleo single-origin coffee Wes Anderson. Flexitarian Pitchfork forage, literally paleo fap pour-over. Wes Anderson Pinterest YOLO fanny pack meggings, deep v XOXO chambray sustainable slow-carb raw denim church-key fap chillwave Etsy. +1 typewriter kitsch, American Apparel tofu Banksy Vice.\"}],[{\"key\":\"question\",\"value\":\"What Payment Methods Are Accepted?\"},{\"key\":\"answer\",\"value\":\"Fashion axe DIY jean shorts, swag kale chips meh polaroid kogi butcher Wes Anderson chambray next level semiotics gentrify yr. Voluptate photo booth fugiat Vice. Austin sed Williamsburg, ea labore raw denim voluptate cred proident mixtape excepteur mustache. Twee chia photo booth readymade food truck, hoodie roof party swag keytar PBR DIY.\"}],[{\"key\":\"question\",\"value\":\"Is Buying On-Line Safe?\"},{\"key\":\"answer\",\"value\":\"Art party authentic freegan semiotics jean shorts chia cred. Neutra Austin roof party Brooklyn, synth Thundercats swag 8-bit photo booth. Plaid letterpress leggings craft beer meh ethical Pinterest.\"}]]]',10,'Botble\\Ecommerce\\Models\\Product','2025-12-25 18:49:42','2025-12-25 18:49:42'),(72,'faq_schema_config','[[[{\"key\":\"question\",\"value\":\"What Shipping Methods Are Available?\"},{\"key\":\"answer\",\"value\":\"Ex Portland Pitchfork irure mustache. Eutra fap before they sold out literally. Aliquip ugh bicycle rights actually mlkshk, seitan squid craft beer tempor.\"}],[{\"key\":\"question\",\"value\":\"Do You Ship Internationally?\"},{\"key\":\"answer\",\"value\":\"Hoodie tote bag mixtape tofu. Typewriter jean shorts wolf quinoa, messenger bag organic freegan cray.\"}],[{\"key\":\"question\",\"value\":\"How Long Will It Take To Get My Package?\"},{\"key\":\"answer\",\"value\":\"Swag slow-carb quinoa VHS typewriter pork belly brunch, paleo single-origin coffee Wes Anderson. Flexitarian Pitchfork forage, literally paleo fap pour-over. Wes Anderson Pinterest YOLO fanny pack meggings, deep v XOXO chambray sustainable slow-carb raw denim church-key fap chillwave Etsy. +1 typewriter kitsch, American Apparel tofu Banksy Vice.\"}],[{\"key\":\"question\",\"value\":\"What Payment Methods Are Accepted?\"},{\"key\":\"answer\",\"value\":\"Fashion axe DIY jean shorts, swag kale chips meh polaroid kogi butcher Wes Anderson chambray next level semiotics gentrify yr. Voluptate photo booth fugiat Vice. Austin sed Williamsburg, ea labore raw denim voluptate cred proident mixtape excepteur mustache. Twee chia photo booth readymade food truck, hoodie roof party swag keytar PBR DIY.\"}],[{\"key\":\"question\",\"value\":\"Is Buying On-Line Safe?\"},{\"key\":\"answer\",\"value\":\"Art party authentic freegan semiotics jean shorts chia cred. Neutra Austin roof party Brooklyn, synth Thundercats swag 8-bit photo booth. Plaid letterpress leggings craft beer meh ethical Pinterest.\"}]]]',11,'Botble\\Ecommerce\\Models\\Product','2025-12-25 18:49:42','2025-12-25 18:49:42'),(73,'faq_schema_config','[[[{\"key\":\"question\",\"value\":\"What Shipping Methods Are Available?\"},{\"key\":\"answer\",\"value\":\"Ex Portland Pitchfork irure mustache. Eutra fap before they sold out literally. Aliquip ugh bicycle rights actually mlkshk, seitan squid craft beer tempor.\"}],[{\"key\":\"question\",\"value\":\"Do You Ship Internationally?\"},{\"key\":\"answer\",\"value\":\"Hoodie tote bag mixtape tofu. Typewriter jean shorts wolf quinoa, messenger bag organic freegan cray.\"}],[{\"key\":\"question\",\"value\":\"How Long Will It Take To Get My Package?\"},{\"key\":\"answer\",\"value\":\"Swag slow-carb quinoa VHS typewriter pork belly brunch, paleo single-origin coffee Wes Anderson. Flexitarian Pitchfork forage, literally paleo fap pour-over. Wes Anderson Pinterest YOLO fanny pack meggings, deep v XOXO chambray sustainable slow-carb raw denim church-key fap chillwave Etsy. +1 typewriter kitsch, American Apparel tofu Banksy Vice.\"}],[{\"key\":\"question\",\"value\":\"What Payment Methods Are Accepted?\"},{\"key\":\"answer\",\"value\":\"Fashion axe DIY jean shorts, swag kale chips meh polaroid kogi butcher Wes Anderson chambray next level semiotics gentrify yr. Voluptate photo booth fugiat Vice. Austin sed Williamsburg, ea labore raw denim voluptate cred proident mixtape excepteur mustache. Twee chia photo booth readymade food truck, hoodie roof party swag keytar PBR DIY.\"}],[{\"key\":\"question\",\"value\":\"Is Buying On-Line Safe?\"},{\"key\":\"answer\",\"value\":\"Art party authentic freegan semiotics jean shorts chia cred. Neutra Austin roof party Brooklyn, synth Thundercats swag 8-bit photo booth. Plaid letterpress leggings craft beer meh ethical Pinterest.\"}]]]',12,'Botble\\Ecommerce\\Models\\Product','2025-12-25 18:49:42','2025-12-25 18:49:42'),(74,'faq_schema_config','[[[{\"key\":\"question\",\"value\":\"What Shipping Methods Are Available?\"},{\"key\":\"answer\",\"value\":\"Ex Portland Pitchfork irure mustache. Eutra fap before they sold out literally. Aliquip ugh bicycle rights actually mlkshk, seitan squid craft beer tempor.\"}],[{\"key\":\"question\",\"value\":\"Do You Ship Internationally?\"},{\"key\":\"answer\",\"value\":\"Hoodie tote bag mixtape tofu. Typewriter jean shorts wolf quinoa, messenger bag organic freegan cray.\"}],[{\"key\":\"question\",\"value\":\"How Long Will It Take To Get My Package?\"},{\"key\":\"answer\",\"value\":\"Swag slow-carb quinoa VHS typewriter pork belly brunch, paleo single-origin coffee Wes Anderson. Flexitarian Pitchfork forage, literally paleo fap pour-over. Wes Anderson Pinterest YOLO fanny pack meggings, deep v XOXO chambray sustainable slow-carb raw denim church-key fap chillwave Etsy. +1 typewriter kitsch, American Apparel tofu Banksy Vice.\"}],[{\"key\":\"question\",\"value\":\"What Payment Methods Are Accepted?\"},{\"key\":\"answer\",\"value\":\"Fashion axe DIY jean shorts, swag kale chips meh polaroid kogi butcher Wes Anderson chambray next level semiotics gentrify yr. Voluptate photo booth fugiat Vice. Austin sed Williamsburg, ea labore raw denim voluptate cred proident mixtape excepteur mustache. Twee chia photo booth readymade food truck, hoodie roof party swag keytar PBR DIY.\"}],[{\"key\":\"question\",\"value\":\"Is Buying On-Line Safe?\"},{\"key\":\"answer\",\"value\":\"Art party authentic freegan semiotics jean shorts chia cred. Neutra Austin roof party Brooklyn, synth Thundercats swag 8-bit photo booth. Plaid letterpress leggings craft beer meh ethical Pinterest.\"}]]]',13,'Botble\\Ecommerce\\Models\\Product','2025-12-25 18:49:42','2025-12-25 18:49:42'),(75,'faq_schema_config','[[[{\"key\":\"question\",\"value\":\"What Shipping Methods Are Available?\"},{\"key\":\"answer\",\"value\":\"Ex Portland Pitchfork irure mustache. Eutra fap before they sold out literally. Aliquip ugh bicycle rights actually mlkshk, seitan squid craft beer tempor.\"}],[{\"key\":\"question\",\"value\":\"Do You Ship Internationally?\"},{\"key\":\"answer\",\"value\":\"Hoodie tote bag mixtape tofu. Typewriter jean shorts wolf quinoa, messenger bag organic freegan cray.\"}],[{\"key\":\"question\",\"value\":\"How Long Will It Take To Get My Package?\"},{\"key\":\"answer\",\"value\":\"Swag slow-carb quinoa VHS typewriter pork belly brunch, paleo single-origin coffee Wes Anderson. Flexitarian Pitchfork forage, literally paleo fap pour-over. Wes Anderson Pinterest YOLO fanny pack meggings, deep v XOXO chambray sustainable slow-carb raw denim church-key fap chillwave Etsy. +1 typewriter kitsch, American Apparel tofu Banksy Vice.\"}],[{\"key\":\"question\",\"value\":\"What Payment Methods Are Accepted?\"},{\"key\":\"answer\",\"value\":\"Fashion axe DIY jean shorts, swag kale chips meh polaroid kogi butcher Wes Anderson chambray next level semiotics gentrify yr. Voluptate photo booth fugiat Vice. Austin sed Williamsburg, ea labore raw denim voluptate cred proident mixtape excepteur mustache. Twee chia photo booth readymade food truck, hoodie roof party swag keytar PBR DIY.\"}],[{\"key\":\"question\",\"value\":\"Is Buying On-Line Safe?\"},{\"key\":\"answer\",\"value\":\"Art party authentic freegan semiotics jean shorts chia cred. Neutra Austin roof party Brooklyn, synth Thundercats swag 8-bit photo booth. Plaid letterpress leggings craft beer meh ethical Pinterest.\"}]]]',14,'Botble\\Ecommerce\\Models\\Product','2025-12-25 18:49:42','2025-12-25 18:49:42'),(76,'faq_schema_config','[[[{\"key\":\"question\",\"value\":\"What Shipping Methods Are Available?\"},{\"key\":\"answer\",\"value\":\"Ex Portland Pitchfork irure mustache. Eutra fap before they sold out literally. Aliquip ugh bicycle rights actually mlkshk, seitan squid craft beer tempor.\"}],[{\"key\":\"question\",\"value\":\"Do You Ship Internationally?\"},{\"key\":\"answer\",\"value\":\"Hoodie tote bag mixtape tofu. Typewriter jean shorts wolf quinoa, messenger bag organic freegan cray.\"}],[{\"key\":\"question\",\"value\":\"How Long Will It Take To Get My Package?\"},{\"key\":\"answer\",\"value\":\"Swag slow-carb quinoa VHS typewriter pork belly brunch, paleo single-origin coffee Wes Anderson. Flexitarian Pitchfork forage, literally paleo fap pour-over. Wes Anderson Pinterest YOLO fanny pack meggings, deep v XOXO chambray sustainable slow-carb raw denim church-key fap chillwave Etsy. +1 typewriter kitsch, American Apparel tofu Banksy Vice.\"}],[{\"key\":\"question\",\"value\":\"What Payment Methods Are Accepted?\"},{\"key\":\"answer\",\"value\":\"Fashion axe DIY jean shorts, swag kale chips meh polaroid kogi butcher Wes Anderson chambray next level semiotics gentrify yr. Voluptate photo booth fugiat Vice. Austin sed Williamsburg, ea labore raw denim voluptate cred proident mixtape excepteur mustache. Twee chia photo booth readymade food truck, hoodie roof party swag keytar PBR DIY.\"}],[{\"key\":\"question\",\"value\":\"Is Buying On-Line Safe?\"},{\"key\":\"answer\",\"value\":\"Art party authentic freegan semiotics jean shorts chia cred. Neutra Austin roof party Brooklyn, synth Thundercats swag 8-bit photo booth. Plaid letterpress leggings craft beer meh ethical Pinterest.\"}]]]',15,'Botble\\Ecommerce\\Models\\Product','2025-12-25 18:49:42','2025-12-25 18:49:42'),(77,'faq_schema_config','[[[{\"key\":\"question\",\"value\":\"What Shipping Methods Are Available?\"},{\"key\":\"answer\",\"value\":\"Ex Portland Pitchfork irure mustache. Eutra fap before they sold out literally. Aliquip ugh bicycle rights actually mlkshk, seitan squid craft beer tempor.\"}],[{\"key\":\"question\",\"value\":\"Do You Ship Internationally?\"},{\"key\":\"answer\",\"value\":\"Hoodie tote bag mixtape tofu. Typewriter jean shorts wolf quinoa, messenger bag organic freegan cray.\"}],[{\"key\":\"question\",\"value\":\"How Long Will It Take To Get My Package?\"},{\"key\":\"answer\",\"value\":\"Swag slow-carb quinoa VHS typewriter pork belly brunch, paleo single-origin coffee Wes Anderson. Flexitarian Pitchfork forage, literally paleo fap pour-over. Wes Anderson Pinterest YOLO fanny pack meggings, deep v XOXO chambray sustainable slow-carb raw denim church-key fap chillwave Etsy. +1 typewriter kitsch, American Apparel tofu Banksy Vice.\"}],[{\"key\":\"question\",\"value\":\"What Payment Methods Are Accepted?\"},{\"key\":\"answer\",\"value\":\"Fashion axe DIY jean shorts, swag kale chips meh polaroid kogi butcher Wes Anderson chambray next level semiotics gentrify yr. Voluptate photo booth fugiat Vice. Austin sed Williamsburg, ea labore raw denim voluptate cred proident mixtape excepteur mustache. Twee chia photo booth readymade food truck, hoodie roof party swag keytar PBR DIY.\"}],[{\"key\":\"question\",\"value\":\"Is Buying On-Line Safe?\"},{\"key\":\"answer\",\"value\":\"Art party authentic freegan semiotics jean shorts chia cred. Neutra Austin roof party Brooklyn, synth Thundercats swag 8-bit photo booth. Plaid letterpress leggings craft beer meh ethical Pinterest.\"}]]]',16,'Botble\\Ecommerce\\Models\\Product','2025-12-25 18:49:42','2025-12-25 18:49:42'),(78,'faq_schema_config','[[[{\"key\":\"question\",\"value\":\"What Shipping Methods Are Available?\"},{\"key\":\"answer\",\"value\":\"Ex Portland Pitchfork irure mustache. Eutra fap before they sold out literally. Aliquip ugh bicycle rights actually mlkshk, seitan squid craft beer tempor.\"}],[{\"key\":\"question\",\"value\":\"Do You Ship Internationally?\"},{\"key\":\"answer\",\"value\":\"Hoodie tote bag mixtape tofu. Typewriter jean shorts wolf quinoa, messenger bag organic freegan cray.\"}],[{\"key\":\"question\",\"value\":\"How Long Will It Take To Get My Package?\"},{\"key\":\"answer\",\"value\":\"Swag slow-carb quinoa VHS typewriter pork belly brunch, paleo single-origin coffee Wes Anderson. Flexitarian Pitchfork forage, literally paleo fap pour-over. Wes Anderson Pinterest YOLO fanny pack meggings, deep v XOXO chambray sustainable slow-carb raw denim church-key fap chillwave Etsy. +1 typewriter kitsch, American Apparel tofu Banksy Vice.\"}],[{\"key\":\"question\",\"value\":\"What Payment Methods Are Accepted?\"},{\"key\":\"answer\",\"value\":\"Fashion axe DIY jean shorts, swag kale chips meh polaroid kogi butcher Wes Anderson chambray next level semiotics gentrify yr. Voluptate photo booth fugiat Vice. Austin sed Williamsburg, ea labore raw denim voluptate cred proident mixtape excepteur mustache. Twee chia photo booth readymade food truck, hoodie roof party swag keytar PBR DIY.\"}],[{\"key\":\"question\",\"value\":\"Is Buying On-Line Safe?\"},{\"key\":\"answer\",\"value\":\"Art party authentic freegan semiotics jean shorts chia cred. Neutra Austin roof party Brooklyn, synth Thundercats swag 8-bit photo booth. Plaid letterpress leggings craft beer meh ethical Pinterest.\"}]]]',17,'Botble\\Ecommerce\\Models\\Product','2025-12-25 18:49:42','2025-12-25 18:49:42'),(79,'faq_schema_config','[[[{\"key\":\"question\",\"value\":\"What Shipping Methods Are Available?\"},{\"key\":\"answer\",\"value\":\"Ex Portland Pitchfork irure mustache. Eutra fap before they sold out literally. Aliquip ugh bicycle rights actually mlkshk, seitan squid craft beer tempor.\"}],[{\"key\":\"question\",\"value\":\"Do You Ship Internationally?\"},{\"key\":\"answer\",\"value\":\"Hoodie tote bag mixtape tofu. Typewriter jean shorts wolf quinoa, messenger bag organic freegan cray.\"}],[{\"key\":\"question\",\"value\":\"How Long Will It Take To Get My Package?\"},{\"key\":\"answer\",\"value\":\"Swag slow-carb quinoa VHS typewriter pork belly brunch, paleo single-origin coffee Wes Anderson. Flexitarian Pitchfork forage, literally paleo fap pour-over. Wes Anderson Pinterest YOLO fanny pack meggings, deep v XOXO chambray sustainable slow-carb raw denim church-key fap chillwave Etsy. +1 typewriter kitsch, American Apparel tofu Banksy Vice.\"}],[{\"key\":\"question\",\"value\":\"What Payment Methods Are Accepted?\"},{\"key\":\"answer\",\"value\":\"Fashion axe DIY jean shorts, swag kale chips meh polaroid kogi butcher Wes Anderson chambray next level semiotics gentrify yr. Voluptate photo booth fugiat Vice. Austin sed Williamsburg, ea labore raw denim voluptate cred proident mixtape excepteur mustache. Twee chia photo booth readymade food truck, hoodie roof party swag keytar PBR DIY.\"}],[{\"key\":\"question\",\"value\":\"Is Buying On-Line Safe?\"},{\"key\":\"answer\",\"value\":\"Art party authentic freegan semiotics jean shorts chia cred. Neutra Austin roof party Brooklyn, synth Thundercats swag 8-bit photo booth. Plaid letterpress leggings craft beer meh ethical Pinterest.\"}]]]',18,'Botble\\Ecommerce\\Models\\Product','2025-12-25 18:49:42','2025-12-25 18:49:42'),(80,'faq_schema_config','[[[{\"key\":\"question\",\"value\":\"What Shipping Methods Are Available?\"},{\"key\":\"answer\",\"value\":\"Ex Portland Pitchfork irure mustache. Eutra fap before they sold out literally. Aliquip ugh bicycle rights actually mlkshk, seitan squid craft beer tempor.\"}],[{\"key\":\"question\",\"value\":\"Do You Ship Internationally?\"},{\"key\":\"answer\",\"value\":\"Hoodie tote bag mixtape tofu. Typewriter jean shorts wolf quinoa, messenger bag organic freegan cray.\"}],[{\"key\":\"question\",\"value\":\"How Long Will It Take To Get My Package?\"},{\"key\":\"answer\",\"value\":\"Swag slow-carb quinoa VHS typewriter pork belly brunch, paleo single-origin coffee Wes Anderson. Flexitarian Pitchfork forage, literally paleo fap pour-over. Wes Anderson Pinterest YOLO fanny pack meggings, deep v XOXO chambray sustainable slow-carb raw denim church-key fap chillwave Etsy. +1 typewriter kitsch, American Apparel tofu Banksy Vice.\"}],[{\"key\":\"question\",\"value\":\"What Payment Methods Are Accepted?\"},{\"key\":\"answer\",\"value\":\"Fashion axe DIY jean shorts, swag kale chips meh polaroid kogi butcher Wes Anderson chambray next level semiotics gentrify yr. Voluptate photo booth fugiat Vice. Austin sed Williamsburg, ea labore raw denim voluptate cred proident mixtape excepteur mustache. Twee chia photo booth readymade food truck, hoodie roof party swag keytar PBR DIY.\"}],[{\"key\":\"question\",\"value\":\"Is Buying On-Line Safe?\"},{\"key\":\"answer\",\"value\":\"Art party authentic freegan semiotics jean shorts chia cred. Neutra Austin roof party Brooklyn, synth Thundercats swag 8-bit photo booth. Plaid letterpress leggings craft beer meh ethical Pinterest.\"}]]]',19,'Botble\\Ecommerce\\Models\\Product','2025-12-25 18:49:42','2025-12-25 18:49:42'),(81,'faq_schema_config','[[[{\"key\":\"question\",\"value\":\"What Shipping Methods Are Available?\"},{\"key\":\"answer\",\"value\":\"Ex Portland Pitchfork irure mustache. Eutra fap before they sold out literally. Aliquip ugh bicycle rights actually mlkshk, seitan squid craft beer tempor.\"}],[{\"key\":\"question\",\"value\":\"Do You Ship Internationally?\"},{\"key\":\"answer\",\"value\":\"Hoodie tote bag mixtape tofu. Typewriter jean shorts wolf quinoa, messenger bag organic freegan cray.\"}],[{\"key\":\"question\",\"value\":\"How Long Will It Take To Get My Package?\"},{\"key\":\"answer\",\"value\":\"Swag slow-carb quinoa VHS typewriter pork belly brunch, paleo single-origin coffee Wes Anderson. Flexitarian Pitchfork forage, literally paleo fap pour-over. Wes Anderson Pinterest YOLO fanny pack meggings, deep v XOXO chambray sustainable slow-carb raw denim church-key fap chillwave Etsy. +1 typewriter kitsch, American Apparel tofu Banksy Vice.\"}],[{\"key\":\"question\",\"value\":\"What Payment Methods Are Accepted?\"},{\"key\":\"answer\",\"value\":\"Fashion axe DIY jean shorts, swag kale chips meh polaroid kogi butcher Wes Anderson chambray next level semiotics gentrify yr. Voluptate photo booth fugiat Vice. Austin sed Williamsburg, ea labore raw denim voluptate cred proident mixtape excepteur mustache. Twee chia photo booth readymade food truck, hoodie roof party swag keytar PBR DIY.\"}],[{\"key\":\"question\",\"value\":\"Is Buying On-Line Safe?\"},{\"key\":\"answer\",\"value\":\"Art party authentic freegan semiotics jean shorts chia cred. Neutra Austin roof party Brooklyn, synth Thundercats swag 8-bit photo booth. Plaid letterpress leggings craft beer meh ethical Pinterest.\"}]]]',20,'Botble\\Ecommerce\\Models\\Product','2025-12-25 18:49:42','2025-12-25 18:49:42'),(82,'faq_schema_config','[[[{\"key\":\"question\",\"value\":\"What Shipping Methods Are Available?\"},{\"key\":\"answer\",\"value\":\"Ex Portland Pitchfork irure mustache. Eutra fap before they sold out literally. Aliquip ugh bicycle rights actually mlkshk, seitan squid craft beer tempor.\"}],[{\"key\":\"question\",\"value\":\"Do You Ship Internationally?\"},{\"key\":\"answer\",\"value\":\"Hoodie tote bag mixtape tofu. Typewriter jean shorts wolf quinoa, messenger bag organic freegan cray.\"}],[{\"key\":\"question\",\"value\":\"How Long Will It Take To Get My Package?\"},{\"key\":\"answer\",\"value\":\"Swag slow-carb quinoa VHS typewriter pork belly brunch, paleo single-origin coffee Wes Anderson. Flexitarian Pitchfork forage, literally paleo fap pour-over. Wes Anderson Pinterest YOLO fanny pack meggings, deep v XOXO chambray sustainable slow-carb raw denim church-key fap chillwave Etsy. +1 typewriter kitsch, American Apparel tofu Banksy Vice.\"}],[{\"key\":\"question\",\"value\":\"What Payment Methods Are Accepted?\"},{\"key\":\"answer\",\"value\":\"Fashion axe DIY jean shorts, swag kale chips meh polaroid kogi butcher Wes Anderson chambray next level semiotics gentrify yr. Voluptate photo booth fugiat Vice. Austin sed Williamsburg, ea labore raw denim voluptate cred proident mixtape excepteur mustache. Twee chia photo booth readymade food truck, hoodie roof party swag keytar PBR DIY.\"}],[{\"key\":\"question\",\"value\":\"Is Buying On-Line Safe?\"},{\"key\":\"answer\",\"value\":\"Art party authentic freegan semiotics jean shorts chia cred. Neutra Austin roof party Brooklyn, synth Thundercats swag 8-bit photo booth. Plaid letterpress leggings craft beer meh ethical Pinterest.\"}]]]',21,'Botble\\Ecommerce\\Models\\Product','2025-12-25 18:49:42','2025-12-25 18:49:42'),(83,'faq_schema_config','[[[{\"key\":\"question\",\"value\":\"What Shipping Methods Are Available?\"},{\"key\":\"answer\",\"value\":\"Ex Portland Pitchfork irure mustache. Eutra fap before they sold out literally. Aliquip ugh bicycle rights actually mlkshk, seitan squid craft beer tempor.\"}],[{\"key\":\"question\",\"value\":\"Do You Ship Internationally?\"},{\"key\":\"answer\",\"value\":\"Hoodie tote bag mixtape tofu. Typewriter jean shorts wolf quinoa, messenger bag organic freegan cray.\"}],[{\"key\":\"question\",\"value\":\"How Long Will It Take To Get My Package?\"},{\"key\":\"answer\",\"value\":\"Swag slow-carb quinoa VHS typewriter pork belly brunch, paleo single-origin coffee Wes Anderson. Flexitarian Pitchfork forage, literally paleo fap pour-over. Wes Anderson Pinterest YOLO fanny pack meggings, deep v XOXO chambray sustainable slow-carb raw denim church-key fap chillwave Etsy. +1 typewriter kitsch, American Apparel tofu Banksy Vice.\"}],[{\"key\":\"question\",\"value\":\"What Payment Methods Are Accepted?\"},{\"key\":\"answer\",\"value\":\"Fashion axe DIY jean shorts, swag kale chips meh polaroid kogi butcher Wes Anderson chambray next level semiotics gentrify yr. Voluptate photo booth fugiat Vice. Austin sed Williamsburg, ea labore raw denim voluptate cred proident mixtape excepteur mustache. Twee chia photo booth readymade food truck, hoodie roof party swag keytar PBR DIY.\"}],[{\"key\":\"question\",\"value\":\"Is Buying On-Line Safe?\"},{\"key\":\"answer\",\"value\":\"Art party authentic freegan semiotics jean shorts chia cred. Neutra Austin roof party Brooklyn, synth Thundercats swag 8-bit photo booth. Plaid letterpress leggings craft beer meh ethical Pinterest.\"}]]]',22,'Botble\\Ecommerce\\Models\\Product','2025-12-25 18:49:42','2025-12-25 18:49:42'),(84,'faq_schema_config','[[[{\"key\":\"question\",\"value\":\"What Shipping Methods Are Available?\"},{\"key\":\"answer\",\"value\":\"Ex Portland Pitchfork irure mustache. Eutra fap before they sold out literally. Aliquip ugh bicycle rights actually mlkshk, seitan squid craft beer tempor.\"}],[{\"key\":\"question\",\"value\":\"Do You Ship Internationally?\"},{\"key\":\"answer\",\"value\":\"Hoodie tote bag mixtape tofu. Typewriter jean shorts wolf quinoa, messenger bag organic freegan cray.\"}],[{\"key\":\"question\",\"value\":\"How Long Will It Take To Get My Package?\"},{\"key\":\"answer\",\"value\":\"Swag slow-carb quinoa VHS typewriter pork belly brunch, paleo single-origin coffee Wes Anderson. Flexitarian Pitchfork forage, literally paleo fap pour-over. Wes Anderson Pinterest YOLO fanny pack meggings, deep v XOXO chambray sustainable slow-carb raw denim church-key fap chillwave Etsy. +1 typewriter kitsch, American Apparel tofu Banksy Vice.\"}],[{\"key\":\"question\",\"value\":\"What Payment Methods Are Accepted?\"},{\"key\":\"answer\",\"value\":\"Fashion axe DIY jean shorts, swag kale chips meh polaroid kogi butcher Wes Anderson chambray next level semiotics gentrify yr. Voluptate photo booth fugiat Vice. Austin sed Williamsburg, ea labore raw denim voluptate cred proident mixtape excepteur mustache. Twee chia photo booth readymade food truck, hoodie roof party swag keytar PBR DIY.\"}],[{\"key\":\"question\",\"value\":\"Is Buying On-Line Safe?\"},{\"key\":\"answer\",\"value\":\"Art party authentic freegan semiotics jean shorts chia cred. Neutra Austin roof party Brooklyn, synth Thundercats swag 8-bit photo booth. Plaid letterpress leggings craft beer meh ethical Pinterest.\"}]]]',23,'Botble\\Ecommerce\\Models\\Product','2025-12-25 18:49:42','2025-12-25 18:49:42'),(85,'faq_schema_config','[[[{\"key\":\"question\",\"value\":\"What Shipping Methods Are Available?\"},{\"key\":\"answer\",\"value\":\"Ex Portland Pitchfork irure mustache. Eutra fap before they sold out literally. Aliquip ugh bicycle rights actually mlkshk, seitan squid craft beer tempor.\"}],[{\"key\":\"question\",\"value\":\"Do You Ship Internationally?\"},{\"key\":\"answer\",\"value\":\"Hoodie tote bag mixtape tofu. Typewriter jean shorts wolf quinoa, messenger bag organic freegan cray.\"}],[{\"key\":\"question\",\"value\":\"How Long Will It Take To Get My Package?\"},{\"key\":\"answer\",\"value\":\"Swag slow-carb quinoa VHS typewriter pork belly brunch, paleo single-origin coffee Wes Anderson. Flexitarian Pitchfork forage, literally paleo fap pour-over. Wes Anderson Pinterest YOLO fanny pack meggings, deep v XOXO chambray sustainable slow-carb raw denim church-key fap chillwave Etsy. +1 typewriter kitsch, American Apparel tofu Banksy Vice.\"}],[{\"key\":\"question\",\"value\":\"What Payment Methods Are Accepted?\"},{\"key\":\"answer\",\"value\":\"Fashion axe DIY jean shorts, swag kale chips meh polaroid kogi butcher Wes Anderson chambray next level semiotics gentrify yr. Voluptate photo booth fugiat Vice. Austin sed Williamsburg, ea labore raw denim voluptate cred proident mixtape excepteur mustache. Twee chia photo booth readymade food truck, hoodie roof party swag keytar PBR DIY.\"}],[{\"key\":\"question\",\"value\":\"Is Buying On-Line Safe?\"},{\"key\":\"answer\",\"value\":\"Art party authentic freegan semiotics jean shorts chia cred. Neutra Austin roof party Brooklyn, synth Thundercats swag 8-bit photo booth. Plaid letterpress leggings craft beer meh ethical Pinterest.\"}]]]',24,'Botble\\Ecommerce\\Models\\Product','2025-12-25 18:49:42','2025-12-25 18:49:42'),(86,'faq_schema_config','[[[{\"key\":\"question\",\"value\":\"What Shipping Methods Are Available?\"},{\"key\":\"answer\",\"value\":\"Ex Portland Pitchfork irure mustache. Eutra fap before they sold out literally. Aliquip ugh bicycle rights actually mlkshk, seitan squid craft beer tempor.\"}],[{\"key\":\"question\",\"value\":\"Do You Ship Internationally?\"},{\"key\":\"answer\",\"value\":\"Hoodie tote bag mixtape tofu. Typewriter jean shorts wolf quinoa, messenger bag organic freegan cray.\"}],[{\"key\":\"question\",\"value\":\"How Long Will It Take To Get My Package?\"},{\"key\":\"answer\",\"value\":\"Swag slow-carb quinoa VHS typewriter pork belly brunch, paleo single-origin coffee Wes Anderson. Flexitarian Pitchfork forage, literally paleo fap pour-over. Wes Anderson Pinterest YOLO fanny pack meggings, deep v XOXO chambray sustainable slow-carb raw denim church-key fap chillwave Etsy. +1 typewriter kitsch, American Apparel tofu Banksy Vice.\"}],[{\"key\":\"question\",\"value\":\"What Payment Methods Are Accepted?\"},{\"key\":\"answer\",\"value\":\"Fashion axe DIY jean shorts, swag kale chips meh polaroid kogi butcher Wes Anderson chambray next level semiotics gentrify yr. Voluptate photo booth fugiat Vice. Austin sed Williamsburg, ea labore raw denim voluptate cred proident mixtape excepteur mustache. Twee chia photo booth readymade food truck, hoodie roof party swag keytar PBR DIY.\"}],[{\"key\":\"question\",\"value\":\"Is Buying On-Line Safe?\"},{\"key\":\"answer\",\"value\":\"Art party authentic freegan semiotics jean shorts chia cred. Neutra Austin roof party Brooklyn, synth Thundercats swag 8-bit photo booth. Plaid letterpress leggings craft beer meh ethical Pinterest.\"}]]]',25,'Botble\\Ecommerce\\Models\\Product','2025-12-25 18:49:42','2025-12-25 18:49:42'),(87,'faq_schema_config','[[[{\"key\":\"question\",\"value\":\"What Shipping Methods Are Available?\"},{\"key\":\"answer\",\"value\":\"Ex Portland Pitchfork irure mustache. Eutra fap before they sold out literally. Aliquip ugh bicycle rights actually mlkshk, seitan squid craft beer tempor.\"}],[{\"key\":\"question\",\"value\":\"Do You Ship Internationally?\"},{\"key\":\"answer\",\"value\":\"Hoodie tote bag mixtape tofu. Typewriter jean shorts wolf quinoa, messenger bag organic freegan cray.\"}],[{\"key\":\"question\",\"value\":\"How Long Will It Take To Get My Package?\"},{\"key\":\"answer\",\"value\":\"Swag slow-carb quinoa VHS typewriter pork belly brunch, paleo single-origin coffee Wes Anderson. Flexitarian Pitchfork forage, literally paleo fap pour-over. Wes Anderson Pinterest YOLO fanny pack meggings, deep v XOXO chambray sustainable slow-carb raw denim church-key fap chillwave Etsy. +1 typewriter kitsch, American Apparel tofu Banksy Vice.\"}],[{\"key\":\"question\",\"value\":\"What Payment Methods Are Accepted?\"},{\"key\":\"answer\",\"value\":\"Fashion axe DIY jean shorts, swag kale chips meh polaroid kogi butcher Wes Anderson chambray next level semiotics gentrify yr. Voluptate photo booth fugiat Vice. Austin sed Williamsburg, ea labore raw denim voluptate cred proident mixtape excepteur mustache. Twee chia photo booth readymade food truck, hoodie roof party swag keytar PBR DIY.\"}],[{\"key\":\"question\",\"value\":\"Is Buying On-Line Safe?\"},{\"key\":\"answer\",\"value\":\"Art party authentic freegan semiotics jean shorts chia cred. Neutra Austin roof party Brooklyn, synth Thundercats swag 8-bit photo booth. Plaid letterpress leggings craft beer meh ethical Pinterest.\"}]]]',26,'Botble\\Ecommerce\\Models\\Product','2025-12-25 18:49:42','2025-12-25 18:49:42'),(88,'faq_schema_config','[[[{\"key\":\"question\",\"value\":\"What Shipping Methods Are Available?\"},{\"key\":\"answer\",\"value\":\"Ex Portland Pitchfork irure mustache. Eutra fap before they sold out literally. Aliquip ugh bicycle rights actually mlkshk, seitan squid craft beer tempor.\"}],[{\"key\":\"question\",\"value\":\"Do You Ship Internationally?\"},{\"key\":\"answer\",\"value\":\"Hoodie tote bag mixtape tofu. Typewriter jean shorts wolf quinoa, messenger bag organic freegan cray.\"}],[{\"key\":\"question\",\"value\":\"How Long Will It Take To Get My Package?\"},{\"key\":\"answer\",\"value\":\"Swag slow-carb quinoa VHS typewriter pork belly brunch, paleo single-origin coffee Wes Anderson. Flexitarian Pitchfork forage, literally paleo fap pour-over. Wes Anderson Pinterest YOLO fanny pack meggings, deep v XOXO chambray sustainable slow-carb raw denim church-key fap chillwave Etsy. +1 typewriter kitsch, American Apparel tofu Banksy Vice.\"}],[{\"key\":\"question\",\"value\":\"What Payment Methods Are Accepted?\"},{\"key\":\"answer\",\"value\":\"Fashion axe DIY jean shorts, swag kale chips meh polaroid kogi butcher Wes Anderson chambray next level semiotics gentrify yr. Voluptate photo booth fugiat Vice. Austin sed Williamsburg, ea labore raw denim voluptate cred proident mixtape excepteur mustache. Twee chia photo booth readymade food truck, hoodie roof party swag keytar PBR DIY.\"}],[{\"key\":\"question\",\"value\":\"Is Buying On-Line Safe?\"},{\"key\":\"answer\",\"value\":\"Art party authentic freegan semiotics jean shorts chia cred. Neutra Austin roof party Brooklyn, synth Thundercats swag 8-bit photo booth. Plaid letterpress leggings craft beer meh ethical Pinterest.\"}]]]',27,'Botble\\Ecommerce\\Models\\Product','2025-12-25 18:49:42','2025-12-25 18:49:42'),(89,'faq_schema_config','[[[{\"key\":\"question\",\"value\":\"What Shipping Methods Are Available?\"},{\"key\":\"answer\",\"value\":\"Ex Portland Pitchfork irure mustache. Eutra fap before they sold out literally. Aliquip ugh bicycle rights actually mlkshk, seitan squid craft beer tempor.\"}],[{\"key\":\"question\",\"value\":\"Do You Ship Internationally?\"},{\"key\":\"answer\",\"value\":\"Hoodie tote bag mixtape tofu. Typewriter jean shorts wolf quinoa, messenger bag organic freegan cray.\"}],[{\"key\":\"question\",\"value\":\"How Long Will It Take To Get My Package?\"},{\"key\":\"answer\",\"value\":\"Swag slow-carb quinoa VHS typewriter pork belly brunch, paleo single-origin coffee Wes Anderson. Flexitarian Pitchfork forage, literally paleo fap pour-over. Wes Anderson Pinterest YOLO fanny pack meggings, deep v XOXO chambray sustainable slow-carb raw denim church-key fap chillwave Etsy. +1 typewriter kitsch, American Apparel tofu Banksy Vice.\"}],[{\"key\":\"question\",\"value\":\"What Payment Methods Are Accepted?\"},{\"key\":\"answer\",\"value\":\"Fashion axe DIY jean shorts, swag kale chips meh polaroid kogi butcher Wes Anderson chambray next level semiotics gentrify yr. Voluptate photo booth fugiat Vice. Austin sed Williamsburg, ea labore raw denim voluptate cred proident mixtape excepteur mustache. Twee chia photo booth readymade food truck, hoodie roof party swag keytar PBR DIY.\"}],[{\"key\":\"question\",\"value\":\"Is Buying On-Line Safe?\"},{\"key\":\"answer\",\"value\":\"Art party authentic freegan semiotics jean shorts chia cred. Neutra Austin roof party Brooklyn, synth Thundercats swag 8-bit photo booth. Plaid letterpress leggings craft beer meh ethical Pinterest.\"}]]]',28,'Botble\\Ecommerce\\Models\\Product','2025-12-25 18:49:42','2025-12-25 18:49:42'),(90,'faq_schema_config','[[[{\"key\":\"question\",\"value\":\"What Shipping Methods Are Available?\"},{\"key\":\"answer\",\"value\":\"Ex Portland Pitchfork irure mustache. Eutra fap before they sold out literally. Aliquip ugh bicycle rights actually mlkshk, seitan squid craft beer tempor.\"}],[{\"key\":\"question\",\"value\":\"Do You Ship Internationally?\"},{\"key\":\"answer\",\"value\":\"Hoodie tote bag mixtape tofu. Typewriter jean shorts wolf quinoa, messenger bag organic freegan cray.\"}],[{\"key\":\"question\",\"value\":\"How Long Will It Take To Get My Package?\"},{\"key\":\"answer\",\"value\":\"Swag slow-carb quinoa VHS typewriter pork belly brunch, paleo single-origin coffee Wes Anderson. Flexitarian Pitchfork forage, literally paleo fap pour-over. Wes Anderson Pinterest YOLO fanny pack meggings, deep v XOXO chambray sustainable slow-carb raw denim church-key fap chillwave Etsy. +1 typewriter kitsch, American Apparel tofu Banksy Vice.\"}],[{\"key\":\"question\",\"value\":\"What Payment Methods Are Accepted?\"},{\"key\":\"answer\",\"value\":\"Fashion axe DIY jean shorts, swag kale chips meh polaroid kogi butcher Wes Anderson chambray next level semiotics gentrify yr. Voluptate photo booth fugiat Vice. Austin sed Williamsburg, ea labore raw denim voluptate cred proident mixtape excepteur mustache. Twee chia photo booth readymade food truck, hoodie roof party swag keytar PBR DIY.\"}],[{\"key\":\"question\",\"value\":\"Is Buying On-Line Safe?\"},{\"key\":\"answer\",\"value\":\"Art party authentic freegan semiotics jean shorts chia cred. Neutra Austin roof party Brooklyn, synth Thundercats swag 8-bit photo booth. Plaid letterpress leggings craft beer meh ethical Pinterest.\"}]]]',29,'Botble\\Ecommerce\\Models\\Product','2025-12-25 18:49:42','2025-12-25 18:49:42'),(91,'faq_schema_config','[[[{\"key\":\"question\",\"value\":\"What Shipping Methods Are Available?\"},{\"key\":\"answer\",\"value\":\"Ex Portland Pitchfork irure mustache. Eutra fap before they sold out literally. Aliquip ugh bicycle rights actually mlkshk, seitan squid craft beer tempor.\"}],[{\"key\":\"question\",\"value\":\"Do You Ship Internationally?\"},{\"key\":\"answer\",\"value\":\"Hoodie tote bag mixtape tofu. Typewriter jean shorts wolf quinoa, messenger bag organic freegan cray.\"}],[{\"key\":\"question\",\"value\":\"How Long Will It Take To Get My Package?\"},{\"key\":\"answer\",\"value\":\"Swag slow-carb quinoa VHS typewriter pork belly brunch, paleo single-origin coffee Wes Anderson. Flexitarian Pitchfork forage, literally paleo fap pour-over. Wes Anderson Pinterest YOLO fanny pack meggings, deep v XOXO chambray sustainable slow-carb raw denim church-key fap chillwave Etsy. +1 typewriter kitsch, American Apparel tofu Banksy Vice.\"}],[{\"key\":\"question\",\"value\":\"What Payment Methods Are Accepted?\"},{\"key\":\"answer\",\"value\":\"Fashion axe DIY jean shorts, swag kale chips meh polaroid kogi butcher Wes Anderson chambray next level semiotics gentrify yr. Voluptate photo booth fugiat Vice. Austin sed Williamsburg, ea labore raw denim voluptate cred proident mixtape excepteur mustache. Twee chia photo booth readymade food truck, hoodie roof party swag keytar PBR DIY.\"}],[{\"key\":\"question\",\"value\":\"Is Buying On-Line Safe?\"},{\"key\":\"answer\",\"value\":\"Art party authentic freegan semiotics jean shorts chia cred. Neutra Austin roof party Brooklyn, synth Thundercats swag 8-bit photo booth. Plaid letterpress leggings craft beer meh ethical Pinterest.\"}]]]',30,'Botble\\Ecommerce\\Models\\Product','2025-12-25 18:49:42','2025-12-25 18:49:42'),(92,'faq_schema_config','[[[{\"key\":\"question\",\"value\":\"What Shipping Methods Are Available?\"},{\"key\":\"answer\",\"value\":\"Ex Portland Pitchfork irure mustache. Eutra fap before they sold out literally. Aliquip ugh bicycle rights actually mlkshk, seitan squid craft beer tempor.\"}],[{\"key\":\"question\",\"value\":\"Do You Ship Internationally?\"},{\"key\":\"answer\",\"value\":\"Hoodie tote bag mixtape tofu. Typewriter jean shorts wolf quinoa, messenger bag organic freegan cray.\"}],[{\"key\":\"question\",\"value\":\"How Long Will It Take To Get My Package?\"},{\"key\":\"answer\",\"value\":\"Swag slow-carb quinoa VHS typewriter pork belly brunch, paleo single-origin coffee Wes Anderson. Flexitarian Pitchfork forage, literally paleo fap pour-over. Wes Anderson Pinterest YOLO fanny pack meggings, deep v XOXO chambray sustainable slow-carb raw denim church-key fap chillwave Etsy. +1 typewriter kitsch, American Apparel tofu Banksy Vice.\"}],[{\"key\":\"question\",\"value\":\"What Payment Methods Are Accepted?\"},{\"key\":\"answer\",\"value\":\"Fashion axe DIY jean shorts, swag kale chips meh polaroid kogi butcher Wes Anderson chambray next level semiotics gentrify yr. Voluptate photo booth fugiat Vice. Austin sed Williamsburg, ea labore raw denim voluptate cred proident mixtape excepteur mustache. Twee chia photo booth readymade food truck, hoodie roof party swag keytar PBR DIY.\"}],[{\"key\":\"question\",\"value\":\"Is Buying On-Line Safe?\"},{\"key\":\"answer\",\"value\":\"Art party authentic freegan semiotics jean shorts chia cred. Neutra Austin roof party Brooklyn, synth Thundercats swag 8-bit photo booth. Plaid letterpress leggings craft beer meh ethical Pinterest.\"}]]]',31,'Botble\\Ecommerce\\Models\\Product','2025-12-25 18:49:42','2025-12-25 18:49:42'),(93,'faq_schema_config','[[[{\"key\":\"question\",\"value\":\"What Shipping Methods Are Available?\"},{\"key\":\"answer\",\"value\":\"Ex Portland Pitchfork irure mustache. Eutra fap before they sold out literally. Aliquip ugh bicycle rights actually mlkshk, seitan squid craft beer tempor.\"}],[{\"key\":\"question\",\"value\":\"Do You Ship Internationally?\"},{\"key\":\"answer\",\"value\":\"Hoodie tote bag mixtape tofu. Typewriter jean shorts wolf quinoa, messenger bag organic freegan cray.\"}],[{\"key\":\"question\",\"value\":\"How Long Will It Take To Get My Package?\"},{\"key\":\"answer\",\"value\":\"Swag slow-carb quinoa VHS typewriter pork belly brunch, paleo single-origin coffee Wes Anderson. Flexitarian Pitchfork forage, literally paleo fap pour-over. Wes Anderson Pinterest YOLO fanny pack meggings, deep v XOXO chambray sustainable slow-carb raw denim church-key fap chillwave Etsy. +1 typewriter kitsch, American Apparel tofu Banksy Vice.\"}],[{\"key\":\"question\",\"value\":\"What Payment Methods Are Accepted?\"},{\"key\":\"answer\",\"value\":\"Fashion axe DIY jean shorts, swag kale chips meh polaroid kogi butcher Wes Anderson chambray next level semiotics gentrify yr. Voluptate photo booth fugiat Vice. Austin sed Williamsburg, ea labore raw denim voluptate cred proident mixtape excepteur mustache. Twee chia photo booth readymade food truck, hoodie roof party swag keytar PBR DIY.\"}],[{\"key\":\"question\",\"value\":\"Is Buying On-Line Safe?\"},{\"key\":\"answer\",\"value\":\"Art party authentic freegan semiotics jean shorts chia cred. Neutra Austin roof party Brooklyn, synth Thundercats swag 8-bit photo booth. Plaid letterpress leggings craft beer meh ethical Pinterest.\"}]]]',32,'Botble\\Ecommerce\\Models\\Product','2025-12-25 18:49:42','2025-12-25 18:49:42'),(94,'faq_schema_config','[[[{\"key\":\"question\",\"value\":\"What Shipping Methods Are Available?\"},{\"key\":\"answer\",\"value\":\"Ex Portland Pitchfork irure mustache. Eutra fap before they sold out literally. Aliquip ugh bicycle rights actually mlkshk, seitan squid craft beer tempor.\"}],[{\"key\":\"question\",\"value\":\"Do You Ship Internationally?\"},{\"key\":\"answer\",\"value\":\"Hoodie tote bag mixtape tofu. Typewriter jean shorts wolf quinoa, messenger bag organic freegan cray.\"}],[{\"key\":\"question\",\"value\":\"How Long Will It Take To Get My Package?\"},{\"key\":\"answer\",\"value\":\"Swag slow-carb quinoa VHS typewriter pork belly brunch, paleo single-origin coffee Wes Anderson. Flexitarian Pitchfork forage, literally paleo fap pour-over. Wes Anderson Pinterest YOLO fanny pack meggings, deep v XOXO chambray sustainable slow-carb raw denim church-key fap chillwave Etsy. +1 typewriter kitsch, American Apparel tofu Banksy Vice.\"}],[{\"key\":\"question\",\"value\":\"What Payment Methods Are Accepted?\"},{\"key\":\"answer\",\"value\":\"Fashion axe DIY jean shorts, swag kale chips meh polaroid kogi butcher Wes Anderson chambray next level semiotics gentrify yr. Voluptate photo booth fugiat Vice. Austin sed Williamsburg, ea labore raw denim voluptate cred proident mixtape excepteur mustache. Twee chia photo booth readymade food truck, hoodie roof party swag keytar PBR DIY.\"}],[{\"key\":\"question\",\"value\":\"Is Buying On-Line Safe?\"},{\"key\":\"answer\",\"value\":\"Art party authentic freegan semiotics jean shorts chia cred. Neutra Austin roof party Brooklyn, synth Thundercats swag 8-bit photo booth. Plaid letterpress leggings craft beer meh ethical Pinterest.\"}]]]',33,'Botble\\Ecommerce\\Models\\Product','2025-12-25 18:49:42','2025-12-25 18:49:42'),(95,'faq_schema_config','[[[{\"key\":\"question\",\"value\":\"What Shipping Methods Are Available?\"},{\"key\":\"answer\",\"value\":\"Ex Portland Pitchfork irure mustache. Eutra fap before they sold out literally. Aliquip ugh bicycle rights actually mlkshk, seitan squid craft beer tempor.\"}],[{\"key\":\"question\",\"value\":\"Do You Ship Internationally?\"},{\"key\":\"answer\",\"value\":\"Hoodie tote bag mixtape tofu. Typewriter jean shorts wolf quinoa, messenger bag organic freegan cray.\"}],[{\"key\":\"question\",\"value\":\"How Long Will It Take To Get My Package?\"},{\"key\":\"answer\",\"value\":\"Swag slow-carb quinoa VHS typewriter pork belly brunch, paleo single-origin coffee Wes Anderson. Flexitarian Pitchfork forage, literally paleo fap pour-over. Wes Anderson Pinterest YOLO fanny pack meggings, deep v XOXO chambray sustainable slow-carb raw denim church-key fap chillwave Etsy. +1 typewriter kitsch, American Apparel tofu Banksy Vice.\"}],[{\"key\":\"question\",\"value\":\"What Payment Methods Are Accepted?\"},{\"key\":\"answer\",\"value\":\"Fashion axe DIY jean shorts, swag kale chips meh polaroid kogi butcher Wes Anderson chambray next level semiotics gentrify yr. Voluptate photo booth fugiat Vice. Austin sed Williamsburg, ea labore raw denim voluptate cred proident mixtape excepteur mustache. Twee chia photo booth readymade food truck, hoodie roof party swag keytar PBR DIY.\"}],[{\"key\":\"question\",\"value\":\"Is Buying On-Line Safe?\"},{\"key\":\"answer\",\"value\":\"Art party authentic freegan semiotics jean shorts chia cred. Neutra Austin roof party Brooklyn, synth Thundercats swag 8-bit photo booth. Plaid letterpress leggings craft beer meh ethical Pinterest.\"}]]]',34,'Botble\\Ecommerce\\Models\\Product','2025-12-25 18:49:42','2025-12-25 18:49:42'),(96,'faq_schema_config','[[[{\"key\":\"question\",\"value\":\"What Shipping Methods Are Available?\"},{\"key\":\"answer\",\"value\":\"Ex Portland Pitchfork irure mustache. Eutra fap before they sold out literally. Aliquip ugh bicycle rights actually mlkshk, seitan squid craft beer tempor.\"}],[{\"key\":\"question\",\"value\":\"Do You Ship Internationally?\"},{\"key\":\"answer\",\"value\":\"Hoodie tote bag mixtape tofu. Typewriter jean shorts wolf quinoa, messenger bag organic freegan cray.\"}],[{\"key\":\"question\",\"value\":\"How Long Will It Take To Get My Package?\"},{\"key\":\"answer\",\"value\":\"Swag slow-carb quinoa VHS typewriter pork belly brunch, paleo single-origin coffee Wes Anderson. Flexitarian Pitchfork forage, literally paleo fap pour-over. Wes Anderson Pinterest YOLO fanny pack meggings, deep v XOXO chambray sustainable slow-carb raw denim church-key fap chillwave Etsy. +1 typewriter kitsch, American Apparel tofu Banksy Vice.\"}],[{\"key\":\"question\",\"value\":\"What Payment Methods Are Accepted?\"},{\"key\":\"answer\",\"value\":\"Fashion axe DIY jean shorts, swag kale chips meh polaroid kogi butcher Wes Anderson chambray next level semiotics gentrify yr. Voluptate photo booth fugiat Vice. Austin sed Williamsburg, ea labore raw denim voluptate cred proident mixtape excepteur mustache. Twee chia photo booth readymade food truck, hoodie roof party swag keytar PBR DIY.\"}],[{\"key\":\"question\",\"value\":\"Is Buying On-Line Safe?\"},{\"key\":\"answer\",\"value\":\"Art party authentic freegan semiotics jean shorts chia cred. Neutra Austin roof party Brooklyn, synth Thundercats swag 8-bit photo booth. Plaid letterpress leggings craft beer meh ethical Pinterest.\"}]]]',35,'Botble\\Ecommerce\\Models\\Product','2025-12-25 18:49:42','2025-12-25 18:49:42'),(97,'faq_schema_config','[[[{\"key\":\"question\",\"value\":\"What Shipping Methods Are Available?\"},{\"key\":\"answer\",\"value\":\"Ex Portland Pitchfork irure mustache. Eutra fap before they sold out literally. Aliquip ugh bicycle rights actually mlkshk, seitan squid craft beer tempor.\"}],[{\"key\":\"question\",\"value\":\"Do You Ship Internationally?\"},{\"key\":\"answer\",\"value\":\"Hoodie tote bag mixtape tofu. Typewriter jean shorts wolf quinoa, messenger bag organic freegan cray.\"}],[{\"key\":\"question\",\"value\":\"How Long Will It Take To Get My Package?\"},{\"key\":\"answer\",\"value\":\"Swag slow-carb quinoa VHS typewriter pork belly brunch, paleo single-origin coffee Wes Anderson. Flexitarian Pitchfork forage, literally paleo fap pour-over. Wes Anderson Pinterest YOLO fanny pack meggings, deep v XOXO chambray sustainable slow-carb raw denim church-key fap chillwave Etsy. +1 typewriter kitsch, American Apparel tofu Banksy Vice.\"}],[{\"key\":\"question\",\"value\":\"What Payment Methods Are Accepted?\"},{\"key\":\"answer\",\"value\":\"Fashion axe DIY jean shorts, swag kale chips meh polaroid kogi butcher Wes Anderson chambray next level semiotics gentrify yr. Voluptate photo booth fugiat Vice. Austin sed Williamsburg, ea labore raw denim voluptate cred proident mixtape excepteur mustache. Twee chia photo booth readymade food truck, hoodie roof party swag keytar PBR DIY.\"}],[{\"key\":\"question\",\"value\":\"Is Buying On-Line Safe?\"},{\"key\":\"answer\",\"value\":\"Art party authentic freegan semiotics jean shorts chia cred. Neutra Austin roof party Brooklyn, synth Thundercats swag 8-bit photo booth. Plaid letterpress leggings craft beer meh ethical Pinterest.\"}]]]',36,'Botble\\Ecommerce\\Models\\Product','2025-12-25 18:49:42','2025-12-25 18:49:42'),(98,'faq_schema_config','[[[{\"key\":\"question\",\"value\":\"What Shipping Methods Are Available?\"},{\"key\":\"answer\",\"value\":\"Ex Portland Pitchfork irure mustache. Eutra fap before they sold out literally. Aliquip ugh bicycle rights actually mlkshk, seitan squid craft beer tempor.\"}],[{\"key\":\"question\",\"value\":\"Do You Ship Internationally?\"},{\"key\":\"answer\",\"value\":\"Hoodie tote bag mixtape tofu. Typewriter jean shorts wolf quinoa, messenger bag organic freegan cray.\"}],[{\"key\":\"question\",\"value\":\"How Long Will It Take To Get My Package?\"},{\"key\":\"answer\",\"value\":\"Swag slow-carb quinoa VHS typewriter pork belly brunch, paleo single-origin coffee Wes Anderson. Flexitarian Pitchfork forage, literally paleo fap pour-over. Wes Anderson Pinterest YOLO fanny pack meggings, deep v XOXO chambray sustainable slow-carb raw denim church-key fap chillwave Etsy. +1 typewriter kitsch, American Apparel tofu Banksy Vice.\"}],[{\"key\":\"question\",\"value\":\"What Payment Methods Are Accepted?\"},{\"key\":\"answer\",\"value\":\"Fashion axe DIY jean shorts, swag kale chips meh polaroid kogi butcher Wes Anderson chambray next level semiotics gentrify yr. Voluptate photo booth fugiat Vice. Austin sed Williamsburg, ea labore raw denim voluptate cred proident mixtape excepteur mustache. Twee chia photo booth readymade food truck, hoodie roof party swag keytar PBR DIY.\"}],[{\"key\":\"question\",\"value\":\"Is Buying On-Line Safe?\"},{\"key\":\"answer\",\"value\":\"Art party authentic freegan semiotics jean shorts chia cred. Neutra Austin roof party Brooklyn, synth Thundercats swag 8-bit photo booth. Plaid letterpress leggings craft beer meh ethical Pinterest.\"}]]]',37,'Botble\\Ecommerce\\Models\\Product','2025-12-25 18:49:42','2025-12-25 18:49:42'),(99,'faq_schema_config','[[[{\"key\":\"question\",\"value\":\"What Shipping Methods Are Available?\"},{\"key\":\"answer\",\"value\":\"Ex Portland Pitchfork irure mustache. Eutra fap before they sold out literally. Aliquip ugh bicycle rights actually mlkshk, seitan squid craft beer tempor.\"}],[{\"key\":\"question\",\"value\":\"Do You Ship Internationally?\"},{\"key\":\"answer\",\"value\":\"Hoodie tote bag mixtape tofu. Typewriter jean shorts wolf quinoa, messenger bag organic freegan cray.\"}],[{\"key\":\"question\",\"value\":\"How Long Will It Take To Get My Package?\"},{\"key\":\"answer\",\"value\":\"Swag slow-carb quinoa VHS typewriter pork belly brunch, paleo single-origin coffee Wes Anderson. Flexitarian Pitchfork forage, literally paleo fap pour-over. Wes Anderson Pinterest YOLO fanny pack meggings, deep v XOXO chambray sustainable slow-carb raw denim church-key fap chillwave Etsy. +1 typewriter kitsch, American Apparel tofu Banksy Vice.\"}],[{\"key\":\"question\",\"value\":\"What Payment Methods Are Accepted?\"},{\"key\":\"answer\",\"value\":\"Fashion axe DIY jean shorts, swag kale chips meh polaroid kogi butcher Wes Anderson chambray next level semiotics gentrify yr. Voluptate photo booth fugiat Vice. Austin sed Williamsburg, ea labore raw denim voluptate cred proident mixtape excepteur mustache. Twee chia photo booth readymade food truck, hoodie roof party swag keytar PBR DIY.\"}],[{\"key\":\"question\",\"value\":\"Is Buying On-Line Safe?\"},{\"key\":\"answer\",\"value\":\"Art party authentic freegan semiotics jean shorts chia cred. Neutra Austin roof party Brooklyn, synth Thundercats swag 8-bit photo booth. Plaid letterpress leggings craft beer meh ethical Pinterest.\"}]]]',38,'Botble\\Ecommerce\\Models\\Product','2025-12-25 18:49:42','2025-12-25 18:49:42'),(100,'faq_schema_config','[[[{\"key\":\"question\",\"value\":\"What Shipping Methods Are Available?\"},{\"key\":\"answer\",\"value\":\"Ex Portland Pitchfork irure mustache. Eutra fap before they sold out literally. Aliquip ugh bicycle rights actually mlkshk, seitan squid craft beer tempor.\"}],[{\"key\":\"question\",\"value\":\"Do You Ship Internationally?\"},{\"key\":\"answer\",\"value\":\"Hoodie tote bag mixtape tofu. Typewriter jean shorts wolf quinoa, messenger bag organic freegan cray.\"}],[{\"key\":\"question\",\"value\":\"How Long Will It Take To Get My Package?\"},{\"key\":\"answer\",\"value\":\"Swag slow-carb quinoa VHS typewriter pork belly brunch, paleo single-origin coffee Wes Anderson. Flexitarian Pitchfork forage, literally paleo fap pour-over. Wes Anderson Pinterest YOLO fanny pack meggings, deep v XOXO chambray sustainable slow-carb raw denim church-key fap chillwave Etsy. +1 typewriter kitsch, American Apparel tofu Banksy Vice.\"}],[{\"key\":\"question\",\"value\":\"What Payment Methods Are Accepted?\"},{\"key\":\"answer\",\"value\":\"Fashion axe DIY jean shorts, swag kale chips meh polaroid kogi butcher Wes Anderson chambray next level semiotics gentrify yr. Voluptate photo booth fugiat Vice. Austin sed Williamsburg, ea labore raw denim voluptate cred proident mixtape excepteur mustache. Twee chia photo booth readymade food truck, hoodie roof party swag keytar PBR DIY.\"}],[{\"key\":\"question\",\"value\":\"Is Buying On-Line Safe?\"},{\"key\":\"answer\",\"value\":\"Art party authentic freegan semiotics jean shorts chia cred. Neutra Austin roof party Brooklyn, synth Thundercats swag 8-bit photo booth. Plaid letterpress leggings craft beer meh ethical Pinterest.\"}]]]',39,'Botble\\Ecommerce\\Models\\Product','2025-12-25 18:49:42','2025-12-25 18:49:42'),(101,'faq_schema_config','[[[{\"key\":\"question\",\"value\":\"What Shipping Methods Are Available?\"},{\"key\":\"answer\",\"value\":\"Ex Portland Pitchfork irure mustache. Eutra fap before they sold out literally. Aliquip ugh bicycle rights actually mlkshk, seitan squid craft beer tempor.\"}],[{\"key\":\"question\",\"value\":\"Do You Ship Internationally?\"},{\"key\":\"answer\",\"value\":\"Hoodie tote bag mixtape tofu. Typewriter jean shorts wolf quinoa, messenger bag organic freegan cray.\"}],[{\"key\":\"question\",\"value\":\"How Long Will It Take To Get My Package?\"},{\"key\":\"answer\",\"value\":\"Swag slow-carb quinoa VHS typewriter pork belly brunch, paleo single-origin coffee Wes Anderson. Flexitarian Pitchfork forage, literally paleo fap pour-over. Wes Anderson Pinterest YOLO fanny pack meggings, deep v XOXO chambray sustainable slow-carb raw denim church-key fap chillwave Etsy. +1 typewriter kitsch, American Apparel tofu Banksy Vice.\"}],[{\"key\":\"question\",\"value\":\"What Payment Methods Are Accepted?\"},{\"key\":\"answer\",\"value\":\"Fashion axe DIY jean shorts, swag kale chips meh polaroid kogi butcher Wes Anderson chambray next level semiotics gentrify yr. Voluptate photo booth fugiat Vice. Austin sed Williamsburg, ea labore raw denim voluptate cred proident mixtape excepteur mustache. Twee chia photo booth readymade food truck, hoodie roof party swag keytar PBR DIY.\"}],[{\"key\":\"question\",\"value\":\"Is Buying On-Line Safe?\"},{\"key\":\"answer\",\"value\":\"Art party authentic freegan semiotics jean shorts chia cred. Neutra Austin roof party Brooklyn, synth Thundercats swag 8-bit photo booth. Plaid letterpress leggings craft beer meh ethical Pinterest.\"}]]]',40,'Botble\\Ecommerce\\Models\\Product','2025-12-25 18:49:42','2025-12-25 18:49:42'),(102,'faq_schema_config','[[[{\"key\":\"question\",\"value\":\"What Shipping Methods Are Available?\"},{\"key\":\"answer\",\"value\":\"Ex Portland Pitchfork irure mustache. Eutra fap before they sold out literally. Aliquip ugh bicycle rights actually mlkshk, seitan squid craft beer tempor.\"}],[{\"key\":\"question\",\"value\":\"Do You Ship Internationally?\"},{\"key\":\"answer\",\"value\":\"Hoodie tote bag mixtape tofu. Typewriter jean shorts wolf quinoa, messenger bag organic freegan cray.\"}],[{\"key\":\"question\",\"value\":\"How Long Will It Take To Get My Package?\"},{\"key\":\"answer\",\"value\":\"Swag slow-carb quinoa VHS typewriter pork belly brunch, paleo single-origin coffee Wes Anderson. Flexitarian Pitchfork forage, literally paleo fap pour-over. Wes Anderson Pinterest YOLO fanny pack meggings, deep v XOXO chambray sustainable slow-carb raw denim church-key fap chillwave Etsy. +1 typewriter kitsch, American Apparel tofu Banksy Vice.\"}],[{\"key\":\"question\",\"value\":\"What Payment Methods Are Accepted?\"},{\"key\":\"answer\",\"value\":\"Fashion axe DIY jean shorts, swag kale chips meh polaroid kogi butcher Wes Anderson chambray next level semiotics gentrify yr. Voluptate photo booth fugiat Vice. Austin sed Williamsburg, ea labore raw denim voluptate cred proident mixtape excepteur mustache. Twee chia photo booth readymade food truck, hoodie roof party swag keytar PBR DIY.\"}],[{\"key\":\"question\",\"value\":\"Is Buying On-Line Safe?\"},{\"key\":\"answer\",\"value\":\"Art party authentic freegan semiotics jean shorts chia cred. Neutra Austin roof party Brooklyn, synth Thundercats swag 8-bit photo booth. Plaid letterpress leggings craft beer meh ethical Pinterest.\"}]]]',41,'Botble\\Ecommerce\\Models\\Product','2025-12-25 18:49:42','2025-12-25 18:49:42'),(103,'faq_schema_config','[[[{\"key\":\"question\",\"value\":\"What Shipping Methods Are Available?\"},{\"key\":\"answer\",\"value\":\"Ex Portland Pitchfork irure mustache. Eutra fap before they sold out literally. Aliquip ugh bicycle rights actually mlkshk, seitan squid craft beer tempor.\"}],[{\"key\":\"question\",\"value\":\"Do You Ship Internationally?\"},{\"key\":\"answer\",\"value\":\"Hoodie tote bag mixtape tofu. Typewriter jean shorts wolf quinoa, messenger bag organic freegan cray.\"}],[{\"key\":\"question\",\"value\":\"How Long Will It Take To Get My Package?\"},{\"key\":\"answer\",\"value\":\"Swag slow-carb quinoa VHS typewriter pork belly brunch, paleo single-origin coffee Wes Anderson. Flexitarian Pitchfork forage, literally paleo fap pour-over. Wes Anderson Pinterest YOLO fanny pack meggings, deep v XOXO chambray sustainable slow-carb raw denim church-key fap chillwave Etsy. +1 typewriter kitsch, American Apparel tofu Banksy Vice.\"}],[{\"key\":\"question\",\"value\":\"What Payment Methods Are Accepted?\"},{\"key\":\"answer\",\"value\":\"Fashion axe DIY jean shorts, swag kale chips meh polaroid kogi butcher Wes Anderson chambray next level semiotics gentrify yr. Voluptate photo booth fugiat Vice. Austin sed Williamsburg, ea labore raw denim voluptate cred proident mixtape excepteur mustache. Twee chia photo booth readymade food truck, hoodie roof party swag keytar PBR DIY.\"}],[{\"key\":\"question\",\"value\":\"Is Buying On-Line Safe?\"},{\"key\":\"answer\",\"value\":\"Art party authentic freegan semiotics jean shorts chia cred. Neutra Austin roof party Brooklyn, synth Thundercats swag 8-bit photo booth. Plaid letterpress leggings craft beer meh ethical Pinterest.\"}]]]',42,'Botble\\Ecommerce\\Models\\Product','2025-12-25 18:49:42','2025-12-25 18:49:42'),(104,'faq_schema_config','[[[{\"key\":\"question\",\"value\":\"What Shipping Methods Are Available?\"},{\"key\":\"answer\",\"value\":\"Ex Portland Pitchfork irure mustache. Eutra fap before they sold out literally. Aliquip ugh bicycle rights actually mlkshk, seitan squid craft beer tempor.\"}],[{\"key\":\"question\",\"value\":\"Do You Ship Internationally?\"},{\"key\":\"answer\",\"value\":\"Hoodie tote bag mixtape tofu. Typewriter jean shorts wolf quinoa, messenger bag organic freegan cray.\"}],[{\"key\":\"question\",\"value\":\"How Long Will It Take To Get My Package?\"},{\"key\":\"answer\",\"value\":\"Swag slow-carb quinoa VHS typewriter pork belly brunch, paleo single-origin coffee Wes Anderson. Flexitarian Pitchfork forage, literally paleo fap pour-over. Wes Anderson Pinterest YOLO fanny pack meggings, deep v XOXO chambray sustainable slow-carb raw denim church-key fap chillwave Etsy. +1 typewriter kitsch, American Apparel tofu Banksy Vice.\"}],[{\"key\":\"question\",\"value\":\"What Payment Methods Are Accepted?\"},{\"key\":\"answer\",\"value\":\"Fashion axe DIY jean shorts, swag kale chips meh polaroid kogi butcher Wes Anderson chambray next level semiotics gentrify yr. Voluptate photo booth fugiat Vice. Austin sed Williamsburg, ea labore raw denim voluptate cred proident mixtape excepteur mustache. Twee chia photo booth readymade food truck, hoodie roof party swag keytar PBR DIY.\"}],[{\"key\":\"question\",\"value\":\"Is Buying On-Line Safe?\"},{\"key\":\"answer\",\"value\":\"Art party authentic freegan semiotics jean shorts chia cred. Neutra Austin roof party Brooklyn, synth Thundercats swag 8-bit photo booth. Plaid letterpress leggings craft beer meh ethical Pinterest.\"}]]]',43,'Botble\\Ecommerce\\Models\\Product','2025-12-25 18:49:43','2025-12-25 18:49:43'),(105,'faq_schema_config','[[[{\"key\":\"question\",\"value\":\"What Shipping Methods Are Available?\"},{\"key\":\"answer\",\"value\":\"Ex Portland Pitchfork irure mustache. Eutra fap before they sold out literally. Aliquip ugh bicycle rights actually mlkshk, seitan squid craft beer tempor.\"}],[{\"key\":\"question\",\"value\":\"Do You Ship Internationally?\"},{\"key\":\"answer\",\"value\":\"Hoodie tote bag mixtape tofu. Typewriter jean shorts wolf quinoa, messenger bag organic freegan cray.\"}],[{\"key\":\"question\",\"value\":\"How Long Will It Take To Get My Package?\"},{\"key\":\"answer\",\"value\":\"Swag slow-carb quinoa VHS typewriter pork belly brunch, paleo single-origin coffee Wes Anderson. Flexitarian Pitchfork forage, literally paleo fap pour-over. Wes Anderson Pinterest YOLO fanny pack meggings, deep v XOXO chambray sustainable slow-carb raw denim church-key fap chillwave Etsy. +1 typewriter kitsch, American Apparel tofu Banksy Vice.\"}],[{\"key\":\"question\",\"value\":\"What Payment Methods Are Accepted?\"},{\"key\":\"answer\",\"value\":\"Fashion axe DIY jean shorts, swag kale chips meh polaroid kogi butcher Wes Anderson chambray next level semiotics gentrify yr. Voluptate photo booth fugiat Vice. Austin sed Williamsburg, ea labore raw denim voluptate cred proident mixtape excepteur mustache. Twee chia photo booth readymade food truck, hoodie roof party swag keytar PBR DIY.\"}],[{\"key\":\"question\",\"value\":\"Is Buying On-Line Safe?\"},{\"key\":\"answer\",\"value\":\"Art party authentic freegan semiotics jean shorts chia cred. Neutra Austin roof party Brooklyn, synth Thundercats swag 8-bit photo booth. Plaid letterpress leggings craft beer meh ethical Pinterest.\"}]]]',44,'Botble\\Ecommerce\\Models\\Product','2025-12-25 18:49:43','2025-12-25 18:49:43'),(106,'faq_schema_config','[[[{\"key\":\"question\",\"value\":\"What Shipping Methods Are Available?\"},{\"key\":\"answer\",\"value\":\"Ex Portland Pitchfork irure mustache. Eutra fap before they sold out literally. Aliquip ugh bicycle rights actually mlkshk, seitan squid craft beer tempor.\"}],[{\"key\":\"question\",\"value\":\"Do You Ship Internationally?\"},{\"key\":\"answer\",\"value\":\"Hoodie tote bag mixtape tofu. Typewriter jean shorts wolf quinoa, messenger bag organic freegan cray.\"}],[{\"key\":\"question\",\"value\":\"How Long Will It Take To Get My Package?\"},{\"key\":\"answer\",\"value\":\"Swag slow-carb quinoa VHS typewriter pork belly brunch, paleo single-origin coffee Wes Anderson. Flexitarian Pitchfork forage, literally paleo fap pour-over. Wes Anderson Pinterest YOLO fanny pack meggings, deep v XOXO chambray sustainable slow-carb raw denim church-key fap chillwave Etsy. +1 typewriter kitsch, American Apparel tofu Banksy Vice.\"}],[{\"key\":\"question\",\"value\":\"What Payment Methods Are Accepted?\"},{\"key\":\"answer\",\"value\":\"Fashion axe DIY jean shorts, swag kale chips meh polaroid kogi butcher Wes Anderson chambray next level semiotics gentrify yr. Voluptate photo booth fugiat Vice. Austin sed Williamsburg, ea labore raw denim voluptate cred proident mixtape excepteur mustache. Twee chia photo booth readymade food truck, hoodie roof party swag keytar PBR DIY.\"}],[{\"key\":\"question\",\"value\":\"Is Buying On-Line Safe?\"},{\"key\":\"answer\",\"value\":\"Art party authentic freegan semiotics jean shorts chia cred. Neutra Austin roof party Brooklyn, synth Thundercats swag 8-bit photo booth. Plaid letterpress leggings craft beer meh ethical Pinterest.\"}]]]',45,'Botble\\Ecommerce\\Models\\Product','2025-12-25 18:49:43','2025-12-25 18:49:43'),(107,'faq_schema_config','[[[{\"key\":\"question\",\"value\":\"What Shipping Methods Are Available?\"},{\"key\":\"answer\",\"value\":\"Ex Portland Pitchfork irure mustache. Eutra fap before they sold out literally. Aliquip ugh bicycle rights actually mlkshk, seitan squid craft beer tempor.\"}],[{\"key\":\"question\",\"value\":\"Do You Ship Internationally?\"},{\"key\":\"answer\",\"value\":\"Hoodie tote bag mixtape tofu. Typewriter jean shorts wolf quinoa, messenger bag organic freegan cray.\"}],[{\"key\":\"question\",\"value\":\"How Long Will It Take To Get My Package?\"},{\"key\":\"answer\",\"value\":\"Swag slow-carb quinoa VHS typewriter pork belly brunch, paleo single-origin coffee Wes Anderson. Flexitarian Pitchfork forage, literally paleo fap pour-over. Wes Anderson Pinterest YOLO fanny pack meggings, deep v XOXO chambray sustainable slow-carb raw denim church-key fap chillwave Etsy. +1 typewriter kitsch, American Apparel tofu Banksy Vice.\"}],[{\"key\":\"question\",\"value\":\"What Payment Methods Are Accepted?\"},{\"key\":\"answer\",\"value\":\"Fashion axe DIY jean shorts, swag kale chips meh polaroid kogi butcher Wes Anderson chambray next level semiotics gentrify yr. Voluptate photo booth fugiat Vice. Austin sed Williamsburg, ea labore raw denim voluptate cred proident mixtape excepteur mustache. Twee chia photo booth readymade food truck, hoodie roof party swag keytar PBR DIY.\"}],[{\"key\":\"question\",\"value\":\"Is Buying On-Line Safe?\"},{\"key\":\"answer\",\"value\":\"Art party authentic freegan semiotics jean shorts chia cred. Neutra Austin roof party Brooklyn, synth Thundercats swag 8-bit photo booth. Plaid letterpress leggings craft beer meh ethical Pinterest.\"}]]]',46,'Botble\\Ecommerce\\Models\\Product','2025-12-25 18:49:43','2025-12-25 18:49:43'),(108,'faq_schema_config','[[[{\"key\":\"question\",\"value\":\"What Shipping Methods Are Available?\"},{\"key\":\"answer\",\"value\":\"Ex Portland Pitchfork irure mustache. Eutra fap before they sold out literally. Aliquip ugh bicycle rights actually mlkshk, seitan squid craft beer tempor.\"}],[{\"key\":\"question\",\"value\":\"Do You Ship Internationally?\"},{\"key\":\"answer\",\"value\":\"Hoodie tote bag mixtape tofu. Typewriter jean shorts wolf quinoa, messenger bag organic freegan cray.\"}],[{\"key\":\"question\",\"value\":\"How Long Will It Take To Get My Package?\"},{\"key\":\"answer\",\"value\":\"Swag slow-carb quinoa VHS typewriter pork belly brunch, paleo single-origin coffee Wes Anderson. Flexitarian Pitchfork forage, literally paleo fap pour-over. Wes Anderson Pinterest YOLO fanny pack meggings, deep v XOXO chambray sustainable slow-carb raw denim church-key fap chillwave Etsy. +1 typewriter kitsch, American Apparel tofu Banksy Vice.\"}],[{\"key\":\"question\",\"value\":\"What Payment Methods Are Accepted?\"},{\"key\":\"answer\",\"value\":\"Fashion axe DIY jean shorts, swag kale chips meh polaroid kogi butcher Wes Anderson chambray next level semiotics gentrify yr. Voluptate photo booth fugiat Vice. Austin sed Williamsburg, ea labore raw denim voluptate cred proident mixtape excepteur mustache. Twee chia photo booth readymade food truck, hoodie roof party swag keytar PBR DIY.\"}],[{\"key\":\"question\",\"value\":\"Is Buying On-Line Safe?\"},{\"key\":\"answer\",\"value\":\"Art party authentic freegan semiotics jean shorts chia cred. Neutra Austin roof party Brooklyn, synth Thundercats swag 8-bit photo booth. Plaid letterpress leggings craft beer meh ethical Pinterest.\"}]]]',47,'Botble\\Ecommerce\\Models\\Product','2025-12-25 18:49:43','2025-12-25 18:49:43'),(109,'faq_schema_config','[[[{\"key\":\"question\",\"value\":\"What Shipping Methods Are Available?\"},{\"key\":\"answer\",\"value\":\"Ex Portland Pitchfork irure mustache. Eutra fap before they sold out literally. Aliquip ugh bicycle rights actually mlkshk, seitan squid craft beer tempor.\"}],[{\"key\":\"question\",\"value\":\"Do You Ship Internationally?\"},{\"key\":\"answer\",\"value\":\"Hoodie tote bag mixtape tofu. Typewriter jean shorts wolf quinoa, messenger bag organic freegan cray.\"}],[{\"key\":\"question\",\"value\":\"How Long Will It Take To Get My Package?\"},{\"key\":\"answer\",\"value\":\"Swag slow-carb quinoa VHS typewriter pork belly brunch, paleo single-origin coffee Wes Anderson. Flexitarian Pitchfork forage, literally paleo fap pour-over. Wes Anderson Pinterest YOLO fanny pack meggings, deep v XOXO chambray sustainable slow-carb raw denim church-key fap chillwave Etsy. +1 typewriter kitsch, American Apparel tofu Banksy Vice.\"}],[{\"key\":\"question\",\"value\":\"What Payment Methods Are Accepted?\"},{\"key\":\"answer\",\"value\":\"Fashion axe DIY jean shorts, swag kale chips meh polaroid kogi butcher Wes Anderson chambray next level semiotics gentrify yr. Voluptate photo booth fugiat Vice. Austin sed Williamsburg, ea labore raw denim voluptate cred proident mixtape excepteur mustache. Twee chia photo booth readymade food truck, hoodie roof party swag keytar PBR DIY.\"}],[{\"key\":\"question\",\"value\":\"Is Buying On-Line Safe?\"},{\"key\":\"answer\",\"value\":\"Art party authentic freegan semiotics jean shorts chia cred. Neutra Austin roof party Brooklyn, synth Thundercats swag 8-bit photo booth. Plaid letterpress leggings craft beer meh ethical Pinterest.\"}]]]',48,'Botble\\Ecommerce\\Models\\Product','2025-12-25 18:49:43','2025-12-25 18:49:43'),(110,'faq_schema_config','[[[{\"key\":\"question\",\"value\":\"What Shipping Methods Are Available?\"},{\"key\":\"answer\",\"value\":\"Ex Portland Pitchfork irure mustache. Eutra fap before they sold out literally. Aliquip ugh bicycle rights actually mlkshk, seitan squid craft beer tempor.\"}],[{\"key\":\"question\",\"value\":\"Do You Ship Internationally?\"},{\"key\":\"answer\",\"value\":\"Hoodie tote bag mixtape tofu. Typewriter jean shorts wolf quinoa, messenger bag organic freegan cray.\"}],[{\"key\":\"question\",\"value\":\"How Long Will It Take To Get My Package?\"},{\"key\":\"answer\",\"value\":\"Swag slow-carb quinoa VHS typewriter pork belly brunch, paleo single-origin coffee Wes Anderson. Flexitarian Pitchfork forage, literally paleo fap pour-over. Wes Anderson Pinterest YOLO fanny pack meggings, deep v XOXO chambray sustainable slow-carb raw denim church-key fap chillwave Etsy. +1 typewriter kitsch, American Apparel tofu Banksy Vice.\"}],[{\"key\":\"question\",\"value\":\"What Payment Methods Are Accepted?\"},{\"key\":\"answer\",\"value\":\"Fashion axe DIY jean shorts, swag kale chips meh polaroid kogi butcher Wes Anderson chambray next level semiotics gentrify yr. Voluptate photo booth fugiat Vice. Austin sed Williamsburg, ea labore raw denim voluptate cred proident mixtape excepteur mustache. Twee chia photo booth readymade food truck, hoodie roof party swag keytar PBR DIY.\"}],[{\"key\":\"question\",\"value\":\"Is Buying On-Line Safe?\"},{\"key\":\"answer\",\"value\":\"Art party authentic freegan semiotics jean shorts chia cred. Neutra Austin roof party Brooklyn, synth Thundercats swag 8-bit photo booth. Plaid letterpress leggings craft beer meh ethical Pinterest.\"}]]]',49,'Botble\\Ecommerce\\Models\\Product','2025-12-25 18:49:43','2025-12-25 18:49:43'),(111,'faq_schema_config','[[[{\"key\":\"question\",\"value\":\"What Shipping Methods Are Available?\"},{\"key\":\"answer\",\"value\":\"Ex Portland Pitchfork irure mustache. Eutra fap before they sold out literally. Aliquip ugh bicycle rights actually mlkshk, seitan squid craft beer tempor.\"}],[{\"key\":\"question\",\"value\":\"Do You Ship Internationally?\"},{\"key\":\"answer\",\"value\":\"Hoodie tote bag mixtape tofu. Typewriter jean shorts wolf quinoa, messenger bag organic freegan cray.\"}],[{\"key\":\"question\",\"value\":\"How Long Will It Take To Get My Package?\"},{\"key\":\"answer\",\"value\":\"Swag slow-carb quinoa VHS typewriter pork belly brunch, paleo single-origin coffee Wes Anderson. Flexitarian Pitchfork forage, literally paleo fap pour-over. Wes Anderson Pinterest YOLO fanny pack meggings, deep v XOXO chambray sustainable slow-carb raw denim church-key fap chillwave Etsy. +1 typewriter kitsch, American Apparel tofu Banksy Vice.\"}],[{\"key\":\"question\",\"value\":\"What Payment Methods Are Accepted?\"},{\"key\":\"answer\",\"value\":\"Fashion axe DIY jean shorts, swag kale chips meh polaroid kogi butcher Wes Anderson chambray next level semiotics gentrify yr. Voluptate photo booth fugiat Vice. Austin sed Williamsburg, ea labore raw denim voluptate cred proident mixtape excepteur mustache. Twee chia photo booth readymade food truck, hoodie roof party swag keytar PBR DIY.\"}],[{\"key\":\"question\",\"value\":\"Is Buying On-Line Safe?\"},{\"key\":\"answer\",\"value\":\"Art party authentic freegan semiotics jean shorts chia cred. Neutra Austin roof party Brooklyn, synth Thundercats swag 8-bit photo booth. Plaid letterpress leggings craft beer meh ethical Pinterest.\"}]]]',50,'Botble\\Ecommerce\\Models\\Product','2025-12-25 18:49:43','2025-12-25 18:49:43'),(112,'faq_schema_config','[[[{\"key\":\"question\",\"value\":\"What Shipping Methods Are Available?\"},{\"key\":\"answer\",\"value\":\"Ex Portland Pitchfork irure mustache. Eutra fap before they sold out literally. Aliquip ugh bicycle rights actually mlkshk, seitan squid craft beer tempor.\"}],[{\"key\":\"question\",\"value\":\"Do You Ship Internationally?\"},{\"key\":\"answer\",\"value\":\"Hoodie tote bag mixtape tofu. Typewriter jean shorts wolf quinoa, messenger bag organic freegan cray.\"}],[{\"key\":\"question\",\"value\":\"How Long Will It Take To Get My Package?\"},{\"key\":\"answer\",\"value\":\"Swag slow-carb quinoa VHS typewriter pork belly brunch, paleo single-origin coffee Wes Anderson. Flexitarian Pitchfork forage, literally paleo fap pour-over. Wes Anderson Pinterest YOLO fanny pack meggings, deep v XOXO chambray sustainable slow-carb raw denim church-key fap chillwave Etsy. +1 typewriter kitsch, American Apparel tofu Banksy Vice.\"}],[{\"key\":\"question\",\"value\":\"What Payment Methods Are Accepted?\"},{\"key\":\"answer\",\"value\":\"Fashion axe DIY jean shorts, swag kale chips meh polaroid kogi butcher Wes Anderson chambray next level semiotics gentrify yr. Voluptate photo booth fugiat Vice. Austin sed Williamsburg, ea labore raw denim voluptate cred proident mixtape excepteur mustache. Twee chia photo booth readymade food truck, hoodie roof party swag keytar PBR DIY.\"}],[{\"key\":\"question\",\"value\":\"Is Buying On-Line Safe?\"},{\"key\":\"answer\",\"value\":\"Art party authentic freegan semiotics jean shorts chia cred. Neutra Austin roof party Brooklyn, synth Thundercats swag 8-bit photo booth. Plaid letterpress leggings craft beer meh ethical Pinterest.\"}]]]',51,'Botble\\Ecommerce\\Models\\Product','2025-12-25 18:49:43','2025-12-25 18:49:43'),(113,'faq_schema_config','[[[{\"key\":\"question\",\"value\":\"What Shipping Methods Are Available?\"},{\"key\":\"answer\",\"value\":\"Ex Portland Pitchfork irure mustache. Eutra fap before they sold out literally. Aliquip ugh bicycle rights actually mlkshk, seitan squid craft beer tempor.\"}],[{\"key\":\"question\",\"value\":\"Do You Ship Internationally?\"},{\"key\":\"answer\",\"value\":\"Hoodie tote bag mixtape tofu. Typewriter jean shorts wolf quinoa, messenger bag organic freegan cray.\"}],[{\"key\":\"question\",\"value\":\"How Long Will It Take To Get My Package?\"},{\"key\":\"answer\",\"value\":\"Swag slow-carb quinoa VHS typewriter pork belly brunch, paleo single-origin coffee Wes Anderson. Flexitarian Pitchfork forage, literally paleo fap pour-over. Wes Anderson Pinterest YOLO fanny pack meggings, deep v XOXO chambray sustainable slow-carb raw denim church-key fap chillwave Etsy. +1 typewriter kitsch, American Apparel tofu Banksy Vice.\"}],[{\"key\":\"question\",\"value\":\"What Payment Methods Are Accepted?\"},{\"key\":\"answer\",\"value\":\"Fashion axe DIY jean shorts, swag kale chips meh polaroid kogi butcher Wes Anderson chambray next level semiotics gentrify yr. Voluptate photo booth fugiat Vice. Austin sed Williamsburg, ea labore raw denim voluptate cred proident mixtape excepteur mustache. Twee chia photo booth readymade food truck, hoodie roof party swag keytar PBR DIY.\"}],[{\"key\":\"question\",\"value\":\"Is Buying On-Line Safe?\"},{\"key\":\"answer\",\"value\":\"Art party authentic freegan semiotics jean shorts chia cred. Neutra Austin roof party Brooklyn, synth Thundercats swag 8-bit photo booth. Plaid letterpress leggings craft beer meh ethical Pinterest.\"}]]]',52,'Botble\\Ecommerce\\Models\\Product','2025-12-25 18:49:43','2025-12-25 18:49:43'),(114,'faq_schema_config','[[[{\"key\":\"question\",\"value\":\"What Shipping Methods Are Available?\"},{\"key\":\"answer\",\"value\":\"Ex Portland Pitchfork irure mustache. Eutra fap before they sold out literally. Aliquip ugh bicycle rights actually mlkshk, seitan squid craft beer tempor.\"}],[{\"key\":\"question\",\"value\":\"Do You Ship Internationally?\"},{\"key\":\"answer\",\"value\":\"Hoodie tote bag mixtape tofu. Typewriter jean shorts wolf quinoa, messenger bag organic freegan cray.\"}],[{\"key\":\"question\",\"value\":\"How Long Will It Take To Get My Package?\"},{\"key\":\"answer\",\"value\":\"Swag slow-carb quinoa VHS typewriter pork belly brunch, paleo single-origin coffee Wes Anderson. Flexitarian Pitchfork forage, literally paleo fap pour-over. Wes Anderson Pinterest YOLO fanny pack meggings, deep v XOXO chambray sustainable slow-carb raw denim church-key fap chillwave Etsy. +1 typewriter kitsch, American Apparel tofu Banksy Vice.\"}],[{\"key\":\"question\",\"value\":\"What Payment Methods Are Accepted?\"},{\"key\":\"answer\",\"value\":\"Fashion axe DIY jean shorts, swag kale chips meh polaroid kogi butcher Wes Anderson chambray next level semiotics gentrify yr. Voluptate photo booth fugiat Vice. Austin sed Williamsburg, ea labore raw denim voluptate cred proident mixtape excepteur mustache. Twee chia photo booth readymade food truck, hoodie roof party swag keytar PBR DIY.\"}],[{\"key\":\"question\",\"value\":\"Is Buying On-Line Safe?\"},{\"key\":\"answer\",\"value\":\"Art party authentic freegan semiotics jean shorts chia cred. Neutra Austin roof party Brooklyn, synth Thundercats swag 8-bit photo booth. Plaid letterpress leggings craft beer meh ethical Pinterest.\"}]]]',53,'Botble\\Ecommerce\\Models\\Product','2025-12-25 18:49:43','2025-12-25 18:49:43'),(115,'faq_schema_config','[[[{\"key\":\"question\",\"value\":\"What Shipping Methods Are Available?\"},{\"key\":\"answer\",\"value\":\"Ex Portland Pitchfork irure mustache. Eutra fap before they sold out literally. Aliquip ugh bicycle rights actually mlkshk, seitan squid craft beer tempor.\"}],[{\"key\":\"question\",\"value\":\"Do You Ship Internationally?\"},{\"key\":\"answer\",\"value\":\"Hoodie tote bag mixtape tofu. Typewriter jean shorts wolf quinoa, messenger bag organic freegan cray.\"}],[{\"key\":\"question\",\"value\":\"How Long Will It Take To Get My Package?\"},{\"key\":\"answer\",\"value\":\"Swag slow-carb quinoa VHS typewriter pork belly brunch, paleo single-origin coffee Wes Anderson. Flexitarian Pitchfork forage, literally paleo fap pour-over. Wes Anderson Pinterest YOLO fanny pack meggings, deep v XOXO chambray sustainable slow-carb raw denim church-key fap chillwave Etsy. +1 typewriter kitsch, American Apparel tofu Banksy Vice.\"}],[{\"key\":\"question\",\"value\":\"What Payment Methods Are Accepted?\"},{\"key\":\"answer\",\"value\":\"Fashion axe DIY jean shorts, swag kale chips meh polaroid kogi butcher Wes Anderson chambray next level semiotics gentrify yr. Voluptate photo booth fugiat Vice. Austin sed Williamsburg, ea labore raw denim voluptate cred proident mixtape excepteur mustache. Twee chia photo booth readymade food truck, hoodie roof party swag keytar PBR DIY.\"}],[{\"key\":\"question\",\"value\":\"Is Buying On-Line Safe?\"},{\"key\":\"answer\",\"value\":\"Art party authentic freegan semiotics jean shorts chia cred. Neutra Austin roof party Brooklyn, synth Thundercats swag 8-bit photo booth. Plaid letterpress leggings craft beer meh ethical Pinterest.\"}]]]',54,'Botble\\Ecommerce\\Models\\Product','2025-12-25 18:49:43','2025-12-25 18:49:43'),(116,'faq_schema_config','[[[{\"key\":\"question\",\"value\":\"What Shipping Methods Are Available?\"},{\"key\":\"answer\",\"value\":\"Ex Portland Pitchfork irure mustache. Eutra fap before they sold out literally. Aliquip ugh bicycle rights actually mlkshk, seitan squid craft beer tempor.\"}],[{\"key\":\"question\",\"value\":\"Do You Ship Internationally?\"},{\"key\":\"answer\",\"value\":\"Hoodie tote bag mixtape tofu. Typewriter jean shorts wolf quinoa, messenger bag organic freegan cray.\"}],[{\"key\":\"question\",\"value\":\"How Long Will It Take To Get My Package?\"},{\"key\":\"answer\",\"value\":\"Swag slow-carb quinoa VHS typewriter pork belly brunch, paleo single-origin coffee Wes Anderson. Flexitarian Pitchfork forage, literally paleo fap pour-over. Wes Anderson Pinterest YOLO fanny pack meggings, deep v XOXO chambray sustainable slow-carb raw denim church-key fap chillwave Etsy. +1 typewriter kitsch, American Apparel tofu Banksy Vice.\"}],[{\"key\":\"question\",\"value\":\"What Payment Methods Are Accepted?\"},{\"key\":\"answer\",\"value\":\"Fashion axe DIY jean shorts, swag kale chips meh polaroid kogi butcher Wes Anderson chambray next level semiotics gentrify yr. Voluptate photo booth fugiat Vice. Austin sed Williamsburg, ea labore raw denim voluptate cred proident mixtape excepteur mustache. Twee chia photo booth readymade food truck, hoodie roof party swag keytar PBR DIY.\"}],[{\"key\":\"question\",\"value\":\"Is Buying On-Line Safe?\"},{\"key\":\"answer\",\"value\":\"Art party authentic freegan semiotics jean shorts chia cred. Neutra Austin roof party Brooklyn, synth Thundercats swag 8-bit photo booth. Plaid letterpress leggings craft beer meh ethical Pinterest.\"}]]]',55,'Botble\\Ecommerce\\Models\\Product','2025-12-25 18:49:43','2025-12-25 18:49:43'),(117,'faq_schema_config','[[[{\"key\":\"question\",\"value\":\"What Shipping Methods Are Available?\"},{\"key\":\"answer\",\"value\":\"Ex Portland Pitchfork irure mustache. Eutra fap before they sold out literally. Aliquip ugh bicycle rights actually mlkshk, seitan squid craft beer tempor.\"}],[{\"key\":\"question\",\"value\":\"Do You Ship Internationally?\"},{\"key\":\"answer\",\"value\":\"Hoodie tote bag mixtape tofu. Typewriter jean shorts wolf quinoa, messenger bag organic freegan cray.\"}],[{\"key\":\"question\",\"value\":\"How Long Will It Take To Get My Package?\"},{\"key\":\"answer\",\"value\":\"Swag slow-carb quinoa VHS typewriter pork belly brunch, paleo single-origin coffee Wes Anderson. Flexitarian Pitchfork forage, literally paleo fap pour-over. Wes Anderson Pinterest YOLO fanny pack meggings, deep v XOXO chambray sustainable slow-carb raw denim church-key fap chillwave Etsy. +1 typewriter kitsch, American Apparel tofu Banksy Vice.\"}],[{\"key\":\"question\",\"value\":\"What Payment Methods Are Accepted?\"},{\"key\":\"answer\",\"value\":\"Fashion axe DIY jean shorts, swag kale chips meh polaroid kogi butcher Wes Anderson chambray next level semiotics gentrify yr. Voluptate photo booth fugiat Vice. Austin sed Williamsburg, ea labore raw denim voluptate cred proident mixtape excepteur mustache. Twee chia photo booth readymade food truck, hoodie roof party swag keytar PBR DIY.\"}],[{\"key\":\"question\",\"value\":\"Is Buying On-Line Safe?\"},{\"key\":\"answer\",\"value\":\"Art party authentic freegan semiotics jean shorts chia cred. Neutra Austin roof party Brooklyn, synth Thundercats swag 8-bit photo booth. Plaid letterpress leggings craft beer meh ethical Pinterest.\"}]]]',56,'Botble\\Ecommerce\\Models\\Product','2025-12-25 18:49:43','2025-12-25 18:49:43'),(118,'faq_schema_config','[[[{\"key\":\"question\",\"value\":\"What Shipping Methods Are Available?\"},{\"key\":\"answer\",\"value\":\"Ex Portland Pitchfork irure mustache. Eutra fap before they sold out literally. Aliquip ugh bicycle rights actually mlkshk, seitan squid craft beer tempor.\"}],[{\"key\":\"question\",\"value\":\"Do You Ship Internationally?\"},{\"key\":\"answer\",\"value\":\"Hoodie tote bag mixtape tofu. Typewriter jean shorts wolf quinoa, messenger bag organic freegan cray.\"}],[{\"key\":\"question\",\"value\":\"How Long Will It Take To Get My Package?\"},{\"key\":\"answer\",\"value\":\"Swag slow-carb quinoa VHS typewriter pork belly brunch, paleo single-origin coffee Wes Anderson. Flexitarian Pitchfork forage, literally paleo fap pour-over. Wes Anderson Pinterest YOLO fanny pack meggings, deep v XOXO chambray sustainable slow-carb raw denim church-key fap chillwave Etsy. +1 typewriter kitsch, American Apparel tofu Banksy Vice.\"}],[{\"key\":\"question\",\"value\":\"What Payment Methods Are Accepted?\"},{\"key\":\"answer\",\"value\":\"Fashion axe DIY jean shorts, swag kale chips meh polaroid kogi butcher Wes Anderson chambray next level semiotics gentrify yr. Voluptate photo booth fugiat Vice. Austin sed Williamsburg, ea labore raw denim voluptate cred proident mixtape excepteur mustache. Twee chia photo booth readymade food truck, hoodie roof party swag keytar PBR DIY.\"}],[{\"key\":\"question\",\"value\":\"Is Buying On-Line Safe?\"},{\"key\":\"answer\",\"value\":\"Art party authentic freegan semiotics jean shorts chia cred. Neutra Austin roof party Brooklyn, synth Thundercats swag 8-bit photo booth. Plaid letterpress leggings craft beer meh ethical Pinterest.\"}]]]',57,'Botble\\Ecommerce\\Models\\Product','2025-12-25 18:49:43','2025-12-25 18:49:43'),(119,'faq_schema_config','[[[{\"key\":\"question\",\"value\":\"What Shipping Methods Are Available?\"},{\"key\":\"answer\",\"value\":\"Ex Portland Pitchfork irure mustache. Eutra fap before they sold out literally. Aliquip ugh bicycle rights actually mlkshk, seitan squid craft beer tempor.\"}],[{\"key\":\"question\",\"value\":\"Do You Ship Internationally?\"},{\"key\":\"answer\",\"value\":\"Hoodie tote bag mixtape tofu. Typewriter jean shorts wolf quinoa, messenger bag organic freegan cray.\"}],[{\"key\":\"question\",\"value\":\"How Long Will It Take To Get My Package?\"},{\"key\":\"answer\",\"value\":\"Swag slow-carb quinoa VHS typewriter pork belly brunch, paleo single-origin coffee Wes Anderson. Flexitarian Pitchfork forage, literally paleo fap pour-over. Wes Anderson Pinterest YOLO fanny pack meggings, deep v XOXO chambray sustainable slow-carb raw denim church-key fap chillwave Etsy. +1 typewriter kitsch, American Apparel tofu Banksy Vice.\"}],[{\"key\":\"question\",\"value\":\"What Payment Methods Are Accepted?\"},{\"key\":\"answer\",\"value\":\"Fashion axe DIY jean shorts, swag kale chips meh polaroid kogi butcher Wes Anderson chambray next level semiotics gentrify yr. Voluptate photo booth fugiat Vice. Austin sed Williamsburg, ea labore raw denim voluptate cred proident mixtape excepteur mustache. Twee chia photo booth readymade food truck, hoodie roof party swag keytar PBR DIY.\"}],[{\"key\":\"question\",\"value\":\"Is Buying On-Line Safe?\"},{\"key\":\"answer\",\"value\":\"Art party authentic freegan semiotics jean shorts chia cred. Neutra Austin roof party Brooklyn, synth Thundercats swag 8-bit photo booth. Plaid letterpress leggings craft beer meh ethical Pinterest.\"}]]]',58,'Botble\\Ecommerce\\Models\\Product','2025-12-25 18:49:43','2025-12-25 18:49:43'),(120,'faq_schema_config','[[[{\"key\":\"question\",\"value\":\"What Shipping Methods Are Available?\"},{\"key\":\"answer\",\"value\":\"Ex Portland Pitchfork irure mustache. Eutra fap before they sold out literally. Aliquip ugh bicycle rights actually mlkshk, seitan squid craft beer tempor.\"}],[{\"key\":\"question\",\"value\":\"Do You Ship Internationally?\"},{\"key\":\"answer\",\"value\":\"Hoodie tote bag mixtape tofu. Typewriter jean shorts wolf quinoa, messenger bag organic freegan cray.\"}],[{\"key\":\"question\",\"value\":\"How Long Will It Take To Get My Package?\"},{\"key\":\"answer\",\"value\":\"Swag slow-carb quinoa VHS typewriter pork belly brunch, paleo single-origin coffee Wes Anderson. Flexitarian Pitchfork forage, literally paleo fap pour-over. Wes Anderson Pinterest YOLO fanny pack meggings, deep v XOXO chambray sustainable slow-carb raw denim church-key fap chillwave Etsy. +1 typewriter kitsch, American Apparel tofu Banksy Vice.\"}],[{\"key\":\"question\",\"value\":\"What Payment Methods Are Accepted?\"},{\"key\":\"answer\",\"value\":\"Fashion axe DIY jean shorts, swag kale chips meh polaroid kogi butcher Wes Anderson chambray next level semiotics gentrify yr. Voluptate photo booth fugiat Vice. Austin sed Williamsburg, ea labore raw denim voluptate cred proident mixtape excepteur mustache. Twee chia photo booth readymade food truck, hoodie roof party swag keytar PBR DIY.\"}],[{\"key\":\"question\",\"value\":\"Is Buying On-Line Safe?\"},{\"key\":\"answer\",\"value\":\"Art party authentic freegan semiotics jean shorts chia cred. Neutra Austin roof party Brooklyn, synth Thundercats swag 8-bit photo booth. Plaid letterpress leggings craft beer meh ethical Pinterest.\"}]]]',59,'Botble\\Ecommerce\\Models\\Product','2025-12-25 18:49:43','2025-12-25 18:49:43'),(121,'faq_schema_config','[[[{\"key\":\"question\",\"value\":\"What Shipping Methods Are Available?\"},{\"key\":\"answer\",\"value\":\"Ex Portland Pitchfork irure mustache. Eutra fap before they sold out literally. Aliquip ugh bicycle rights actually mlkshk, seitan squid craft beer tempor.\"}],[{\"key\":\"question\",\"value\":\"Do You Ship Internationally?\"},{\"key\":\"answer\",\"value\":\"Hoodie tote bag mixtape tofu. Typewriter jean shorts wolf quinoa, messenger bag organic freegan cray.\"}],[{\"key\":\"question\",\"value\":\"How Long Will It Take To Get My Package?\"},{\"key\":\"answer\",\"value\":\"Swag slow-carb quinoa VHS typewriter pork belly brunch, paleo single-origin coffee Wes Anderson. Flexitarian Pitchfork forage, literally paleo fap pour-over. Wes Anderson Pinterest YOLO fanny pack meggings, deep v XOXO chambray sustainable slow-carb raw denim church-key fap chillwave Etsy. +1 typewriter kitsch, American Apparel tofu Banksy Vice.\"}],[{\"key\":\"question\",\"value\":\"What Payment Methods Are Accepted?\"},{\"key\":\"answer\",\"value\":\"Fashion axe DIY jean shorts, swag kale chips meh polaroid kogi butcher Wes Anderson chambray next level semiotics gentrify yr. Voluptate photo booth fugiat Vice. Austin sed Williamsburg, ea labore raw denim voluptate cred proident mixtape excepteur mustache. Twee chia photo booth readymade food truck, hoodie roof party swag keytar PBR DIY.\"}],[{\"key\":\"question\",\"value\":\"Is Buying On-Line Safe?\"},{\"key\":\"answer\",\"value\":\"Art party authentic freegan semiotics jean shorts chia cred. Neutra Austin roof party Brooklyn, synth Thundercats swag 8-bit photo booth. Plaid letterpress leggings craft beer meh ethical Pinterest.\"}]]]',60,'Botble\\Ecommerce\\Models\\Product','2025-12-25 18:49:43','2025-12-25 18:49:43'),(122,'faq_schema_config','[[[{\"key\":\"question\",\"value\":\"What Shipping Methods Are Available?\"},{\"key\":\"answer\",\"value\":\"Ex Portland Pitchfork irure mustache. Eutra fap before they sold out literally. Aliquip ugh bicycle rights actually mlkshk, seitan squid craft beer tempor.\"}],[{\"key\":\"question\",\"value\":\"Do You Ship Internationally?\"},{\"key\":\"answer\",\"value\":\"Hoodie tote bag mixtape tofu. Typewriter jean shorts wolf quinoa, messenger bag organic freegan cray.\"}],[{\"key\":\"question\",\"value\":\"How Long Will It Take To Get My Package?\"},{\"key\":\"answer\",\"value\":\"Swag slow-carb quinoa VHS typewriter pork belly brunch, paleo single-origin coffee Wes Anderson. Flexitarian Pitchfork forage, literally paleo fap pour-over. Wes Anderson Pinterest YOLO fanny pack meggings, deep v XOXO chambray sustainable slow-carb raw denim church-key fap chillwave Etsy. +1 typewriter kitsch, American Apparel tofu Banksy Vice.\"}],[{\"key\":\"question\",\"value\":\"What Payment Methods Are Accepted?\"},{\"key\":\"answer\",\"value\":\"Fashion axe DIY jean shorts, swag kale chips meh polaroid kogi butcher Wes Anderson chambray next level semiotics gentrify yr. Voluptate photo booth fugiat Vice. Austin sed Williamsburg, ea labore raw denim voluptate cred proident mixtape excepteur mustache. Twee chia photo booth readymade food truck, hoodie roof party swag keytar PBR DIY.\"}],[{\"key\":\"question\",\"value\":\"Is Buying On-Line Safe?\"},{\"key\":\"answer\",\"value\":\"Art party authentic freegan semiotics jean shorts chia cred. Neutra Austin roof party Brooklyn, synth Thundercats swag 8-bit photo booth. Plaid letterpress leggings craft beer meh ethical Pinterest.\"}]]]',61,'Botble\\Ecommerce\\Models\\Product','2025-12-25 18:49:43','2025-12-25 18:49:43'),(123,'faq_schema_config','[[[{\"key\":\"question\",\"value\":\"What Shipping Methods Are Available?\"},{\"key\":\"answer\",\"value\":\"Ex Portland Pitchfork irure mustache. Eutra fap before they sold out literally. Aliquip ugh bicycle rights actually mlkshk, seitan squid craft beer tempor.\"}],[{\"key\":\"question\",\"value\":\"Do You Ship Internationally?\"},{\"key\":\"answer\",\"value\":\"Hoodie tote bag mixtape tofu. Typewriter jean shorts wolf quinoa, messenger bag organic freegan cray.\"}],[{\"key\":\"question\",\"value\":\"How Long Will It Take To Get My Package?\"},{\"key\":\"answer\",\"value\":\"Swag slow-carb quinoa VHS typewriter pork belly brunch, paleo single-origin coffee Wes Anderson. Flexitarian Pitchfork forage, literally paleo fap pour-over. Wes Anderson Pinterest YOLO fanny pack meggings, deep v XOXO chambray sustainable slow-carb raw denim church-key fap chillwave Etsy. +1 typewriter kitsch, American Apparel tofu Banksy Vice.\"}],[{\"key\":\"question\",\"value\":\"What Payment Methods Are Accepted?\"},{\"key\":\"answer\",\"value\":\"Fashion axe DIY jean shorts, swag kale chips meh polaroid kogi butcher Wes Anderson chambray next level semiotics gentrify yr. Voluptate photo booth fugiat Vice. Austin sed Williamsburg, ea labore raw denim voluptate cred proident mixtape excepteur mustache. Twee chia photo booth readymade food truck, hoodie roof party swag keytar PBR DIY.\"}],[{\"key\":\"question\",\"value\":\"Is Buying On-Line Safe?\"},{\"key\":\"answer\",\"value\":\"Art party authentic freegan semiotics jean shorts chia cred. Neutra Austin roof party Brooklyn, synth Thundercats swag 8-bit photo booth. Plaid letterpress leggings craft beer meh ethical Pinterest.\"}]]]',62,'Botble\\Ecommerce\\Models\\Product','2025-12-25 18:49:43','2025-12-25 18:49:43'),(124,'faq_schema_config','[[[{\"key\":\"question\",\"value\":\"What Shipping Methods Are Available?\"},{\"key\":\"answer\",\"value\":\"Ex Portland Pitchfork irure mustache. Eutra fap before they sold out literally. Aliquip ugh bicycle rights actually mlkshk, seitan squid craft beer tempor.\"}],[{\"key\":\"question\",\"value\":\"Do You Ship Internationally?\"},{\"key\":\"answer\",\"value\":\"Hoodie tote bag mixtape tofu. Typewriter jean shorts wolf quinoa, messenger bag organic freegan cray.\"}],[{\"key\":\"question\",\"value\":\"How Long Will It Take To Get My Package?\"},{\"key\":\"answer\",\"value\":\"Swag slow-carb quinoa VHS typewriter pork belly brunch, paleo single-origin coffee Wes Anderson. Flexitarian Pitchfork forage, literally paleo fap pour-over. Wes Anderson Pinterest YOLO fanny pack meggings, deep v XOXO chambray sustainable slow-carb raw denim church-key fap chillwave Etsy. +1 typewriter kitsch, American Apparel tofu Banksy Vice.\"}],[{\"key\":\"question\",\"value\":\"What Payment Methods Are Accepted?\"},{\"key\":\"answer\",\"value\":\"Fashion axe DIY jean shorts, swag kale chips meh polaroid kogi butcher Wes Anderson chambray next level semiotics gentrify yr. Voluptate photo booth fugiat Vice. Austin sed Williamsburg, ea labore raw denim voluptate cred proident mixtape excepteur mustache. Twee chia photo booth readymade food truck, hoodie roof party swag keytar PBR DIY.\"}],[{\"key\":\"question\",\"value\":\"Is Buying On-Line Safe?\"},{\"key\":\"answer\",\"value\":\"Art party authentic freegan semiotics jean shorts chia cred. Neutra Austin roof party Brooklyn, synth Thundercats swag 8-bit photo booth. Plaid letterpress leggings craft beer meh ethical Pinterest.\"}]]]',63,'Botble\\Ecommerce\\Models\\Product','2025-12-25 18:49:43','2025-12-25 18:49:43'),(125,'faq_schema_config','[[[{\"key\":\"question\",\"value\":\"What Shipping Methods Are Available?\"},{\"key\":\"answer\",\"value\":\"Ex Portland Pitchfork irure mustache. Eutra fap before they sold out literally. Aliquip ugh bicycle rights actually mlkshk, seitan squid craft beer tempor.\"}],[{\"key\":\"question\",\"value\":\"Do You Ship Internationally?\"},{\"key\":\"answer\",\"value\":\"Hoodie tote bag mixtape tofu. Typewriter jean shorts wolf quinoa, messenger bag organic freegan cray.\"}],[{\"key\":\"question\",\"value\":\"How Long Will It Take To Get My Package?\"},{\"key\":\"answer\",\"value\":\"Swag slow-carb quinoa VHS typewriter pork belly brunch, paleo single-origin coffee Wes Anderson. Flexitarian Pitchfork forage, literally paleo fap pour-over. Wes Anderson Pinterest YOLO fanny pack meggings, deep v XOXO chambray sustainable slow-carb raw denim church-key fap chillwave Etsy. +1 typewriter kitsch, American Apparel tofu Banksy Vice.\"}],[{\"key\":\"question\",\"value\":\"What Payment Methods Are Accepted?\"},{\"key\":\"answer\",\"value\":\"Fashion axe DIY jean shorts, swag kale chips meh polaroid kogi butcher Wes Anderson chambray next level semiotics gentrify yr. Voluptate photo booth fugiat Vice. Austin sed Williamsburg, ea labore raw denim voluptate cred proident mixtape excepteur mustache. Twee chia photo booth readymade food truck, hoodie roof party swag keytar PBR DIY.\"}],[{\"key\":\"question\",\"value\":\"Is Buying On-Line Safe?\"},{\"key\":\"answer\",\"value\":\"Art party authentic freegan semiotics jean shorts chia cred. Neutra Austin roof party Brooklyn, synth Thundercats swag 8-bit photo booth. Plaid letterpress leggings craft beer meh ethical Pinterest.\"}]]]',64,'Botble\\Ecommerce\\Models\\Product','2025-12-25 18:49:43','2025-12-25 18:49:43'),(126,'faq_schema_config','[[[{\"key\":\"question\",\"value\":\"What Shipping Methods Are Available?\"},{\"key\":\"answer\",\"value\":\"Ex Portland Pitchfork irure mustache. Eutra fap before they sold out literally. Aliquip ugh bicycle rights actually mlkshk, seitan squid craft beer tempor.\"}],[{\"key\":\"question\",\"value\":\"Do You Ship Internationally?\"},{\"key\":\"answer\",\"value\":\"Hoodie tote bag mixtape tofu. Typewriter jean shorts wolf quinoa, messenger bag organic freegan cray.\"}],[{\"key\":\"question\",\"value\":\"How Long Will It Take To Get My Package?\"},{\"key\":\"answer\",\"value\":\"Swag slow-carb quinoa VHS typewriter pork belly brunch, paleo single-origin coffee Wes Anderson. Flexitarian Pitchfork forage, literally paleo fap pour-over. Wes Anderson Pinterest YOLO fanny pack meggings, deep v XOXO chambray sustainable slow-carb raw denim church-key fap chillwave Etsy. +1 typewriter kitsch, American Apparel tofu Banksy Vice.\"}],[{\"key\":\"question\",\"value\":\"What Payment Methods Are Accepted?\"},{\"key\":\"answer\",\"value\":\"Fashion axe DIY jean shorts, swag kale chips meh polaroid kogi butcher Wes Anderson chambray next level semiotics gentrify yr. Voluptate photo booth fugiat Vice. Austin sed Williamsburg, ea labore raw denim voluptate cred proident mixtape excepteur mustache. Twee chia photo booth readymade food truck, hoodie roof party swag keytar PBR DIY.\"}],[{\"key\":\"question\",\"value\":\"Is Buying On-Line Safe?\"},{\"key\":\"answer\",\"value\":\"Art party authentic freegan semiotics jean shorts chia cred. Neutra Austin roof party Brooklyn, synth Thundercats swag 8-bit photo booth. Plaid letterpress leggings craft beer meh ethical Pinterest.\"}]]]',65,'Botble\\Ecommerce\\Models\\Product','2025-12-25 18:49:43','2025-12-25 18:49:43'),(127,'faq_schema_config','[[[{\"key\":\"question\",\"value\":\"What Shipping Methods Are Available?\"},{\"key\":\"answer\",\"value\":\"Ex Portland Pitchfork irure mustache. Eutra fap before they sold out literally. Aliquip ugh bicycle rights actually mlkshk, seitan squid craft beer tempor.\"}],[{\"key\":\"question\",\"value\":\"Do You Ship Internationally?\"},{\"key\":\"answer\",\"value\":\"Hoodie tote bag mixtape tofu. Typewriter jean shorts wolf quinoa, messenger bag organic freegan cray.\"}],[{\"key\":\"question\",\"value\":\"How Long Will It Take To Get My Package?\"},{\"key\":\"answer\",\"value\":\"Swag slow-carb quinoa VHS typewriter pork belly brunch, paleo single-origin coffee Wes Anderson. Flexitarian Pitchfork forage, literally paleo fap pour-over. Wes Anderson Pinterest YOLO fanny pack meggings, deep v XOXO chambray sustainable slow-carb raw denim church-key fap chillwave Etsy. +1 typewriter kitsch, American Apparel tofu Banksy Vice.\"}],[{\"key\":\"question\",\"value\":\"What Payment Methods Are Accepted?\"},{\"key\":\"answer\",\"value\":\"Fashion axe DIY jean shorts, swag kale chips meh polaroid kogi butcher Wes Anderson chambray next level semiotics gentrify yr. Voluptate photo booth fugiat Vice. Austin sed Williamsburg, ea labore raw denim voluptate cred proident mixtape excepteur mustache. Twee chia photo booth readymade food truck, hoodie roof party swag keytar PBR DIY.\"}],[{\"key\":\"question\",\"value\":\"Is Buying On-Line Safe?\"},{\"key\":\"answer\",\"value\":\"Art party authentic freegan semiotics jean shorts chia cred. Neutra Austin roof party Brooklyn, synth Thundercats swag 8-bit photo booth. Plaid letterpress leggings craft beer meh ethical Pinterest.\"}]]]',66,'Botble\\Ecommerce\\Models\\Product','2025-12-25 18:49:43','2025-12-25 18:49:43'),(128,'faq_schema_config','[[[{\"key\":\"question\",\"value\":\"What Shipping Methods Are Available?\"},{\"key\":\"answer\",\"value\":\"Ex Portland Pitchfork irure mustache. Eutra fap before they sold out literally. Aliquip ugh bicycle rights actually mlkshk, seitan squid craft beer tempor.\"}],[{\"key\":\"question\",\"value\":\"Do You Ship Internationally?\"},{\"key\":\"answer\",\"value\":\"Hoodie tote bag mixtape tofu. Typewriter jean shorts wolf quinoa, messenger bag organic freegan cray.\"}],[{\"key\":\"question\",\"value\":\"How Long Will It Take To Get My Package?\"},{\"key\":\"answer\",\"value\":\"Swag slow-carb quinoa VHS typewriter pork belly brunch, paleo single-origin coffee Wes Anderson. Flexitarian Pitchfork forage, literally paleo fap pour-over. Wes Anderson Pinterest YOLO fanny pack meggings, deep v XOXO chambray sustainable slow-carb raw denim church-key fap chillwave Etsy. +1 typewriter kitsch, American Apparel tofu Banksy Vice.\"}],[{\"key\":\"question\",\"value\":\"What Payment Methods Are Accepted?\"},{\"key\":\"answer\",\"value\":\"Fashion axe DIY jean shorts, swag kale chips meh polaroid kogi butcher Wes Anderson chambray next level semiotics gentrify yr. Voluptate photo booth fugiat Vice. Austin sed Williamsburg, ea labore raw denim voluptate cred proident mixtape excepteur mustache. Twee chia photo booth readymade food truck, hoodie roof party swag keytar PBR DIY.\"}],[{\"key\":\"question\",\"value\":\"Is Buying On-Line Safe?\"},{\"key\":\"answer\",\"value\":\"Art party authentic freegan semiotics jean shorts chia cred. Neutra Austin roof party Brooklyn, synth Thundercats swag 8-bit photo booth. Plaid letterpress leggings craft beer meh ethical Pinterest.\"}]]]',67,'Botble\\Ecommerce\\Models\\Product','2025-12-25 18:49:43','2025-12-25 18:49:43'),(129,'faq_schema_config','[[[{\"key\":\"question\",\"value\":\"What Shipping Methods Are Available?\"},{\"key\":\"answer\",\"value\":\"Ex Portland Pitchfork irure mustache. Eutra fap before they sold out literally. Aliquip ugh bicycle rights actually mlkshk, seitan squid craft beer tempor.\"}],[{\"key\":\"question\",\"value\":\"Do You Ship Internationally?\"},{\"key\":\"answer\",\"value\":\"Hoodie tote bag mixtape tofu. Typewriter jean shorts wolf quinoa, messenger bag organic freegan cray.\"}],[{\"key\":\"question\",\"value\":\"How Long Will It Take To Get My Package?\"},{\"key\":\"answer\",\"value\":\"Swag slow-carb quinoa VHS typewriter pork belly brunch, paleo single-origin coffee Wes Anderson. Flexitarian Pitchfork forage, literally paleo fap pour-over. Wes Anderson Pinterest YOLO fanny pack meggings, deep v XOXO chambray sustainable slow-carb raw denim church-key fap chillwave Etsy. +1 typewriter kitsch, American Apparel tofu Banksy Vice.\"}],[{\"key\":\"question\",\"value\":\"What Payment Methods Are Accepted?\"},{\"key\":\"answer\",\"value\":\"Fashion axe DIY jean shorts, swag kale chips meh polaroid kogi butcher Wes Anderson chambray next level semiotics gentrify yr. Voluptate photo booth fugiat Vice. Austin sed Williamsburg, ea labore raw denim voluptate cred proident mixtape excepteur mustache. Twee chia photo booth readymade food truck, hoodie roof party swag keytar PBR DIY.\"}],[{\"key\":\"question\",\"value\":\"Is Buying On-Line Safe?\"},{\"key\":\"answer\",\"value\":\"Art party authentic freegan semiotics jean shorts chia cred. Neutra Austin roof party Brooklyn, synth Thundercats swag 8-bit photo booth. Plaid letterpress leggings craft beer meh ethical Pinterest.\"}]]]',68,'Botble\\Ecommerce\\Models\\Product','2025-12-25 18:49:43','2025-12-25 18:49:43'),(130,'faq_schema_config','[[[{\"key\":\"question\",\"value\":\"What Shipping Methods Are Available?\"},{\"key\":\"answer\",\"value\":\"Ex Portland Pitchfork irure mustache. Eutra fap before they sold out literally. Aliquip ugh bicycle rights actually mlkshk, seitan squid craft beer tempor.\"}],[{\"key\":\"question\",\"value\":\"Do You Ship Internationally?\"},{\"key\":\"answer\",\"value\":\"Hoodie tote bag mixtape tofu. Typewriter jean shorts wolf quinoa, messenger bag organic freegan cray.\"}],[{\"key\":\"question\",\"value\":\"How Long Will It Take To Get My Package?\"},{\"key\":\"answer\",\"value\":\"Swag slow-carb quinoa VHS typewriter pork belly brunch, paleo single-origin coffee Wes Anderson. Flexitarian Pitchfork forage, literally paleo fap pour-over. Wes Anderson Pinterest YOLO fanny pack meggings, deep v XOXO chambray sustainable slow-carb raw denim church-key fap chillwave Etsy. +1 typewriter kitsch, American Apparel tofu Banksy Vice.\"}],[{\"key\":\"question\",\"value\":\"What Payment Methods Are Accepted?\"},{\"key\":\"answer\",\"value\":\"Fashion axe DIY jean shorts, swag kale chips meh polaroid kogi butcher Wes Anderson chambray next level semiotics gentrify yr. Voluptate photo booth fugiat Vice. Austin sed Williamsburg, ea labore raw denim voluptate cred proident mixtape excepteur mustache. Twee chia photo booth readymade food truck, hoodie roof party swag keytar PBR DIY.\"}],[{\"key\":\"question\",\"value\":\"Is Buying On-Line Safe?\"},{\"key\":\"answer\",\"value\":\"Art party authentic freegan semiotics jean shorts chia cred. Neutra Austin roof party Brooklyn, synth Thundercats swag 8-bit photo booth. Plaid letterpress leggings craft beer meh ethical Pinterest.\"}]]]',69,'Botble\\Ecommerce\\Models\\Product','2025-12-25 18:49:43','2025-12-25 18:49:43'),(131,'faq_schema_config','[[[{\"key\":\"question\",\"value\":\"What Shipping Methods Are Available?\"},{\"key\":\"answer\",\"value\":\"Ex Portland Pitchfork irure mustache. Eutra fap before they sold out literally. Aliquip ugh bicycle rights actually mlkshk, seitan squid craft beer tempor.\"}],[{\"key\":\"question\",\"value\":\"Do You Ship Internationally?\"},{\"key\":\"answer\",\"value\":\"Hoodie tote bag mixtape tofu. Typewriter jean shorts wolf quinoa, messenger bag organic freegan cray.\"}],[{\"key\":\"question\",\"value\":\"How Long Will It Take To Get My Package?\"},{\"key\":\"answer\",\"value\":\"Swag slow-carb quinoa VHS typewriter pork belly brunch, paleo single-origin coffee Wes Anderson. Flexitarian Pitchfork forage, literally paleo fap pour-over. Wes Anderson Pinterest YOLO fanny pack meggings, deep v XOXO chambray sustainable slow-carb raw denim church-key fap chillwave Etsy. +1 typewriter kitsch, American Apparel tofu Banksy Vice.\"}],[{\"key\":\"question\",\"value\":\"What Payment Methods Are Accepted?\"},{\"key\":\"answer\",\"value\":\"Fashion axe DIY jean shorts, swag kale chips meh polaroid kogi butcher Wes Anderson chambray next level semiotics gentrify yr. Voluptate photo booth fugiat Vice. Austin sed Williamsburg, ea labore raw denim voluptate cred proident mixtape excepteur mustache. Twee chia photo booth readymade food truck, hoodie roof party swag keytar PBR DIY.\"}],[{\"key\":\"question\",\"value\":\"Is Buying On-Line Safe?\"},{\"key\":\"answer\",\"value\":\"Art party authentic freegan semiotics jean shorts chia cred. Neutra Austin roof party Brooklyn, synth Thundercats swag 8-bit photo booth. Plaid letterpress leggings craft beer meh ethical Pinterest.\"}]]]',70,'Botble\\Ecommerce\\Models\\Product','2025-12-25 18:49:43','2025-12-25 18:49:43'),(132,'faq_schema_config','[[[{\"key\":\"question\",\"value\":\"What Shipping Methods Are Available?\"},{\"key\":\"answer\",\"value\":\"Ex Portland Pitchfork irure mustache. Eutra fap before they sold out literally. Aliquip ugh bicycle rights actually mlkshk, seitan squid craft beer tempor.\"}],[{\"key\":\"question\",\"value\":\"Do You Ship Internationally?\"},{\"key\":\"answer\",\"value\":\"Hoodie tote bag mixtape tofu. Typewriter jean shorts wolf quinoa, messenger bag organic freegan cray.\"}],[{\"key\":\"question\",\"value\":\"How Long Will It Take To Get My Package?\"},{\"key\":\"answer\",\"value\":\"Swag slow-carb quinoa VHS typewriter pork belly brunch, paleo single-origin coffee Wes Anderson. Flexitarian Pitchfork forage, literally paleo fap pour-over. Wes Anderson Pinterest YOLO fanny pack meggings, deep v XOXO chambray sustainable slow-carb raw denim church-key fap chillwave Etsy. +1 typewriter kitsch, American Apparel tofu Banksy Vice.\"}],[{\"key\":\"question\",\"value\":\"What Payment Methods Are Accepted?\"},{\"key\":\"answer\",\"value\":\"Fashion axe DIY jean shorts, swag kale chips meh polaroid kogi butcher Wes Anderson chambray next level semiotics gentrify yr. Voluptate photo booth fugiat Vice. Austin sed Williamsburg, ea labore raw denim voluptate cred proident mixtape excepteur mustache. Twee chia photo booth readymade food truck, hoodie roof party swag keytar PBR DIY.\"}],[{\"key\":\"question\",\"value\":\"Is Buying On-Line Safe?\"},{\"key\":\"answer\",\"value\":\"Art party authentic freegan semiotics jean shorts chia cred. Neutra Austin roof party Brooklyn, synth Thundercats swag 8-bit photo booth. Plaid letterpress leggings craft beer meh ethical Pinterest.\"}]]]',71,'Botble\\Ecommerce\\Models\\Product','2025-12-25 18:49:43','2025-12-25 18:49:43'),(133,'faq_schema_config','[[[{\"key\":\"question\",\"value\":\"What Shipping Methods Are Available?\"},{\"key\":\"answer\",\"value\":\"Ex Portland Pitchfork irure mustache. Eutra fap before they sold out literally. Aliquip ugh bicycle rights actually mlkshk, seitan squid craft beer tempor.\"}],[{\"key\":\"question\",\"value\":\"Do You Ship Internationally?\"},{\"key\":\"answer\",\"value\":\"Hoodie tote bag mixtape tofu. Typewriter jean shorts wolf quinoa, messenger bag organic freegan cray.\"}],[{\"key\":\"question\",\"value\":\"How Long Will It Take To Get My Package?\"},{\"key\":\"answer\",\"value\":\"Swag slow-carb quinoa VHS typewriter pork belly brunch, paleo single-origin coffee Wes Anderson. Flexitarian Pitchfork forage, literally paleo fap pour-over. Wes Anderson Pinterest YOLO fanny pack meggings, deep v XOXO chambray sustainable slow-carb raw denim church-key fap chillwave Etsy. +1 typewriter kitsch, American Apparel tofu Banksy Vice.\"}],[{\"key\":\"question\",\"value\":\"What Payment Methods Are Accepted?\"},{\"key\":\"answer\",\"value\":\"Fashion axe DIY jean shorts, swag kale chips meh polaroid kogi butcher Wes Anderson chambray next level semiotics gentrify yr. Voluptate photo booth fugiat Vice. Austin sed Williamsburg, ea labore raw denim voluptate cred proident mixtape excepteur mustache. Twee chia photo booth readymade food truck, hoodie roof party swag keytar PBR DIY.\"}],[{\"key\":\"question\",\"value\":\"Is Buying On-Line Safe?\"},{\"key\":\"answer\",\"value\":\"Art party authentic freegan semiotics jean shorts chia cred. Neutra Austin roof party Brooklyn, synth Thundercats swag 8-bit photo booth. Plaid letterpress leggings craft beer meh ethical Pinterest.\"}]]]',72,'Botble\\Ecommerce\\Models\\Product','2025-12-25 18:49:43','2025-12-25 18:49:43'),(134,'faq_schema_config','[[[{\"key\":\"question\",\"value\":\"What Shipping Methods Are Available?\"},{\"key\":\"answer\",\"value\":\"Ex Portland Pitchfork irure mustache. Eutra fap before they sold out literally. Aliquip ugh bicycle rights actually mlkshk, seitan squid craft beer tempor.\"}],[{\"key\":\"question\",\"value\":\"Do You Ship Internationally?\"},{\"key\":\"answer\",\"value\":\"Hoodie tote bag mixtape tofu. Typewriter jean shorts wolf quinoa, messenger bag organic freegan cray.\"}],[{\"key\":\"question\",\"value\":\"How Long Will It Take To Get My Package?\"},{\"key\":\"answer\",\"value\":\"Swag slow-carb quinoa VHS typewriter pork belly brunch, paleo single-origin coffee Wes Anderson. Flexitarian Pitchfork forage, literally paleo fap pour-over. Wes Anderson Pinterest YOLO fanny pack meggings, deep v XOXO chambray sustainable slow-carb raw denim church-key fap chillwave Etsy. +1 typewriter kitsch, American Apparel tofu Banksy Vice.\"}],[{\"key\":\"question\",\"value\":\"What Payment Methods Are Accepted?\"},{\"key\":\"answer\",\"value\":\"Fashion axe DIY jean shorts, swag kale chips meh polaroid kogi butcher Wes Anderson chambray next level semiotics gentrify yr. Voluptate photo booth fugiat Vice. Austin sed Williamsburg, ea labore raw denim voluptate cred proident mixtape excepteur mustache. Twee chia photo booth readymade food truck, hoodie roof party swag keytar PBR DIY.\"}],[{\"key\":\"question\",\"value\":\"Is Buying On-Line Safe?\"},{\"key\":\"answer\",\"value\":\"Art party authentic freegan semiotics jean shorts chia cred. Neutra Austin roof party Brooklyn, synth Thundercats swag 8-bit photo booth. Plaid letterpress leggings craft beer meh ethical Pinterest.\"}]]]',73,'Botble\\Ecommerce\\Models\\Product','2025-12-25 18:49:43','2025-12-25 18:49:43'),(135,'faq_schema_config','[[[{\"key\":\"question\",\"value\":\"What Shipping Methods Are Available?\"},{\"key\":\"answer\",\"value\":\"Ex Portland Pitchfork irure mustache. Eutra fap before they sold out literally. Aliquip ugh bicycle rights actually mlkshk, seitan squid craft beer tempor.\"}],[{\"key\":\"question\",\"value\":\"Do You Ship Internationally?\"},{\"key\":\"answer\",\"value\":\"Hoodie tote bag mixtape tofu. Typewriter jean shorts wolf quinoa, messenger bag organic freegan cray.\"}],[{\"key\":\"question\",\"value\":\"How Long Will It Take To Get My Package?\"},{\"key\":\"answer\",\"value\":\"Swag slow-carb quinoa VHS typewriter pork belly brunch, paleo single-origin coffee Wes Anderson. Flexitarian Pitchfork forage, literally paleo fap pour-over. Wes Anderson Pinterest YOLO fanny pack meggings, deep v XOXO chambray sustainable slow-carb raw denim church-key fap chillwave Etsy. +1 typewriter kitsch, American Apparel tofu Banksy Vice.\"}],[{\"key\":\"question\",\"value\":\"What Payment Methods Are Accepted?\"},{\"key\":\"answer\",\"value\":\"Fashion axe DIY jean shorts, swag kale chips meh polaroid kogi butcher Wes Anderson chambray next level semiotics gentrify yr. Voluptate photo booth fugiat Vice. Austin sed Williamsburg, ea labore raw denim voluptate cred proident mixtape excepteur mustache. Twee chia photo booth readymade food truck, hoodie roof party swag keytar PBR DIY.\"}],[{\"key\":\"question\",\"value\":\"Is Buying On-Line Safe?\"},{\"key\":\"answer\",\"value\":\"Art party authentic freegan semiotics jean shorts chia cred. Neutra Austin roof party Brooklyn, synth Thundercats swag 8-bit photo booth. Plaid letterpress leggings craft beer meh ethical Pinterest.\"}]]]',74,'Botble\\Ecommerce\\Models\\Product','2025-12-25 18:49:43','2025-12-25 18:49:43'),(136,'faq_schema_config','[[[{\"key\":\"question\",\"value\":\"What Shipping Methods Are Available?\"},{\"key\":\"answer\",\"value\":\"Ex Portland Pitchfork irure mustache. Eutra fap before they sold out literally. Aliquip ugh bicycle rights actually mlkshk, seitan squid craft beer tempor.\"}],[{\"key\":\"question\",\"value\":\"Do You Ship Internationally?\"},{\"key\":\"answer\",\"value\":\"Hoodie tote bag mixtape tofu. Typewriter jean shorts wolf quinoa, messenger bag organic freegan cray.\"}],[{\"key\":\"question\",\"value\":\"How Long Will It Take To Get My Package?\"},{\"key\":\"answer\",\"value\":\"Swag slow-carb quinoa VHS typewriter pork belly brunch, paleo single-origin coffee Wes Anderson. Flexitarian Pitchfork forage, literally paleo fap pour-over. Wes Anderson Pinterest YOLO fanny pack meggings, deep v XOXO chambray sustainable slow-carb raw denim church-key fap chillwave Etsy. +1 typewriter kitsch, American Apparel tofu Banksy Vice.\"}],[{\"key\":\"question\",\"value\":\"What Payment Methods Are Accepted?\"},{\"key\":\"answer\",\"value\":\"Fashion axe DIY jean shorts, swag kale chips meh polaroid kogi butcher Wes Anderson chambray next level semiotics gentrify yr. Voluptate photo booth fugiat Vice. Austin sed Williamsburg, ea labore raw denim voluptate cred proident mixtape excepteur mustache. Twee chia photo booth readymade food truck, hoodie roof party swag keytar PBR DIY.\"}],[{\"key\":\"question\",\"value\":\"Is Buying On-Line Safe?\"},{\"key\":\"answer\",\"value\":\"Art party authentic freegan semiotics jean shorts chia cred. Neutra Austin roof party Brooklyn, synth Thundercats swag 8-bit photo booth. Plaid letterpress leggings craft beer meh ethical Pinterest.\"}]]]',75,'Botble\\Ecommerce\\Models\\Product','2025-12-25 18:49:43','2025-12-25 18:49:43'),(137,'title','[\"Satisfied client testimonial\"]',1,'Botble\\Testimonial\\Models\\Testimonial','2025-12-25 18:50:00','2025-12-25 18:50:00'),(138,'star','[5]',1,'Botble\\Testimonial\\Models\\Testimonial','2025-12-25 18:50:00','2025-12-25 18:50:00'),(139,'title','[\"98% of residents recommend us\"]',2,'Botble\\Testimonial\\Models\\Testimonial','2025-12-25 18:50:00','2025-12-25 18:50:00'),(140,'star','[5]',2,'Botble\\Testimonial\\Models\\Testimonial','2025-12-25 18:50:00','2025-12-25 18:50:00'),(141,'title','[\"Our success stories\"]',3,'Botble\\Testimonial\\Models\\Testimonial','2025-12-25 18:50:00','2025-12-25 18:50:00'),(142,'star','[5]',3,'Botble\\Testimonial\\Models\\Testimonial','2025-12-25 18:50:00','2025-12-25 18:50:00'),(143,'title','[\"This is simply unbelievable\"]',4,'Botble\\Testimonial\\Models\\Testimonial','2025-12-25 18:50:00','2025-12-25 18:50:00'),(144,'star','[5]',4,'Botble\\Testimonial\\Models\\Testimonial','2025-12-25 18:50:00','2025-12-25 18:50:00');
/*!40000 ALTER TABLE `meta_boxes` ENABLE KEYS */;
UNLOCK TABLES;

--
-- Table structure for table `migrations`
--

DROP TABLE IF EXISTS `migrations`;
/*!40101 SET @saved_cs_client     = @@character_set_client */;
/*!50503 SET character_set_client = utf8mb4 */;
CREATE TABLE `migrations` (
  `id` int unsigned NOT NULL AUTO_INCREMENT,
  `migration` varchar(191) COLLATE utf8mb4_unicode_ci NOT NULL,
  `batch` int NOT NULL,
  PRIMARY KEY (`id`)
) ENGINE=InnoDB AUTO_INCREMENT=281 DEFAULT CHARSET=utf8mb4 COLLATE=utf8mb4_unicode_ci;
/*!40101 SET character_set_client = @saved_cs_client */;

--
-- Dumping data for table `migrations`
--

LOCK TABLES `migrations` WRITE;
/*!40000 ALTER TABLE `migrations` DISABLE KEYS */;
INSERT INTO `migrations` VALUES (1,'0001_01_01_000001_create_cache_table',1),(2,'2013_04_09_032329_create_base_tables',1),(3,'2013_04_09_062329_create_revisions_table',1),(4,'2014_10_12_000000_create_users_table',1),(5,'2014_10_12_100000_create_password_reset_tokens_table',1),(6,'2016_06_10_230148_create_acl_tables',1),(7,'2016_06_14_230857_create_menus_table',1),(8,'2016_06_28_221418_create_pages_table',1),(9,'2016_10_05_074239_create_setting_table',1),(10,'2016_11_28_032840_create_dashboard_widget_tables',1),(11,'2016_12_16_084601_create_widgets_table',1),(12,'2017_05_09_070343_create_media_tables',1),(13,'2017_11_03_070450_create_slug_table',1),(14,'2019_01_05_053554_create_jobs_table',1),(15,'2019_08_19_000000_create_failed_jobs_table',1),(16,'2019_12_14_000001_create_personal_access_tokens_table',1),(17,'2022_04_20_100851_add_index_to_media_table',1),(18,'2022_04_20_101046_add_index_to_menu_table',1),(19,'2022_07_10_034813_move_lang_folder_to_root',1),(20,'2022_08_04_051940_add_missing_column_expires_at',1),(21,'2022_09_01_000001_create_admin_notifications_tables',1),(22,'2022_10_14_024629_drop_column_is_featured',1),(23,'2022_11_18_063357_add_missing_timestamp_in_table_settings',1),(24,'2022_12_02_093615_update_slug_index_columns',1),(25,'2023_01_30_024431_add_alt_to_media_table',1),(26,'2023_02_16_042611_drop_table_password_resets',1),(27,'2023_04_23_005903_add_column_permissions_to_admin_notifications',1),(28,'2023_05_10_075124_drop_column_id_in_role_users_table',1),(29,'2023_08_21_090810_make_page_content_nullable',1),(30,'2023_08_26_080444_fix_missing_copyright_widget',1),(31,'2023_09_07_025340_activate_mollie_and_sale_popup_plugin',1),(32,'2023_09_14_021936_update_index_for_slugs_table',1),(33,'2023_10_27_023808_update_page_metabox',1),(34,'2023_11_22_071805_migrate_header_messages_to_announcements_table',1),(35,'2023_12_07_095130_add_color_column_to_media_folders_table',1),(36,'2023_12_17_162208_make_sure_column_color_in_media_folders_nullable',1),(37,'2024_03_25_000000_migrate_rename_shortcode_contact_box_to_contact_form',1),(38,'2024_04_04_110758_update_value_column_in_user_meta_table',1),(39,'2024_05_12_091229_add_column_visibility_to_table_media_files',1),(40,'2024_07_07_091316_fix_column_url_in_menu_nodes_table',1),(41,'2024_07_12_100000_change_random_hash_for_media',1),(42,'2024_09_30_024515_create_sessions_table',1),(43,'2024_12_01_000000_add_indexes_to_pages_translations_table',1),(44,'2024_12_01_000000_add_key_prefix_index_to_slugs_table',1),(45,'2024_12_19_000001_create_device_tokens_table',1),(46,'2024_12_19_000002_create_push_notifications_table',1),(47,'2024_12_19_000003_create_push_notification_recipients_table',1),(48,'2024_12_30_000001_create_user_settings_table',1),(49,'2025_07_06_030754_add_phone_to_users_table',1),(50,'2025_07_31_add_performance_indexes_to_slugs_table',1),(51,'2025_11_10_000000_cleanup_duplicate_widgets',1),(52,'2025_11_30_100000_add_sessions_invalidated_at_to_users_table',1),(53,'2020_11_18_150916_ads_create_ads_table',2),(54,'2021_12_02_035301_add_ads_translations_table',2),(55,'2023_04_17_062645_add_open_in_new_tab',2),(56,'2023_11_07_023805_add_tablet_mobile_image',2),(57,'2024_04_01_043317_add_google_adsense_slot_id_to_ads_table',2),(58,'2025_04_21_000000_add_tablet_mobile_image_to_ads_translations_table',2),(59,'2024_04_27_100730_improve_analytics_setting',3),(60,'2023_08_11_060908_create_announcements_table',4),(61,'2025_02_11_153025_add_action_label_to_announcement_translations',4),(62,'2015_06_29_025744_create_audit_history',5),(63,'2023_11_14_033417_change_request_column_in_table_audit_histories',5),(64,'2025_05_05_000001_add_user_type_to_audit_histories_table',5),(65,'2025_11_07_000001_add_actor_type_to_audit_histories_table',5),(66,'2015_06_18_033822_create_blog_table',6),(67,'2021_02_16_092633_remove_default_value_for_author_type',6),(68,'2021_12_03_030600_create_blog_translations',6),(69,'2022_04_19_113923_add_index_to_table_posts',6),(70,'2023_08_29_074620_make_column_author_id_nullable',6),(71,'2024_07_30_091615_fix_order_column_in_categories_table',6),(72,'2024_12_01_000000_add_indexes_to_blog_translations_tables',6),(73,'2025_01_06_033807_add_default_value_for_categories_author_type',6),(74,'2016_06_17_091537_create_contacts_table',7),(75,'2023_11_10_080225_migrate_contact_blacklist_email_domains_to_core',7),(76,'2024_03_20_080001_migrate_change_attribute_email_to_nullable_form_contacts_table',7),(77,'2024_03_25_000001_update_captcha_settings_for_contact',7),(78,'2024_04_19_063914_create_custom_fields_table',7),(79,'2024_12_01_000000_add_indexes_to_contact_translations_tables',7),(80,'2020_03_05_041139_create_ecommerce_tables',8),(81,'2021_01_01_044147_ecommerce_create_flash_sale_table',8),(82,'2021_01_17_082713_add_column_is_featured_to_product_collections_table',8),(83,'2021_01_18_024333_add_zip_code_into_table_customer_addresses',8),(84,'2021_02_18_073505_update_table_ec_reviews',8),(85,'2021_03_10_024419_add_column_confirmed_at_to_table_ec_customers',8),(86,'2021_03_10_025153_change_column_tax_amount',8),(87,'2021_03_20_033103_add_column_availability_to_table_ec_products',8),(88,'2021_04_28_074008_ecommerce_create_product_label_table',8),(89,'2021_05_31_173037_ecommerce_create_ec_products_translations',8),(90,'2021_08_17_105016_remove_column_currency_id_in_some_tables',8),(91,'2021_08_30_142128_add_images_column_to_ec_reviews_table',8),(92,'2021_10_04_030050_add_column_created_by_to_table_ec_products',8),(93,'2021_10_05_122616_add_status_column_to_ec_customers_table',8),(94,'2021_11_03_025806_nullable_phone_number_in_ec_customer_addresses',8),(95,'2021_11_23_071403_correct_languages_for_product_variations',8),(96,'2021_11_28_031808_add_product_tags_translations',8),(97,'2021_12_01_031123_add_featured_image_to_ec_products',8),(98,'2022_01_01_033107_update_table_ec_shipments',8),(99,'2022_02_16_042457_improve_product_attribute_sets',8),(100,'2022_03_22_075758_correct_product_name',8),(101,'2022_04_19_113334_add_index_to_ec_products',8),(102,'2022_04_28_144405_remove_unused_table',8),(103,'2022_05_05_115015_create_ec_customer_recently_viewed_products_table',8),(104,'2022_05_18_143720_add_index_to_table_ec_product_categories',8),(105,'2022_06_16_095633_add_index_to_some_tables',8),(106,'2022_06_30_035148_create_order_referrals_table',8),(107,'2022_07_24_153815_add_completed_at_to_ec_orders_table',8),(108,'2022_08_14_032836_create_ec_order_returns_table',8),(109,'2022_08_14_033554_create_ec_order_return_items_table',8),(110,'2022_08_15_040324_add_billing_address',8),(111,'2022_08_30_091114_support_digital_products_table',8),(112,'2022_09_13_095744_create_options_table',8),(113,'2022_09_13_104347_create_option_value_table',8),(114,'2022_10_05_163518_alter_table_ec_order_product',8),(115,'2022_10_12_041517_create_invoices_table',8),(116,'2022_10_12_142226_update_orders_table',8),(117,'2022_10_13_024916_update_table_order_returns',8),(118,'2022_10_21_030830_update_columns_in_ec_shipments_table',8),(119,'2022_10_28_021046_update_columns_in_ec_shipments_table',8),(120,'2022_11_16_034522_update_type_column_in_ec_shipping_rules_table',8),(121,'2022_11_19_041643_add_ec_tax_product_table',8),(122,'2022_12_12_063830_update_tax_defadult_in_ec_tax_products_table',8),(123,'2022_12_17_041532_fix_address_in_order_invoice',8),(124,'2022_12_26_070329_create_ec_product_views_table',8),(125,'2023_01_04_033051_fix_product_categories',8),(126,'2023_01_09_050400_add_ec_global_options_translations_table',8),(127,'2023_01_10_093754_add_missing_option_value_id',8),(128,'2023_01_17_082713_add_column_barcode_and_cost_per_item_to_product_table',8),(129,'2023_01_26_021854_add_ec_customer_used_coupons_table',8),(130,'2023_02_08_015900_update_options_column_in_ec_order_product_table',8),(131,'2023_02_27_095752_remove_duplicate_reviews',8),(132,'2023_03_20_115757_add_user_type_column_to_ec_shipment_histories_table',8),(133,'2023_04_21_082427_create_ec_product_categorizables_table',8),(134,'2023_05_03_011331_add_missing_column_price_into_invoice_items_table',8),(135,'2023_05_17_025812_fix_invoice_issue',8),(136,'2023_05_26_073140_move_option_make_phone_field_optional_at_checkout_page_to_mandatory_fields',8),(137,'2023_05_27_144611_fix_exchange_rate_setting',8),(138,'2023_06_22_084331_add_generate_license_code_to_ec_products_table',8),(139,'2023_06_30_042512_create_ec_order_tax_information_table',8),(140,'2023_07_14_022724_remove_column_id_from_ec_product_collection_products',8),(141,'2023_08_09_012940_remove_column_status_in_ec_product_attributes',8),(142,'2023_08_15_064505_create_ec_tax_rules_table',8),(143,'2023_08_21_021819_make_column_address_in_ec_customer_addresses_nullable',8),(144,'2023_08_22_094114_drop_unique_for_barcode',8),(145,'2023_08_30_031811_add_apply_via_url_column_to_ec_discounts_table',8),(146,'2023_09_07_094312_add_index_to_product_sku_and_translations',8),(147,'2023_09_19_024955_create_discount_product_categories_table',8),(148,'2023_10_17_070728_add_icon_and_icon_image_to_product_categories_table',8),(149,'2023_11_22_154643_add_unique_in_table_ec_products_variations',8),(150,'2023_11_27_032313_add_price_columns_to_ec_product_cross_sale_relations_table',8),(151,'2023_12_06_023945_add_display_on_checkout_column_to_ec_discounts_table',8),(152,'2023_12_25_040604_ec_create_review_replies_table',8),(153,'2023_12_26_090340_add_private_notes_column_to_ec_customers_table',8),(154,'2024_01_16_070706_fix_translation_tables',8),(155,'2024_01_23_075227_add_proof_file_to_ec_orders_table',8),(156,'2024_03_26_041531_add_cancel_reason_to_ec_orders_table',8),(157,'2024_03_27_062402_create_ec_customer_deletion_requests_table',8),(158,'2024_03_29_042242_migrate_old_captcha_settings',8),(159,'2024_03_29_093946_create_ec_order_return_histories_table',8),(160,'2024_04_01_063523_add_customer_columns_to_ec_reviews_table',8),(161,'2024_04_15_092654_migrate_ecommerce_google_tag_manager_code_setting',8),(162,'2024_04_16_035713_add_min_max_order_quantity_columns_to_products_table',8),(163,'2024_05_07_073153_improve_table_wishlist',8),(164,'2024_05_07_093703_add_missing_zip_code_into_table_store_locators',8),(165,'2024_05_15_021503_fix_invoice_path',8),(166,'2024_06_20_160724_create_ec_shared_wishlists_table',8),(167,'2024_06_28_025104_add_notify_attachment_updated_column_to_ec_products_table',8),(168,'2024_07_03_030900_add_downloaded_at_column_to_ec_order_product_table',8),(169,'2024_07_14_071826_make_customer_email_nullable',8),(170,'2024_07_15_104916_add_video_media_column_to_ec_products_table',8),(171,'2024_07_26_052530_add_percentage_to_tax_rules_table',8),(172,'2024_08_14_123028_add_customer_delivered_confirmed_at_column_to_ec_shipments_table',8),(173,'2024_08_19_132849_create_specification_tables',8),(174,'2024_09_07_060744_add_author_column_to_specification_tables',8),(175,'2024_09_14_064023_add_can_use_with_flash_sale_column_to_ec_discounts_table',8),(176,'2024_09_25_073928_remove_wrong_product_slugs',8),(177,'2024_12_01_000000_add_indexes_to_ecommerce_translations_tables',8),(178,'2025_01_10_000000_fix_order_invoice_rounding_issues',8),(179,'2025_01_15_050230_migrate_old_theme_options',8),(180,'2025_01_15_optimize_products_export_index',8),(181,'2025_01_17_082713_correct_column_barcode_and_cost_per_item_to_product_table',8),(182,'2025_01_24_044641_migrate_old_country_data',8),(183,'2025_01_28_233602_add_private_notes_into_ec_orders_table',8),(184,'2025_02_13_021247_add_tax_translations',8),(185,'2025_02_24_152621_add_text_color_to_product_labels_table',8),(186,'2025_04_12_000001_add_payment_fee_to_ec_orders_table',8),(187,'2025_04_12_000002_add_payment_fee_to_ec_invoices_table',8),(188,'2025_05_05_092036_make_user_id_and_tax_amount_nullable',8),(189,'2025_05_15_082342_drop_email_unique_index_in_ec_customers_table',8),(190,'2025_06_07_081731_add_translations_for_specification_groups_and_tables',8),(191,'2025_06_17_091813_increase_note_in_shipments_table',8),(192,'2025_06_24_000001_create_ec_product_license_codes_table',8),(193,'2025_06_24_080427_add_license_code_type_to_products_table',8),(194,'2025_07_06_062402_create_ec_customer_deletion_requests_table',8),(195,'2025_07_07_161729_change_license_code_to_text_in_ec_product_license_codes_table',8),(196,'2025_07_08_162756_increase_license_code_column_size_in_ec_order_product_table',8),(197,'2025_07_09_000001_add_customer_address_fields_to_ec_invoices_table',8),(198,'2025_07_15_090809_create_ec_abandoned_carts_table',8),(199,'2025_07_24_120510_increase_barcode_column_length_in_ec_products_table',8),(200,'2025_07_31_133600_add_performance_indexes_to_ec_product_categories_table',8),(201,'2025_08_01_161205_optimize_product_variation_query_indexes',8),(202,'2025_08_08_145059_correct_tax_amount_in_order_and_invoice_tables',8),(203,'2025_09_05_025247_create_ec_product_specification_attribute_translations_table',8),(204,'2025_09_08_025516_add_variations_count_to_ec_products_table',8),(205,'2025_09_08_080248_add_slug_column_to_ec_product_categories_table',8),(206,'2025_09_08_080330_add_slug_column_to_ec_product_categories_translations_table',8),(207,'2025_09_08_080443_populate_slug_column_for_product_categories',8),(208,'2025_09_08_081216_add_slug_column_to_ec_products_table',8),(209,'2025_09_08_081237_add_slug_column_to_ec_products_translations_table',8),(210,'2025_09_08_081321_populate_slug_column_for_products',8),(211,'2025_09_10_073321_add_performance_indexes_to_ecommerce_tables',8),(212,'2025_09_18_093922_fix_tax_rounding_in_order_products_and_invoices',8),(213,'2025_09_21_030756_add_reviews_cache_to_ec_products_table',8),(214,'2025_09_30_090432_add_performance_indexes_to_ec_product_categories_table',8),(215,'2025_10_10_090331_add_number_format_style_to_ec_currencies_table',8),(216,'2025_10_10_092235_add_space_between_price_and_currency_to_ec_currencies_table',8),(217,'2025_10_11_074318_add_price_includes_tax_to_ec_products_table',8),(218,'2025_10_13_043527_generate_slugs_for_product_collections',8),(219,'2025_10_22_020518_add_verification_code_to_ec_customer_deletion_requests_table',8),(220,'2025_10_22_090000_remove_duplicate_order_addresses',8),(221,'2025_10_28_133220_add_unique_order_id_to_shipments_table',8),(222,'2025_10_28_134738_fix_order_payment_shipment_discount_data_issues',8),(223,'2025_11_05_032148_add_performance_indexes_to_ecommerce_tables',8),(224,'2025_11_10_100000_create_ec_order_metadata_table',8),(225,'2025_11_12_100000_improve_ec_customer_recently_viewed_products_table',8),(226,'2025_11_18_214150_add_covering_indexes_to_product_relation_tables',8),(227,'2025_12_02_045049_add_index_to_product_labels_table',8),(228,'2025_12_12_150000_add_sequence_columns_to_abandoned_carts',8),(229,'2025_12_16_160000_add_is_new_until_to_ec_products_table',8),(230,'2018_07_09_221238_create_faq_table',9),(231,'2021_12_03_082134_create_faq_translations',9),(232,'2023_11_17_063408_add_description_column_to_faq_categories_table',9),(233,'2024_12_01_000000_add_indexes_to_faq_translations_tables',9),(234,'2016_10_13_150201_create_galleries_table',10),(235,'2021_12_03_082953_create_gallery_translations',10),(236,'2022_04_30_034048_create_gallery_meta_translations_table',10),(237,'2023_08_29_075308_make_column_user_id_nullable',10),(238,'2024_12_01_000000_add_indexes_to_gallery_translations_tables',10),(239,'2016_10_03_032336_create_languages_table',11),(240,'2023_09_14_022423_add_index_for_language_table',11),(241,'2021_10_25_021023_fix-priority-load-for-language-advanced',12),(242,'2021_12_03_075608_create_page_translations',12),(243,'2023_07_06_011444_create_slug_translations_table',12),(244,'2024_12_01_000000_add_indexes_to_slugs_translations_table',12),(245,'2019_11_18_061011_create_country_table',13),(246,'2021_12_03_084118_create_location_translations',13),(247,'2021_12_03_094518_migrate_old_location_data',13),(248,'2021_12_10_034440_switch_plugin_location_to_use_language_advanced',13),(249,'2022_01_16_085908_improve_plugin_location',13),(250,'2022_08_04_052122_delete_location_backup_tables',13),(251,'2023_04_23_061847_increase_state_translations_abbreviation_column',13),(252,'2023_07_26_041451_add_more_columns_to_location_table',13),(253,'2023_07_27_041451_add_more_columns_to_location_translation_table',13),(254,'2023_08_15_073307_drop_unique_in_states_cities_translations',13),(255,'2023_10_21_065016_make_state_id_in_table_cities_nullable',13),(256,'2024_08_17_094600_add_image_into_countries',13),(257,'2025_01_08_093652_add_zip_code_to_cities',13),(258,'2025_07_31_083459_add_indexes_for_location_search_performance',13),(259,'2017_10_24_154832_create_newsletter_table',14),(260,'2024_03_25_000001_update_captcha_settings_for_newsletter',14),(261,'2017_05_18_080441_create_payment_tables',15),(262,'2021_03_27_144913_add_customer_type_into_table_payments',15),(263,'2021_05_24_034720_make_column_currency_nullable',15),(264,'2021_08_09_161302_add_metadata_column_to_payments_table',15),(265,'2021_10_19_020859_update_metadata_field',15),(266,'2022_06_28_151901_activate_paypal_stripe_plugin',15),(267,'2022_07_07_153354_update_charge_id_in_table_payments',15),(268,'2024_07_04_083133_create_payment_logs_table',15),(269,'2025_04_12_000003_add_payment_fee_to_payments_table',15),(270,'2025_05_22_000001_add_payment_fee_type_to_settings_table',15),(271,'2017_07_11_140018_create_simple_slider_table',16),(272,'2025_04_08_040931_create_social_logins_table',17),(273,'2022_11_02_092723_team_create_team_table',18),(274,'2023_08_11_094574_update_team_table',18),(275,'2023_11_30_085354_add_missing_description_to_team',18),(276,'2024_10_02_030027_add_more_columns_to_teams_translations_table',18),(277,'2018_07_09_214610_create_testimonial_table',19),(278,'2021_12_03_083642_create_testimonials_translations',19),(279,'2016_10_07_193005_create_translations_table',20),(280,'2023_12_12_105220_drop_translations_table',20);
/*!40000 ALTER TABLE `migrations` ENABLE KEYS */;
UNLOCK TABLES;

--
-- Table structure for table `newsletters`
--

DROP TABLE IF EXISTS `newsletters`;
/*!40101 SET @saved_cs_client     = @@character_set_client */;
/*!50503 SET character_set_client = utf8mb4 */;
CREATE TABLE `newsletters` (
  `id` bigint unsigned NOT NULL AUTO_INCREMENT,
  `email` varchar(120) COLLATE utf8mb4_unicode_ci NOT NULL,
  `name` varchar(120) COLLATE utf8mb4_unicode_ci DEFAULT NULL,
  `status` varchar(60) COLLATE utf8mb4_unicode_ci NOT NULL DEFAULT 'subscribed',
  `created_at` timestamp NULL DEFAULT NULL,
  `updated_at` timestamp NULL DEFAULT NULL,
  PRIMARY KEY (`id`)
) ENGINE=InnoDB DEFAULT CHARSET=utf8mb4 COLLATE=utf8mb4_unicode_ci;
/*!40101 SET character_set_client = @saved_cs_client */;

--
-- Dumping data for table `newsletters`
--

LOCK TABLES `newsletters` WRITE;
/*!40000 ALTER TABLE `newsletters` DISABLE KEYS */;
/*!40000 ALTER TABLE `newsletters` ENABLE KEYS */;
UNLOCK TABLES;

--
-- Table structure for table `pages`
--

DROP TABLE IF EXISTS `pages`;
/*!40101 SET @saved_cs_client     = @@character_set_client */;
/*!50503 SET character_set_client = utf8mb4 */;
CREATE TABLE `pages` (
  `id` bigint unsigned NOT NULL AUTO_INCREMENT,
  `name` varchar(120) COLLATE utf8mb4_unicode_ci NOT NULL,
  `content` longtext COLLATE utf8mb4_unicode_ci,
  `user_id` bigint unsigned DEFAULT NULL,
  `image` varchar(191) COLLATE utf8mb4_unicode_ci DEFAULT NULL,
  `template` varchar(60) COLLATE utf8mb4_unicode_ci DEFAULT NULL,
  `description` varchar(400) COLLATE utf8mb4_unicode_ci DEFAULT NULL,
  `status` varchar(60) COLLATE utf8mb4_unicode_ci NOT NULL DEFAULT 'published',
  `created_at` timestamp NULL DEFAULT NULL,
  `updated_at` timestamp NULL DEFAULT NULL,
  PRIMARY KEY (`id`),
  KEY `pages_user_id_index` (`user_id`)
) ENGINE=InnoDB AUTO_INCREMENT=12 DEFAULT CHARSET=utf8mb4 COLLATE=utf8mb4_unicode_ci;
/*!40101 SET character_set_client = @saved_cs_client */;

--
-- Dumping data for table `pages`
--

LOCK TABLES `pages` WRITE;
/*!40000 ALTER TABLE `pages` DISABLE KEYS */;
INSERT INTO `pages` VALUES (1,'Wooden Home','[simple-slider key=\"slider-home-1\" style=\"wooden\" ads_1=\"IYHICPADQD5X\" ads_2=\"R4YAV9FECJUS\"][/simple-slider][product-categories title=&quot;Top &lt;span&gt;Categories&lt;/span&gt;&quot; category_ids=&quot;10,11,12,13,14,15&quot; style=&quot;wooden&quot; enable_lazy_loading=&quot;yes&quot;][/product-categories][products style=&quot;wooden&quot; title=&quot;Popular &lt;span&gt;Products&lt;/span&gt;&quot; limit=&quot;10&quot; enable_lazy_loading=&quot;yes&quot;][/products][deal-product flash_sale_id=\"1\" style=\"wooden\" enable_lazy_loading=\"yes\"][/deal-product][gallery title=\"ninico-shop\" limit=\"6\" subtitle=\"Follow On\" enable_lazy_loading=\"yes\"][/gallery]',1,NULL,'full-width',NULL,'published','2025-12-25 18:49:29','2025-12-25 18:49:29'),(2,'Fashion Home','[simple-slider key=\"slider-home-2\" style=\"fashion\"][/simple-slider][product-categories title=&quot;Top &lt;span&gt;Categories&lt;/span&gt;&quot; category_ids=&quot;1,2,3,4&quot; style=&quot;fashion&quot; enable_lazy_loading=&quot;yes&quot;][/product-categories][products style=&quot;fashion&quot; title=&quot;Popular &lt;span&gt;Products&lt;/span&gt;&quot; limit=&quot;10&quot; enable_lazy_loading=&quot;yes&quot;][/products][theme-ads key_1=\"QPTCBJBOJOSY\" key_2=\"T2VFLDYYIJEH\" enable_lazy_loading=\"yes\"][/theme-ads][featured-posts title=\"Popular Posts\" limit=\"4\" enable_lazy_loading=\"yes\"][/featured-posts][brands title=\"Happy Sponsors\" quantity=\"6\" name_1=\"Bustle\" image_1=\"brands/brand-01.png\" link_1=\"#\" name_2=\"Bazaar\" image_2=\"brands/brand-02.png\" link_2=\"#\" name_3=\"goop\" image_3=\"brands/brand-03.png\" link_3=\"#\" name_4=\"Brit + Co\" image_4=\"brands/brand-04.png\" link_4=\"#\" name_5=\"The Coveteur\" image_5=\"brands/brand-05.png\" link_5=\"#\" name_6=\"allure\" image_6=\"brands/brand-06.png\" link_6=\"#\" enable_lazy_loading=\"yes\"][/brands]',1,NULL,'full-width',NULL,'published','2025-12-25 18:49:29','2025-12-25 18:49:29'),(3,'Furniture Home','[simple-slider key=\"slider-furniture\" style=\"furniture\"][/simple-slider][services quantity=\"4\" title_1=\"Free shipping\" description_1=\"Free shipping on orders over.\" image_1=\"icons/box.png\" title_2=\"Free Returns\" description_2=\"30-days free return policy\" image_2=\"icons/car.png\" title_3=\"Secured Payments\" description_3=\"We accept all major credit cards\" image_3=\"icons/payment.png\" title_4=\"Customer Service\" description_4=\"Top notch customer service\" image_4=\"icons/hours.png\" enable_lazy_loading=\"yes\"][/services][products style=&quot;wooden&quot; title=&quot;Popular &lt;span&gt;Products&lt;/span&gt;&quot; limit=&quot;10&quot; enable_lazy_loading=&quot;yes&quot;][/products][theme-ads style=\"furniture\" key_1=\"JO7LLJHFH1RO\" key_2=\"L8GDJUBVD2TQ\" key_3=\"PXJPAXLOCVRS\" enable_lazy_loading=\"yes\"][/theme-ads][deal-product flash_sale_id=\"1\" enable_lazy_loading=\"yes\"][/deal-product][products-slide title=\"Top Sell In Month\" limit=\"5\" type=\"trending\" enable_lazy_loading=\"yes\"][/products-slide][brands title=\"Happy Sponsors\" background_color=\"#040404\" quantity=\"6\" name_1=\"Bustle\" image_1=\"brands/brand-w-01.png\" link_1=\"https://www.bustle.com\" name_2=\"Bazaar\" image_2=\"brands/brand-w-02.png\" link_2=\"https://www.harpersbazaar.com\" name_3=\"Goop\" image_3=\"brands/brand-w-03.png\" link_3=\"https://goop.com/\" name_4=\"Brit + Co\" image_4=\"brands/brand-w-04.png\" link_4=\"https://www.brit.co\" name_5=\"The Couture Club\" image_5=\"brands/brand-w-05.png\" link_5=\"https://www.thecoutureclub.com\" name_6=\"Allure\" image_6=\"brands/brand-w-06.png\" link_6=\"https://www.allure.com\" enable_lazy_loading=\"yes\"][/brands][featured-posts title=\"Blog & Insights\" limit=\"4\" type=\"popular\" url=\"/blog\" enable_lazy_loading=\"yes\"][/featured-posts]',1,NULL,'full-width',NULL,'published','2025-12-25 18:49:29','2025-12-25 18:49:29'),(4,'Cosmetics Home','[simple-slider key=\"slider-cosmetics\" style=\"cosmetics\"][/simple-slider][brands background_color=\"#F7EFEC\" quantity=\"6\" name_1=\"Bustle\" image_1=\"brands/pla-brand-01.png\" link_1=\"https://www.bustle.com\" name_2=\"Bazaar\" image_2=\"brands/pla-brand-02.png\" link_2=\"https://www.harpersbazaar.com\" name_3=\"Goop\" image_3=\"brands/pla-brand-03.png\" link_3=\"https://goop.com/\" name_4=\"Brit + Co\" image_4=\"brands/pla-brand-04.png\" link_4=\"https://www.brit.co\" name_5=\"The Couture Club\" image_5=\"brands/pla-brand-05.png\" link_5=\"https://www.thecoutureclub.com\" name_6=\"Allure\" image_6=\"brands/pla-brand-06.png\" link_6=\"https://www.allure.com\" enable_lazy_loading=\"yes\"][/brands][product-collections collection_ids=\"4,5,6,7\" enable_lazy_loading=\"yes\"][/product-collections][products style=&quot;wooden&quot; title=&quot;Popular &lt;span&gt;Products&lt;/span&gt;&quot; limit=&quot;4&quot; enable_lazy_loading=&quot;yes&quot;][/products][product-categories category_ids=\"10,11,12,13,14,15\" style=\"cosmetics\" enable_lazy_loading=\"yes\"][/product-categories][deal-product flash_sale_id=\"1\" style=\"cosmetics\" marque_text=\"Great Deal Of The Day Shop Now\" marque_highlight_text=\"Shop Now\" marque_highlight_url=\"/products\" highlight_background=\"blog/9.jpg\" enable_lazy_loading=\"yes\"][/deal-product][testimonials title=\"User Feedbacks\" limit=\"3\" enable_lazy_loading=\"yes\"][/testimonials][featured-posts title=\"Blog & Insights\" limit=\"4\" type=\"popular\" url=\"/blog\" enable_lazy_loading=\"yes\"][/featured-posts]',1,NULL,'full-width',NULL,'published','2025-12-25 18:49:29','2025-12-25 18:49:29'),(5,'Food Grocery Home','[simple-slider key=\"slider-grocery\" style=\"grocery\" ads_1=\"EMRCINED6AX9\" ads_2=\"JVMDAIB9HO2I\" background_image=\"banners/banner-bg-05.jpg\"][/simple-slider][services quantity=\"4\" title_1=\"Free shipping\" description_1=\"Free shipping on orders over.\" image_1=\"icons/box.png\" title_2=\"Free Returns\" description_2=\"30-days free return policy\" image_2=\"icons/car.png\" title_3=\"Secured Payments\" description_3=\"We accept all major credit cards\" image_3=\"icons/payment.png\" title_4=\"Customer Service\" description_4=\"Top notch customer service\" image_4=\"icons/hours.png\" enable_lazy_loading=\"yes\"][/services][products style=&quot;wooden&quot; title=&quot;Popular &lt;span&gt;Products&lt;/span&gt;&quot; limit=&quot;10&quot; enable_lazy_loading=&quot;yes&quot;][/products][deal-product flash_sale_id=\"1\" style=\"cosmetics\" enable_lazy_loading=\"yes\"][/deal-product][products-by-categories category_ids=\"2,3,6,11\" number_of_products=\"4\" enable_lazy_loading=\"yes\"][/products-by-categories][testimonials title=\"User Feedbacks\" limit=\"3\" background_color=\"#F7EFEC\" card_color=\"#FFFFFF\" enable_lazy_loading=\"yes\"][/testimonials][featured-posts title=\"Blog & Insights\" limit=\"4\" url=\"/blog\" enable_lazy_loading=\"yes\"][/featured-posts]',1,NULL,'full-width',NULL,'published','2025-12-25 18:49:29','2025-12-25 18:49:29'),(6,'Blog',NULL,1,NULL,NULL,NULL,'published','2025-12-25 18:49:29','2025-12-25 18:49:29'),(7,'About','[about image_1=\"banners/about-img-1.jpg\" image_2=\"banners/about-img-2.jpg\" logo=\"banners/about-img-3.png\" title=\"About Our Story\" subtitle=\"About Us\" story_text_1=\"Publish your eCommerce site quickly with our easy-to-use store builder— no coding required. Migrate your items from your point of sale system or turn your Instagram feed into a shopping site and start selling fast. Square Online works for all kinds of businesses—retail, restaurants, services without costly customization or add ons. Get orders to your customers in lots of ways by offering shipping, pickup, delivery, and even QR code ordering.\" story_text_2=\"Expand your reach and sell more using seamless integrations with Google, Instagram, Facebook, and more. Built- in SEO tools make it easy for shoppers to find your business on search engines. Get access to the entire suite of integrated Square solutions to help you run your business. Integration between Square Online and all Square point of sale systems makes inventory management easy. Subscribe to Square Marketing and easily send email promotions to your customers using the contact information.\" list_item_1=\"Orders go right to your restaurant point of sale, KDS, and kitchen\" list_item_url_1=\"#\" list_item_2=\"Provide in-person pickup, & delivery by professional couriers\" list_item_url_2=\"#\" list_item_3=\"Offer in-person diners self-serve, contactless ordering via QR codes.\" list_item_url_3=\"#\" enable_lazy_loading=\"yes\"][/about][team title=\"Meet With Team\" subtitle=\"Team\" team_ids=\"1,2,3,4\"][/team][features quantity=\"2\" title_1=\"Solutions that work together\" subtitle_1=\"Features #01\" description_1=\"Publish your eCommerce site quickly with our easy-to-use store builder— no coding required. Migrate your items from your point of sale system or turn your Instagram feed into a shopping site and start selling fast. Square Online works for all kinds of businesses—retail, restaurants, services.\" image_1=\"banners/about-banner-1.jpg\" button_label_1=\"Get In Touch\" button_url_1=\"#\" title_2=\"All kinds of payments securely\" subtitle_2=\"Features #02\" description_2=\"Publish your eCommerce site quickly with our easy-to-use store builder— no coding required. Migrate your items from your point of sale system or turn your Instagram feed into a shopping site and start selling fast. Square Online works for all kinds of businesses—retail, restaurants, services.\" image_2=\"banners/about-banner-2.jpg\" button_label_2=\"Contact With Us\" button_url_2=\"#\" enable_lazy_loading=\"yes\"][/features]',1,NULL,'default',NULL,'published','2025-12-25 18:49:29','2025-12-25 18:49:29'),(8,'Contact','[contact-box title=\"Get In Touch\" address=\"24/26 Strait Bargate, Boston, PE21, United Kingdom\" phone=\" +098 (905) 786 897 8\" email=\"ninico@example.com\" hours=\"10 am - 10 pm EST, 7 days a week\" show_contact_form=\"1\" button_label_1=\"Get Support On Call\" button_url_1=\"#\" button_icon_1=\"fa fa-headphones-alt\" button_label_2=\"Get Direction\" button_url_2=\"#\" button_icon_2=\"fa fa-map-marker-alt\"][/contact-box][google-map]24/26 Strait Bargate, Boston, PE21, United Kingdom[/google-map]',1,NULL,NULL,NULL,'published','2025-12-25 18:49:30','2025-12-25 18:49:30'),(9,'Coming soon','[coming-soon title=\"We are Coming Soon\" subtitle=\"Coming Soon!\" time=\"2025-10-24\" background_image=\"banners/coming-soon.jpg\" logo_style=\"general/logo-white.png\" show_subscribe_form=\"1\"][/coming-soon]',1,NULL,'blank',NULL,'published','2025-12-25 18:49:30','2025-12-25 18:49:30'),(10,'Store Locator','[shop-location quantity=\"4\" name_1=\"Baldwin Hills Crenshaw Plaza\" address_1=\"24/26 Strait Bargate, Boston, PE21, United Kingdom\" phone_1=\"+098 (905) 786 897 8\" hours_1=\"10 am - 10 pm EST, 7 days a week\" image_1=\"shop/location-1.png\" name_2=\"Ninico Hills Crenshaw Plaza\" address_2=\" 36/26 Strait Bargate, Boston, PE21, United Kingdom\" phone_2=\"+098 112 786 897 8\" hours_2=\"9 am - 10 pm EST, 5 days a week\" image_2=\"shop/location-2.png\" name_3=\"Vegas BGM Crenshaw Plaza\" address_3=\"40/26 Strait Bargate, Vegas, PE21, United Kingdom\" phone_3=\" +098 (905) 786 897 8\" hours_3=\"10 am - 10 pm EST, 7 days a week\" image_3=\"shop/location-3.png\" name_4=\"Bargate Cine Crenshaw Plaza\" address_4=\"38/26 Strait Bargate, Point, PE21, United Kingdom\" phone_4=\"6 - 146 - 389 - 5748\" hours_4=\"10 am - 10 pm EST, 7 days a week\" image_4=\"shop/location-4.png\" enable_lazy_loading=\"yes\"][/shop-location][google-map]New York, USA[/google-map]',1,NULL,NULL,NULL,'published','2025-12-25 18:49:30','2025-12-25 18:49:30'),(11,'FAQs','[faqs category_ids=\"1,2,3\"][/faqs]',1,NULL,NULL,NULL,'published','2025-12-25 18:49:30','2025-12-25 18:49:30');
/*!40000 ALTER TABLE `pages` ENABLE KEYS */;
UNLOCK TABLES;

--
-- Table structure for table `pages_translations`
--

DROP TABLE IF EXISTS `pages_translations`;
/*!40101 SET @saved_cs_client     = @@character_set_client */;
/*!50503 SET character_set_client = utf8mb4 */;
CREATE TABLE `pages_translations` (
  `lang_code` varchar(20) COLLATE utf8mb4_unicode_ci NOT NULL,
  `pages_id` bigint unsigned NOT NULL,
  `name` varchar(191) COLLATE utf8mb4_unicode_ci DEFAULT NULL,
  `description` varchar(400) COLLATE utf8mb4_unicode_ci DEFAULT NULL,
  `content` longtext COLLATE utf8mb4_unicode_ci,
  PRIMARY KEY (`lang_code`,`pages_id`)
) ENGINE=InnoDB DEFAULT CHARSET=utf8mb4 COLLATE=utf8mb4_unicode_ci;
/*!40101 SET character_set_client = @saved_cs_client */;

--
-- Dumping data for table `pages_translations`
--

LOCK TABLES `pages_translations` WRITE;
/*!40000 ALTER TABLE `pages_translations` DISABLE KEYS */;
/*!40000 ALTER TABLE `pages_translations` ENABLE KEYS */;
UNLOCK TABLES;

--
-- Table structure for table `password_reset_tokens`
--

DROP TABLE IF EXISTS `password_reset_tokens`;
/*!40101 SET @saved_cs_client     = @@character_set_client */;
/*!50503 SET character_set_client = utf8mb4 */;
CREATE TABLE `password_reset_tokens` (
  `email` varchar(191) COLLATE utf8mb4_unicode_ci NOT NULL,
  `token` varchar(191) COLLATE utf8mb4_unicode_ci NOT NULL,
  `created_at` timestamp NULL DEFAULT NULL,
  PRIMARY KEY (`email`)
) ENGINE=InnoDB DEFAULT CHARSET=utf8mb4 COLLATE=utf8mb4_unicode_ci;
/*!40101 SET character_set_client = @saved_cs_client */;

--
-- Dumping data for table `password_reset_tokens`
--

LOCK TABLES `password_reset_tokens` WRITE;
/*!40000 ALTER TABLE `password_reset_tokens` DISABLE KEYS */;
/*!40000 ALTER TABLE `password_reset_tokens` ENABLE KEYS */;
UNLOCK TABLES;

--
-- Table structure for table `payment_logs`
--

DROP TABLE IF EXISTS `payment_logs`;
/*!40101 SET @saved_cs_client     = @@character_set_client */;
/*!50503 SET character_set_client = utf8mb4 */;
CREATE TABLE `payment_logs` (
  `id` bigint unsigned NOT NULL AUTO_INCREMENT,
  `payment_method` varchar(191) COLLATE utf8mb4_unicode_ci NOT NULL,
  `request` longtext COLLATE utf8mb4_unicode_ci,
  `response` longtext COLLATE utf8mb4_unicode_ci,
  `ip_address` varchar(45) COLLATE utf8mb4_unicode_ci NOT NULL,
  `created_at` timestamp NULL DEFAULT NULL,
  `updated_at` timestamp NULL DEFAULT NULL,
  PRIMARY KEY (`id`)
) ENGINE=InnoDB DEFAULT CHARSET=utf8mb4 COLLATE=utf8mb4_unicode_ci;
/*!40101 SET character_set_client = @saved_cs_client */;

--
-- Dumping data for table `payment_logs`
--

LOCK TABLES `payment_logs` WRITE;
/*!40000 ALTER TABLE `payment_logs` DISABLE KEYS */;
/*!40000 ALTER TABLE `payment_logs` ENABLE KEYS */;
UNLOCK TABLES;

--
-- Table structure for table `payments`
--

DROP TABLE IF EXISTS `payments`;
/*!40101 SET @saved_cs_client     = @@character_set_client */;
/*!50503 SET character_set_client = utf8mb4 */;
CREATE TABLE `payments` (
  `id` bigint unsigned NOT NULL AUTO_INCREMENT,
  `currency` varchar(120) COLLATE utf8mb4_unicode_ci DEFAULT NULL,
  `user_id` bigint unsigned NOT NULL DEFAULT '0',
  `charge_id` varchar(191) COLLATE utf8mb4_unicode_ci DEFAULT NULL,
  `payment_channel` varchar(60) COLLATE utf8mb4_unicode_ci DEFAULT NULL,
  `description` varchar(400) COLLATE utf8mb4_unicode_ci DEFAULT NULL,
  `amount` decimal(15,2) unsigned NOT NULL,
  `payment_fee` decimal(15,2) DEFAULT '0.00',
  `order_id` bigint unsigned DEFAULT NULL,
  `status` varchar(60) COLLATE utf8mb4_unicode_ci DEFAULT 'pending',
  `payment_type` varchar(191) COLLATE utf8mb4_unicode_ci DEFAULT 'confirm',
  `customer_id` bigint unsigned DEFAULT NULL,
  `refunded_amount` decimal(15,2) unsigned DEFAULT NULL,
  `refund_note` varchar(191) COLLATE utf8mb4_unicode_ci DEFAULT NULL,
  `created_at` timestamp NULL DEFAULT NULL,
  `updated_at` timestamp NULL DEFAULT NULL,
  `customer_type` varchar(191) COLLATE utf8mb4_unicode_ci DEFAULT NULL,
  `metadata` mediumtext COLLATE utf8mb4_unicode_ci,
  PRIMARY KEY (`id`)
) ENGINE=InnoDB DEFAULT CHARSET=utf8mb4 COLLATE=utf8mb4_unicode_ci;
/*!40101 SET character_set_client = @saved_cs_client */;

--
-- Dumping data for table `payments`
--

LOCK TABLES `payments` WRITE;
/*!40000 ALTER TABLE `payments` DISABLE KEYS */;
/*!40000 ALTER TABLE `payments` ENABLE KEYS */;
UNLOCK TABLES;

--
-- Table structure for table `personal_access_tokens`
--

DROP TABLE IF EXISTS `personal_access_tokens`;
/*!40101 SET @saved_cs_client     = @@character_set_client */;
/*!50503 SET character_set_client = utf8mb4 */;
CREATE TABLE `personal_access_tokens` (
  `id` bigint unsigned NOT NULL AUTO_INCREMENT,
  `tokenable_type` varchar(191) COLLATE utf8mb4_unicode_ci NOT NULL,
  `tokenable_id` bigint unsigned NOT NULL,
  `name` varchar(191) COLLATE utf8mb4_unicode_ci NOT NULL,
  `token` varchar(64) COLLATE utf8mb4_unicode_ci NOT NULL,
  `abilities` text COLLATE utf8mb4_unicode_ci,
  `last_used_at` timestamp NULL DEFAULT NULL,
  `expires_at` timestamp NULL DEFAULT NULL,
  `created_at` timestamp NULL DEFAULT NULL,
  `updated_at` timestamp NULL DEFAULT NULL,
  PRIMARY KEY (`id`),
  UNIQUE KEY `personal_access_tokens_token_unique` (`token`),
  KEY `personal_access_tokens_tokenable_type_tokenable_id_index` (`tokenable_type`,`tokenable_id`)
) ENGINE=InnoDB DEFAULT CHARSET=utf8mb4 COLLATE=utf8mb4_unicode_ci;
/*!40101 SET character_set_client = @saved_cs_client */;

--
-- Dumping data for table `personal_access_tokens`
--

LOCK TABLES `personal_access_tokens` WRITE;
/*!40000 ALTER TABLE `personal_access_tokens` DISABLE KEYS */;
/*!40000 ALTER TABLE `personal_access_tokens` ENABLE KEYS */;
UNLOCK TABLES;

--
-- Table structure for table `post_categories`
--

DROP TABLE IF EXISTS `post_categories`;
/*!40101 SET @saved_cs_client     = @@character_set_client */;
/*!50503 SET character_set_client = utf8mb4 */;
CREATE TABLE `post_categories` (
  `category_id` bigint unsigned NOT NULL,
  `post_id` bigint unsigned NOT NULL,
  KEY `post_categories_category_id_index` (`category_id`),
  KEY `post_categories_post_id_index` (`post_id`)
) ENGINE=InnoDB DEFAULT CHARSET=utf8mb4 COLLATE=utf8mb4_unicode_ci;
/*!40101 SET character_set_client = @saved_cs_client */;

--
-- Dumping data for table `post_categories`
--

LOCK TABLES `post_categories` WRITE;
/*!40000 ALTER TABLE `post_categories` DISABLE KEYS */;
INSERT INTO `post_categories` VALUES (2,1),(1,1),(2,2),(1,2),(4,3),(2,3),(1,4),(4,5),(2,5),(1,6),(2,7),(4,7),(3,8),(1,8),(2,9),(1,10),(2,11);
/*!40000 ALTER TABLE `post_categories` ENABLE KEYS */;
UNLOCK TABLES;

--
-- Table structure for table `post_tags`
--

DROP TABLE IF EXISTS `post_tags`;
/*!40101 SET @saved_cs_client     = @@character_set_client */;
/*!50503 SET character_set_client = utf8mb4 */;
CREATE TABLE `post_tags` (
  `tag_id` bigint unsigned NOT NULL,
  `post_id` bigint unsigned NOT NULL,
  KEY `post_tags_tag_id_index` (`tag_id`),
  KEY `post_tags_post_id_index` (`post_id`)
) ENGINE=InnoDB DEFAULT CHARSET=utf8mb4 COLLATE=utf8mb4_unicode_ci;
/*!40101 SET character_set_client = @saved_cs_client */;

--
-- Dumping data for table `post_tags`
--

LOCK TABLES `post_tags` WRITE;
/*!40000 ALTER TABLE `post_tags` DISABLE KEYS */;
INSERT INTO `post_tags` VALUES (1,1),(2,1),(5,2),(3,2),(5,3),(2,3),(3,3),(4,4),(3,4),(2,5),(4,5),(5,5),(2,6),(5,6),(1,6),(4,7),(2,7),(1,7),(5,8),(1,8),(3,8),(5,9),(1,9),(4,10),(1,10),(5,10),(1,11),(5,11);
/*!40000 ALTER TABLE `post_tags` ENABLE KEYS */;
UNLOCK TABLES;

--
-- Table structure for table `posts`
--

DROP TABLE IF EXISTS `posts`;
/*!40101 SET @saved_cs_client     = @@character_set_client */;
/*!50503 SET character_set_client = utf8mb4 */;
CREATE TABLE `posts` (
  `id` bigint unsigned NOT NULL AUTO_INCREMENT,
  `name` varchar(191) COLLATE utf8mb4_unicode_ci NOT NULL,
  `description` varchar(400) COLLATE utf8mb4_unicode_ci DEFAULT NULL,
  `content` longtext COLLATE utf8mb4_unicode_ci,
  `status` varchar(60) COLLATE utf8mb4_unicode_ci NOT NULL DEFAULT 'published',
  `author_id` bigint unsigned DEFAULT NULL,
  `author_type` varchar(191) COLLATE utf8mb4_unicode_ci NOT NULL,
  `is_featured` tinyint unsigned NOT NULL DEFAULT '0',
  `image` varchar(191) COLLATE utf8mb4_unicode_ci DEFAULT NULL,
  `views` int unsigned NOT NULL DEFAULT '0',
  `format_type` varchar(30) COLLATE utf8mb4_unicode_ci DEFAULT NULL,
  `created_at` timestamp NULL DEFAULT NULL,
  `updated_at` timestamp NULL DEFAULT NULL,
  PRIMARY KEY (`id`),
  KEY `posts_status_index` (`status`),
  KEY `posts_author_id_index` (`author_id`),
  KEY `posts_author_type_index` (`author_type`),
  KEY `posts_created_at_index` (`created_at`)
) ENGINE=InnoDB AUTO_INCREMENT=12 DEFAULT CHARSET=utf8mb4 COLLATE=utf8mb4_unicode_ci;
/*!40101 SET character_set_client = @saved_cs_client */;

--
-- Dumping data for table `posts`
--

LOCK TABLES `posts` WRITE;
/*!40000 ALTER TABLE `posts` DISABLE KEYS */;
INSERT INTO `posts` VALUES (1,'4 Expert Tips On How To Choose The Right Men’s Wallet','Discover the latest insights, trends, and expert analysis in this comprehensive article that covers key aspects of the topic.','<p>I have seen many people underestimating the power of their wallets. To them, they are just a functional item they use to carry. As a result, they often end up with the wallets which are not really suitable for them.</p>\n\n<p>You should pay more attention when you choose your wallets. There are a lot of them on the market with the different designs and styles. When you choose carefully, you would be able to buy a wallet that is catered to your needs. Not to mention that it will help to enhance your style significantly.</p>\n\n<p style=\"text-align:center\"><img alt=\"f4\" src=\"/storage/blog/blog-in-01.jpg\" /></p>\n\n<p><br />\n    &nbsp;</p>\n\n<p><strong><em>For all of the reason above, here are 7 expert tips to help you pick up the right men&rsquo;s wallet for you:</em></strong></p>\n\n<h4><strong>Number 1: Choose A Neat Wallet</strong></h4>\n\n<p>The wallet is an essential accessory that you should go simple. Simplicity is the best in this case. A simple and neat wallet with the plain color and even&nbsp;<strong>minimalist style</strong>&nbsp;is versatile. It can be used for both formal and casual events. In addition, that wallet will go well with most of the clothes in your wardrobe.</p>\n\n<p>Keep in mind that a wallet will tell other people about your personality and your fashion sense as much as other clothes you put on. Hence, don&rsquo;t go cheesy on your wallet or else people will think that you have a funny and particular style.</p>\n\n<p style=\"text-align:center\"><img alt=\"f5\" src=\"/storage/blog/blog-in-02.jpg\" /></p>\n\n<p><br />\n    &nbsp;</p>\n<hr />\n<h4><strong>Number 2: Choose The Right Size For Your Wallet</strong></h4>\n\n<p>You should avoid having an over-sized wallet. Don&rsquo;t think that you need to buy a big wallet because you have a lot to carry with you. In addition, a fat wallet is very ugly. It will make it harder for you to slide the wallet into your trousers&rsquo; pocket. In addition, it will create a bulge and ruin your look.</p>\n\n<p>Before you go on to buy a new wallet, clean out your wallet and place all the items from your wallet on a table. Throw away things that you would never need any more such as the old bills or the expired gift cards. Remember to check your wallet on a frequent basis to get rid of all of the old stuff that you don&rsquo;t need anymore.</p>\n\n<p style=\"text-align:center\"><img alt=\"f1\" src=\"/storage/blog/blog-in-03.jpg\" /></p>\n\n<p><br />\n    &nbsp;</p>\n\n<hr />\n<h4><strong>Number 3: Don&rsquo;t Limit Your Options Of Materials</strong></h4>\n\n<p>The types and designs of wallets are not the only things that you should consider when you go out searching for your best wallet. You have more than 1 option of material rather than leather to choose from as well.</p>\n\n<p>You can experiment with other available options such as cotton, polyester and canvas. They all have their own pros and cons. As a result, they will be suitable for different needs and requirements. You should think about them all in order to choose the material which you would like the most.</p>\n\n<p style=\"text-align:center\"><img alt=\"f6\" src=\"/storage/blog/blog-in-04.jpg\" /></p>\n\n<p><br />\n    &nbsp;</p>\n\n<hr />\n<h4><strong>Number 4: Consider A Wallet As A Long Term Investment</strong></h4>\n\n<p>Your wallet is indeed an investment that you should consider spending a decent amount of time and effort on it. Another factor that you need to consider is how much you want to spend on your wallet. The price ranges of wallets on the market vary a great deal. You can find a wallet which is as cheap as about 5 to 7 dollars. On the other hand, you should expect to pay around 250 to 300 dollars for a high-quality wallet.</p>\n\n<p>In case you need a wallet to use for a long time, it is a good idea that you should invest a decent amount of money on a wallet. A high quality wallet from a reputational brand with the premium quality such as cowhide leather will last for a long time. In addition, it is an accessory to show off your fashion sense and your social status.</p>\n\n<p style=\"text-align:center\"><img alt=\"f2\" src=\"/storage/blog/blog-in-05.jpg\" /></p>\n\n<p>&nbsp;</p>\n','published',1,'Botble\\ACL\\Models\\User',1,'blog/1.jpg',2259,NULL,'2025-12-25 18:49:28','2025-12-25 18:49:28'),(2,'Sexy Clutches: How to Buy &amp; Wear a Designer Clutch Bag','Discover the latest insights, trends, and expert analysis in this comprehensive article that covers key aspects of the topic.','<p>I have seen many people underestimating the power of their wallets. To them, they are just a functional item they use to carry. As a result, they often end up with the wallets which are not really suitable for them.</p>\n\n<p>You should pay more attention when you choose your wallets. There are a lot of them on the market with the different designs and styles. When you choose carefully, you would be able to buy a wallet that is catered to your needs. Not to mention that it will help to enhance your style significantly.</p>\n\n<p style=\"text-align:center\"><img alt=\"f4\" src=\"/storage/blog/blog-in-01.jpg\" /></p>\n\n<p><br />\n    &nbsp;</p>\n\n<p><strong><em>For all of the reason above, here are 7 expert tips to help you pick up the right men&rsquo;s wallet for you:</em></strong></p>\n\n<h4><strong>Number 1: Choose A Neat Wallet</strong></h4>\n\n<p>The wallet is an essential accessory that you should go simple. Simplicity is the best in this case. A simple and neat wallet with the plain color and even&nbsp;<strong>minimalist style</strong>&nbsp;is versatile. It can be used for both formal and casual events. In addition, that wallet will go well with most of the clothes in your wardrobe.</p>\n\n<p>Keep in mind that a wallet will tell other people about your personality and your fashion sense as much as other clothes you put on. Hence, don&rsquo;t go cheesy on your wallet or else people will think that you have a funny and particular style.</p>\n\n<p style=\"text-align:center\"><img alt=\"f5\" src=\"/storage/blog/blog-in-02.jpg\" /></p>\n\n<p><br />\n    &nbsp;</p>\n<hr />\n<h4><strong>Number 2: Choose The Right Size For Your Wallet</strong></h4>\n\n<p>You should avoid having an over-sized wallet. Don&rsquo;t think that you need to buy a big wallet because you have a lot to carry with you. In addition, a fat wallet is very ugly. It will make it harder for you to slide the wallet into your trousers&rsquo; pocket. In addition, it will create a bulge and ruin your look.</p>\n\n<p>Before you go on to buy a new wallet, clean out your wallet and place all the items from your wallet on a table. Throw away things that you would never need any more such as the old bills or the expired gift cards. Remember to check your wallet on a frequent basis to get rid of all of the old stuff that you don&rsquo;t need anymore.</p>\n\n<p style=\"text-align:center\"><img alt=\"f1\" src=\"/storage/blog/blog-in-03.jpg\" /></p>\n\n<p><br />\n    &nbsp;</p>\n\n<hr />\n<h4><strong>Number 3: Don&rsquo;t Limit Your Options Of Materials</strong></h4>\n\n<p>The types and designs of wallets are not the only things that you should consider when you go out searching for your best wallet. You have more than 1 option of material rather than leather to choose from as well.</p>\n\n<p>You can experiment with other available options such as cotton, polyester and canvas. They all have their own pros and cons. As a result, they will be suitable for different needs and requirements. You should think about them all in order to choose the material which you would like the most.</p>\n\n<p style=\"text-align:center\"><img alt=\"f6\" src=\"/storage/blog/blog-in-04.jpg\" /></p>\n\n<p><br />\n    &nbsp;</p>\n\n<hr />\n<h4><strong>Number 4: Consider A Wallet As A Long Term Investment</strong></h4>\n\n<p>Your wallet is indeed an investment that you should consider spending a decent amount of time and effort on it. Another factor that you need to consider is how much you want to spend on your wallet. The price ranges of wallets on the market vary a great deal. You can find a wallet which is as cheap as about 5 to 7 dollars. On the other hand, you should expect to pay around 250 to 300 dollars for a high-quality wallet.</p>\n\n<p>In case you need a wallet to use for a long time, it is a good idea that you should invest a decent amount of money on a wallet. A high quality wallet from a reputational brand with the premium quality such as cowhide leather will last for a long time. In addition, it is an accessory to show off your fashion sense and your social status.</p>\n\n<p style=\"text-align:center\"><img alt=\"f2\" src=\"/storage/blog/blog-in-05.jpg\" /></p>\n\n<p>&nbsp;</p>\n','published',1,'Botble\\ACL\\Models\\User',1,'blog/2.jpg',2325,NULL,'2025-12-25 18:49:28','2025-12-25 18:49:28'),(3,'The Top 2020 Handbag Trends to Know','Discover the latest insights, trends, and expert analysis in this comprehensive article that covers key aspects of the topic.','<p>I have seen many people underestimating the power of their wallets. To them, they are just a functional item they use to carry. As a result, they often end up with the wallets which are not really suitable for them.</p>\n\n<p>You should pay more attention when you choose your wallets. There are a lot of them on the market with the different designs and styles. When you choose carefully, you would be able to buy a wallet that is catered to your needs. Not to mention that it will help to enhance your style significantly.</p>\n\n<p style=\"text-align:center\"><img alt=\"f4\" src=\"/storage/blog/blog-in-01.jpg\" /></p>\n\n<p><br />\n    &nbsp;</p>\n\n<p><strong><em>For all of the reason above, here are 7 expert tips to help you pick up the right men&rsquo;s wallet for you:</em></strong></p>\n\n<h4><strong>Number 1: Choose A Neat Wallet</strong></h4>\n\n<p>The wallet is an essential accessory that you should go simple. Simplicity is the best in this case. A simple and neat wallet with the plain color and even&nbsp;<strong>minimalist style</strong>&nbsp;is versatile. It can be used for both formal and casual events. In addition, that wallet will go well with most of the clothes in your wardrobe.</p>\n\n<p>Keep in mind that a wallet will tell other people about your personality and your fashion sense as much as other clothes you put on. Hence, don&rsquo;t go cheesy on your wallet or else people will think that you have a funny and particular style.</p>\n\n<p style=\"text-align:center\"><img alt=\"f5\" src=\"/storage/blog/blog-in-02.jpg\" /></p>\n\n<p><br />\n    &nbsp;</p>\n<hr />\n<h4><strong>Number 2: Choose The Right Size For Your Wallet</strong></h4>\n\n<p>You should avoid having an over-sized wallet. Don&rsquo;t think that you need to buy a big wallet because you have a lot to carry with you. In addition, a fat wallet is very ugly. It will make it harder for you to slide the wallet into your trousers&rsquo; pocket. In addition, it will create a bulge and ruin your look.</p>\n\n<p>Before you go on to buy a new wallet, clean out your wallet and place all the items from your wallet on a table. Throw away things that you would never need any more such as the old bills or the expired gift cards. Remember to check your wallet on a frequent basis to get rid of all of the old stuff that you don&rsquo;t need anymore.</p>\n\n<p style=\"text-align:center\"><img alt=\"f1\" src=\"/storage/blog/blog-in-03.jpg\" /></p>\n\n<p><br />\n    &nbsp;</p>\n\n<hr />\n<h4><strong>Number 3: Don&rsquo;t Limit Your Options Of Materials</strong></h4>\n\n<p>The types and designs of wallets are not the only things that you should consider when you go out searching for your best wallet. You have more than 1 option of material rather than leather to choose from as well.</p>\n\n<p>You can experiment with other available options such as cotton, polyester and canvas. They all have their own pros and cons. As a result, they will be suitable for different needs and requirements. You should think about them all in order to choose the material which you would like the most.</p>\n\n<p style=\"text-align:center\"><img alt=\"f6\" src=\"/storage/blog/blog-in-04.jpg\" /></p>\n\n<p><br />\n    &nbsp;</p>\n\n<hr />\n<h4><strong>Number 4: Consider A Wallet As A Long Term Investment</strong></h4>\n\n<p>Your wallet is indeed an investment that you should consider spending a decent amount of time and effort on it. Another factor that you need to consider is how much you want to spend on your wallet. The price ranges of wallets on the market vary a great deal. You can find a wallet which is as cheap as about 5 to 7 dollars. On the other hand, you should expect to pay around 250 to 300 dollars for a high-quality wallet.</p>\n\n<p>In case you need a wallet to use for a long time, it is a good idea that you should invest a decent amount of money on a wallet. A high quality wallet from a reputational brand with the premium quality such as cowhide leather will last for a long time. In addition, it is an accessory to show off your fashion sense and your social status.</p>\n\n<p style=\"text-align:center\"><img alt=\"f2\" src=\"/storage/blog/blog-in-05.jpg\" /></p>\n\n<p>&nbsp;</p>\n','published',1,'Botble\\ACL\\Models\\User',1,'blog/3.jpg',1585,NULL,'2025-12-25 18:49:28','2025-12-25 18:49:28'),(4,'How to Match the Color of Your Handbag With an Outfit','Discover the latest insights, trends, and expert analysis in this comprehensive article that covers key aspects of the topic.','<p>I have seen many people underestimating the power of their wallets. To them, they are just a functional item they use to carry. As a result, they often end up with the wallets which are not really suitable for them.</p>\n\n<p>You should pay more attention when you choose your wallets. There are a lot of them on the market with the different designs and styles. When you choose carefully, you would be able to buy a wallet that is catered to your needs. Not to mention that it will help to enhance your style significantly.</p>\n\n<p style=\"text-align:center\"><img alt=\"f4\" src=\"/storage/blog/blog-in-01.jpg\" /></p>\n\n<p><br />\n    &nbsp;</p>\n\n<p><strong><em>For all of the reason above, here are 7 expert tips to help you pick up the right men&rsquo;s wallet for you:</em></strong></p>\n\n<h4><strong>Number 1: Choose A Neat Wallet</strong></h4>\n\n<p>The wallet is an essential accessory that you should go simple. Simplicity is the best in this case. A simple and neat wallet with the plain color and even&nbsp;<strong>minimalist style</strong>&nbsp;is versatile. It can be used for both formal and casual events. In addition, that wallet will go well with most of the clothes in your wardrobe.</p>\n\n<p>Keep in mind that a wallet will tell other people about your personality and your fashion sense as much as other clothes you put on. Hence, don&rsquo;t go cheesy on your wallet or else people will think that you have a funny and particular style.</p>\n\n<p style=\"text-align:center\"><img alt=\"f5\" src=\"/storage/blog/blog-in-02.jpg\" /></p>\n\n<p><br />\n    &nbsp;</p>\n<hr />\n<h4><strong>Number 2: Choose The Right Size For Your Wallet</strong></h4>\n\n<p>You should avoid having an over-sized wallet. Don&rsquo;t think that you need to buy a big wallet because you have a lot to carry with you. In addition, a fat wallet is very ugly. It will make it harder for you to slide the wallet into your trousers&rsquo; pocket. In addition, it will create a bulge and ruin your look.</p>\n\n<p>Before you go on to buy a new wallet, clean out your wallet and place all the items from your wallet on a table. Throw away things that you would never need any more such as the old bills or the expired gift cards. Remember to check your wallet on a frequent basis to get rid of all of the old stuff that you don&rsquo;t need anymore.</p>\n\n<p style=\"text-align:center\"><img alt=\"f1\" src=\"/storage/blog/blog-in-03.jpg\" /></p>\n\n<p><br />\n    &nbsp;</p>\n\n<hr />\n<h4><strong>Number 3: Don&rsquo;t Limit Your Options Of Materials</strong></h4>\n\n<p>The types and designs of wallets are not the only things that you should consider when you go out searching for your best wallet. You have more than 1 option of material rather than leather to choose from as well.</p>\n\n<p>You can experiment with other available options such as cotton, polyester and canvas. They all have their own pros and cons. As a result, they will be suitable for different needs and requirements. You should think about them all in order to choose the material which you would like the most.</p>\n\n<p style=\"text-align:center\"><img alt=\"f6\" src=\"/storage/blog/blog-in-04.jpg\" /></p>\n\n<p><br />\n    &nbsp;</p>\n\n<hr />\n<h4><strong>Number 4: Consider A Wallet As A Long Term Investment</strong></h4>\n\n<p>Your wallet is indeed an investment that you should consider spending a decent amount of time and effort on it. Another factor that you need to consider is how much you want to spend on your wallet. The price ranges of wallets on the market vary a great deal. You can find a wallet which is as cheap as about 5 to 7 dollars. On the other hand, you should expect to pay around 250 to 300 dollars for a high-quality wallet.</p>\n\n<p>In case you need a wallet to use for a long time, it is a good idea that you should invest a decent amount of money on a wallet. A high quality wallet from a reputational brand with the premium quality such as cowhide leather will last for a long time. In addition, it is an accessory to show off your fashion sense and your social status.</p>\n\n<p style=\"text-align:center\"><img alt=\"f2\" src=\"/storage/blog/blog-in-05.jpg\" /></p>\n\n<p>&nbsp;</p>\n','published',1,'Botble\\ACL\\Models\\User',1,'blog/4.jpg',671,NULL,'2025-12-25 18:49:28','2025-12-25 18:49:28'),(5,'How to Care for Leather Bags','Discover the latest insights, trends, and expert analysis in this comprehensive article that covers key aspects of the topic.','<p>I have seen many people underestimating the power of their wallets. To them, they are just a functional item they use to carry. As a result, they often end up with the wallets which are not really suitable for them.</p>\n\n<p>You should pay more attention when you choose your wallets. There are a lot of them on the market with the different designs and styles. When you choose carefully, you would be able to buy a wallet that is catered to your needs. Not to mention that it will help to enhance your style significantly.</p>\n\n<p style=\"text-align:center\"><img alt=\"f4\" src=\"/storage/blog/blog-in-01.jpg\" /></p>\n\n<p><br />\n    &nbsp;</p>\n\n<p><strong><em>For all of the reason above, here are 7 expert tips to help you pick up the right men&rsquo;s wallet for you:</em></strong></p>\n\n<h4><strong>Number 1: Choose A Neat Wallet</strong></h4>\n\n<p>The wallet is an essential accessory that you should go simple. Simplicity is the best in this case. A simple and neat wallet with the plain color and even&nbsp;<strong>minimalist style</strong>&nbsp;is versatile. It can be used for both formal and casual events. In addition, that wallet will go well with most of the clothes in your wardrobe.</p>\n\n<p>Keep in mind that a wallet will tell other people about your personality and your fashion sense as much as other clothes you put on. Hence, don&rsquo;t go cheesy on your wallet or else people will think that you have a funny and particular style.</p>\n\n<p style=\"text-align:center\"><img alt=\"f5\" src=\"/storage/blog/blog-in-02.jpg\" /></p>\n\n<p><br />\n    &nbsp;</p>\n<hr />\n<h4><strong>Number 2: Choose The Right Size For Your Wallet</strong></h4>\n\n<p>You should avoid having an over-sized wallet. Don&rsquo;t think that you need to buy a big wallet because you have a lot to carry with you. In addition, a fat wallet is very ugly. It will make it harder for you to slide the wallet into your trousers&rsquo; pocket. In addition, it will create a bulge and ruin your look.</p>\n\n<p>Before you go on to buy a new wallet, clean out your wallet and place all the items from your wallet on a table. Throw away things that you would never need any more such as the old bills or the expired gift cards. Remember to check your wallet on a frequent basis to get rid of all of the old stuff that you don&rsquo;t need anymore.</p>\n\n<p style=\"text-align:center\"><img alt=\"f1\" src=\"/storage/blog/blog-in-03.jpg\" /></p>\n\n<p><br />\n    &nbsp;</p>\n\n<hr />\n<h4><strong>Number 3: Don&rsquo;t Limit Your Options Of Materials</strong></h4>\n\n<p>The types and designs of wallets are not the only things that you should consider when you go out searching for your best wallet. You have more than 1 option of material rather than leather to choose from as well.</p>\n\n<p>You can experiment with other available options such as cotton, polyester and canvas. They all have their own pros and cons. As a result, they will be suitable for different needs and requirements. You should think about them all in order to choose the material which you would like the most.</p>\n\n<p style=\"text-align:center\"><img alt=\"f6\" src=\"/storage/blog/blog-in-04.jpg\" /></p>\n\n<p><br />\n    &nbsp;</p>\n\n<hr />\n<h4><strong>Number 4: Consider A Wallet As A Long Term Investment</strong></h4>\n\n<p>Your wallet is indeed an investment that you should consider spending a decent amount of time and effort on it. Another factor that you need to consider is how much you want to spend on your wallet. The price ranges of wallets on the market vary a great deal. You can find a wallet which is as cheap as about 5 to 7 dollars. On the other hand, you should expect to pay around 250 to 300 dollars for a high-quality wallet.</p>\n\n<p>In case you need a wallet to use for a long time, it is a good idea that you should invest a decent amount of money on a wallet. A high quality wallet from a reputational brand with the premium quality such as cowhide leather will last for a long time. In addition, it is an accessory to show off your fashion sense and your social status.</p>\n\n<p style=\"text-align:center\"><img alt=\"f2\" src=\"/storage/blog/blog-in-05.jpg\" /></p>\n\n<p>&nbsp;</p>\n','published',1,'Botble\\ACL\\Models\\User',1,'blog/5.jpg',1474,NULL,'2025-12-25 18:49:28','2025-12-25 18:49:28'),(6,'We\'re Crushing Hard on Summer\'s 10 Biggest Bag Trends','Discover the latest insights, trends, and expert analysis in this comprehensive article that covers key aspects of the topic.','<p>I have seen many people underestimating the power of their wallets. To them, they are just a functional item they use to carry. As a result, they often end up with the wallets which are not really suitable for them.</p>\n\n<p>You should pay more attention when you choose your wallets. There are a lot of them on the market with the different designs and styles. When you choose carefully, you would be able to buy a wallet that is catered to your needs. Not to mention that it will help to enhance your style significantly.</p>\n\n<p style=\"text-align:center\"><img alt=\"f4\" src=\"/storage/blog/blog-in-01.jpg\" /></p>\n\n<p><br />\n    &nbsp;</p>\n\n<p><strong><em>For all of the reason above, here are 7 expert tips to help you pick up the right men&rsquo;s wallet for you:</em></strong></p>\n\n<h4><strong>Number 1: Choose A Neat Wallet</strong></h4>\n\n<p>The wallet is an essential accessory that you should go simple. Simplicity is the best in this case. A simple and neat wallet with the plain color and even&nbsp;<strong>minimalist style</strong>&nbsp;is versatile. It can be used for both formal and casual events. In addition, that wallet will go well with most of the clothes in your wardrobe.</p>\n\n<p>Keep in mind that a wallet will tell other people about your personality and your fashion sense as much as other clothes you put on. Hence, don&rsquo;t go cheesy on your wallet or else people will think that you have a funny and particular style.</p>\n\n<p style=\"text-align:center\"><img alt=\"f5\" src=\"/storage/blog/blog-in-02.jpg\" /></p>\n\n<p><br />\n    &nbsp;</p>\n<hr />\n<h4><strong>Number 2: Choose The Right Size For Your Wallet</strong></h4>\n\n<p>You should avoid having an over-sized wallet. Don&rsquo;t think that you need to buy a big wallet because you have a lot to carry with you. In addition, a fat wallet is very ugly. It will make it harder for you to slide the wallet into your trousers&rsquo; pocket. In addition, it will create a bulge and ruin your look.</p>\n\n<p>Before you go on to buy a new wallet, clean out your wallet and place all the items from your wallet on a table. Throw away things that you would never need any more such as the old bills or the expired gift cards. Remember to check your wallet on a frequent basis to get rid of all of the old stuff that you don&rsquo;t need anymore.</p>\n\n<p style=\"text-align:center\"><img alt=\"f1\" src=\"/storage/blog/blog-in-03.jpg\" /></p>\n\n<p><br />\n    &nbsp;</p>\n\n<hr />\n<h4><strong>Number 3: Don&rsquo;t Limit Your Options Of Materials</strong></h4>\n\n<p>The types and designs of wallets are not the only things that you should consider when you go out searching for your best wallet. You have more than 1 option of material rather than leather to choose from as well.</p>\n\n<p>You can experiment with other available options such as cotton, polyester and canvas. They all have their own pros and cons. As a result, they will be suitable for different needs and requirements. You should think about them all in order to choose the material which you would like the most.</p>\n\n<p style=\"text-align:center\"><img alt=\"f6\" src=\"/storage/blog/blog-in-04.jpg\" /></p>\n\n<p><br />\n    &nbsp;</p>\n\n<hr />\n<h4><strong>Number 4: Consider A Wallet As A Long Term Investment</strong></h4>\n\n<p>Your wallet is indeed an investment that you should consider spending a decent amount of time and effort on it. Another factor that you need to consider is how much you want to spend on your wallet. The price ranges of wallets on the market vary a great deal. You can find a wallet which is as cheap as about 5 to 7 dollars. On the other hand, you should expect to pay around 250 to 300 dollars for a high-quality wallet.</p>\n\n<p>In case you need a wallet to use for a long time, it is a good idea that you should invest a decent amount of money on a wallet. A high quality wallet from a reputational brand with the premium quality such as cowhide leather will last for a long time. In addition, it is an accessory to show off your fashion sense and your social status.</p>\n\n<p style=\"text-align:center\"><img alt=\"f2\" src=\"/storage/blog/blog-in-05.jpg\" /></p>\n\n<p>&nbsp;</p>\n','published',1,'Botble\\ACL\\Models\\User',0,'blog/6.jpg',1485,NULL,'2025-12-25 18:49:28','2025-12-25 18:49:28'),(7,'Essential Qualities of Highly Successful Music','Discover the latest insights, trends, and expert analysis in this comprehensive article that covers key aspects of the topic.','<p>I have seen many people underestimating the power of their wallets. To them, they are just a functional item they use to carry. As a result, they often end up with the wallets which are not really suitable for them.</p>\n\n<p>You should pay more attention when you choose your wallets. There are a lot of them on the market with the different designs and styles. When you choose carefully, you would be able to buy a wallet that is catered to your needs. Not to mention that it will help to enhance your style significantly.</p>\n\n<p style=\"text-align:center\"><img alt=\"f4\" src=\"/storage/blog/blog-in-01.jpg\" /></p>\n\n<p><br />\n    &nbsp;</p>\n\n<p><strong><em>For all of the reason above, here are 7 expert tips to help you pick up the right men&rsquo;s wallet for you:</em></strong></p>\n\n<h4><strong>Number 1: Choose A Neat Wallet</strong></h4>\n\n<p>The wallet is an essential accessory that you should go simple. Simplicity is the best in this case. A simple and neat wallet with the plain color and even&nbsp;<strong>minimalist style</strong>&nbsp;is versatile. It can be used for both formal and casual events. In addition, that wallet will go well with most of the clothes in your wardrobe.</p>\n\n<p>Keep in mind that a wallet will tell other people about your personality and your fashion sense as much as other clothes you put on. Hence, don&rsquo;t go cheesy on your wallet or else people will think that you have a funny and particular style.</p>\n\n<p style=\"text-align:center\"><img alt=\"f5\" src=\"/storage/blog/blog-in-02.jpg\" /></p>\n\n<p><br />\n    &nbsp;</p>\n<hr />\n<h4><strong>Number 2: Choose The Right Size For Your Wallet</strong></h4>\n\n<p>You should avoid having an over-sized wallet. Don&rsquo;t think that you need to buy a big wallet because you have a lot to carry with you. In addition, a fat wallet is very ugly. It will make it harder for you to slide the wallet into your trousers&rsquo; pocket. In addition, it will create a bulge and ruin your look.</p>\n\n<p>Before you go on to buy a new wallet, clean out your wallet and place all the items from your wallet on a table. Throw away things that you would never need any more such as the old bills or the expired gift cards. Remember to check your wallet on a frequent basis to get rid of all of the old stuff that you don&rsquo;t need anymore.</p>\n\n<p style=\"text-align:center\"><img alt=\"f1\" src=\"/storage/blog/blog-in-03.jpg\" /></p>\n\n<p><br />\n    &nbsp;</p>\n\n<hr />\n<h4><strong>Number 3: Don&rsquo;t Limit Your Options Of Materials</strong></h4>\n\n<p>The types and designs of wallets are not the only things that you should consider when you go out searching for your best wallet. You have more than 1 option of material rather than leather to choose from as well.</p>\n\n<p>You can experiment with other available options such as cotton, polyester and canvas. They all have their own pros and cons. As a result, they will be suitable for different needs and requirements. You should think about them all in order to choose the material which you would like the most.</p>\n\n<p style=\"text-align:center\"><img alt=\"f6\" src=\"/storage/blog/blog-in-04.jpg\" /></p>\n\n<p><br />\n    &nbsp;</p>\n\n<hr />\n<h4><strong>Number 4: Consider A Wallet As A Long Term Investment</strong></h4>\n\n<p>Your wallet is indeed an investment that you should consider spending a decent amount of time and effort on it. Another factor that you need to consider is how much you want to spend on your wallet. The price ranges of wallets on the market vary a great deal. You can find a wallet which is as cheap as about 5 to 7 dollars. On the other hand, you should expect to pay around 250 to 300 dollars for a high-quality wallet.</p>\n\n<p>In case you need a wallet to use for a long time, it is a good idea that you should invest a decent amount of money on a wallet. A high quality wallet from a reputational brand with the premium quality such as cowhide leather will last for a long time. In addition, it is an accessory to show off your fashion sense and your social status.</p>\n\n<p style=\"text-align:center\"><img alt=\"f2\" src=\"/storage/blog/blog-in-05.jpg\" /></p>\n\n<p>&nbsp;</p>\n','published',1,'Botble\\ACL\\Models\\User',0,'blog/7.jpg',1008,NULL,'2025-12-25 18:49:28','2025-12-25 18:49:28'),(8,'9 Things I Love About Shaving My Head','Discover the latest insights, trends, and expert analysis in this comprehensive article that covers key aspects of the topic.','<p>I have seen many people underestimating the power of their wallets. To them, they are just a functional item they use to carry. As a result, they often end up with the wallets which are not really suitable for them.</p>\n\n<p>You should pay more attention when you choose your wallets. There are a lot of them on the market with the different designs and styles. When you choose carefully, you would be able to buy a wallet that is catered to your needs. Not to mention that it will help to enhance your style significantly.</p>\n\n<p style=\"text-align:center\"><img alt=\"f4\" src=\"/storage/blog/blog-in-01.jpg\" /></p>\n\n<p><br />\n    &nbsp;</p>\n\n<p><strong><em>For all of the reason above, here are 7 expert tips to help you pick up the right men&rsquo;s wallet for you:</em></strong></p>\n\n<h4><strong>Number 1: Choose A Neat Wallet</strong></h4>\n\n<p>The wallet is an essential accessory that you should go simple. Simplicity is the best in this case. A simple and neat wallet with the plain color and even&nbsp;<strong>minimalist style</strong>&nbsp;is versatile. It can be used for both formal and casual events. In addition, that wallet will go well with most of the clothes in your wardrobe.</p>\n\n<p>Keep in mind that a wallet will tell other people about your personality and your fashion sense as much as other clothes you put on. Hence, don&rsquo;t go cheesy on your wallet or else people will think that you have a funny and particular style.</p>\n\n<p style=\"text-align:center\"><img alt=\"f5\" src=\"/storage/blog/blog-in-02.jpg\" /></p>\n\n<p><br />\n    &nbsp;</p>\n<hr />\n<h4><strong>Number 2: Choose The Right Size For Your Wallet</strong></h4>\n\n<p>You should avoid having an over-sized wallet. Don&rsquo;t think that you need to buy a big wallet because you have a lot to carry with you. In addition, a fat wallet is very ugly. It will make it harder for you to slide the wallet into your trousers&rsquo; pocket. In addition, it will create a bulge and ruin your look.</p>\n\n<p>Before you go on to buy a new wallet, clean out your wallet and place all the items from your wallet on a table. Throw away things that you would never need any more such as the old bills or the expired gift cards. Remember to check your wallet on a frequent basis to get rid of all of the old stuff that you don&rsquo;t need anymore.</p>\n\n<p style=\"text-align:center\"><img alt=\"f1\" src=\"/storage/blog/blog-in-03.jpg\" /></p>\n\n<p><br />\n    &nbsp;</p>\n\n<hr />\n<h4><strong>Number 3: Don&rsquo;t Limit Your Options Of Materials</strong></h4>\n\n<p>The types and designs of wallets are not the only things that you should consider when you go out searching for your best wallet. You have more than 1 option of material rather than leather to choose from as well.</p>\n\n<p>You can experiment with other available options such as cotton, polyester and canvas. They all have their own pros and cons. As a result, they will be suitable for different needs and requirements. You should think about them all in order to choose the material which you would like the most.</p>\n\n<p style=\"text-align:center\"><img alt=\"f6\" src=\"/storage/blog/blog-in-04.jpg\" /></p>\n\n<p><br />\n    &nbsp;</p>\n\n<hr />\n<h4><strong>Number 4: Consider A Wallet As A Long Term Investment</strong></h4>\n\n<p>Your wallet is indeed an investment that you should consider spending a decent amount of time and effort on it. Another factor that you need to consider is how much you want to spend on your wallet. The price ranges of wallets on the market vary a great deal. You can find a wallet which is as cheap as about 5 to 7 dollars. On the other hand, you should expect to pay around 250 to 300 dollars for a high-quality wallet.</p>\n\n<p>In case you need a wallet to use for a long time, it is a good idea that you should invest a decent amount of money on a wallet. A high quality wallet from a reputational brand with the premium quality such as cowhide leather will last for a long time. In addition, it is an accessory to show off your fashion sense and your social status.</p>\n\n<p style=\"text-align:center\"><img alt=\"f2\" src=\"/storage/blog/blog-in-05.jpg\" /></p>\n\n<p>&nbsp;</p>\n','published',1,'Botble\\ACL\\Models\\User',0,'blog/8.jpg',999,NULL,'2025-12-25 18:49:28','2025-12-25 18:49:28'),(9,'Why Teamwork Really Makes The Dream Work','Discover the latest insights, trends, and expert analysis in this comprehensive article that covers key aspects of the topic.','<p>I have seen many people underestimating the power of their wallets. To them, they are just a functional item they use to carry. As a result, they often end up with the wallets which are not really suitable for them.</p>\n\n<p>You should pay more attention when you choose your wallets. There are a lot of them on the market with the different designs and styles. When you choose carefully, you would be able to buy a wallet that is catered to your needs. Not to mention that it will help to enhance your style significantly.</p>\n\n<p style=\"text-align:center\"><img alt=\"f4\" src=\"/storage/blog/blog-in-01.jpg\" /></p>\n\n<p><br />\n    &nbsp;</p>\n\n<p><strong><em>For all of the reason above, here are 7 expert tips to help you pick up the right men&rsquo;s wallet for you:</em></strong></p>\n\n<h4><strong>Number 1: Choose A Neat Wallet</strong></h4>\n\n<p>The wallet is an essential accessory that you should go simple. Simplicity is the best in this case. A simple and neat wallet with the plain color and even&nbsp;<strong>minimalist style</strong>&nbsp;is versatile. It can be used for both formal and casual events. In addition, that wallet will go well with most of the clothes in your wardrobe.</p>\n\n<p>Keep in mind that a wallet will tell other people about your personality and your fashion sense as much as other clothes you put on. Hence, don&rsquo;t go cheesy on your wallet or else people will think that you have a funny and particular style.</p>\n\n<p style=\"text-align:center\"><img alt=\"f5\" src=\"/storage/blog/blog-in-02.jpg\" /></p>\n\n<p><br />\n    &nbsp;</p>\n<hr />\n<h4><strong>Number 2: Choose The Right Size For Your Wallet</strong></h4>\n\n<p>You should avoid having an over-sized wallet. Don&rsquo;t think that you need to buy a big wallet because you have a lot to carry with you. In addition, a fat wallet is very ugly. It will make it harder for you to slide the wallet into your trousers&rsquo; pocket. In addition, it will create a bulge and ruin your look.</p>\n\n<p>Before you go on to buy a new wallet, clean out your wallet and place all the items from your wallet on a table. Throw away things that you would never need any more such as the old bills or the expired gift cards. Remember to check your wallet on a frequent basis to get rid of all of the old stuff that you don&rsquo;t need anymore.</p>\n\n<p style=\"text-align:center\"><img alt=\"f1\" src=\"/storage/blog/blog-in-03.jpg\" /></p>\n\n<p><br />\n    &nbsp;</p>\n\n<hr />\n<h4><strong>Number 3: Don&rsquo;t Limit Your Options Of Materials</strong></h4>\n\n<p>The types and designs of wallets are not the only things that you should consider when you go out searching for your best wallet. You have more than 1 option of material rather than leather to choose from as well.</p>\n\n<p>You can experiment with other available options such as cotton, polyester and canvas. They all have their own pros and cons. As a result, they will be suitable for different needs and requirements. You should think about them all in order to choose the material which you would like the most.</p>\n\n<p style=\"text-align:center\"><img alt=\"f6\" src=\"/storage/blog/blog-in-04.jpg\" /></p>\n\n<p><br />\n    &nbsp;</p>\n\n<hr />\n<h4><strong>Number 4: Consider A Wallet As A Long Term Investment</strong></h4>\n\n<p>Your wallet is indeed an investment that you should consider spending a decent amount of time and effort on it. Another factor that you need to consider is how much you want to spend on your wallet. The price ranges of wallets on the market vary a great deal. You can find a wallet which is as cheap as about 5 to 7 dollars. On the other hand, you should expect to pay around 250 to 300 dollars for a high-quality wallet.</p>\n\n<p>In case you need a wallet to use for a long time, it is a good idea that you should invest a decent amount of money on a wallet. A high quality wallet from a reputational brand with the premium quality such as cowhide leather will last for a long time. In addition, it is an accessory to show off your fashion sense and your social status.</p>\n\n<p style=\"text-align:center\"><img alt=\"f2\" src=\"/storage/blog/blog-in-05.jpg\" /></p>\n\n<p>&nbsp;</p>\n','published',1,'Botble\\ACL\\Models\\User',0,'blog/9.jpg',2232,NULL,'2025-12-25 18:49:28','2025-12-25 18:49:28'),(10,'The World Caters to Average People','Discover the latest insights, trends, and expert analysis in this comprehensive article that covers key aspects of the topic.','<p>I have seen many people underestimating the power of their wallets. To them, they are just a functional item they use to carry. As a result, they often end up with the wallets which are not really suitable for them.</p>\n\n<p>You should pay more attention when you choose your wallets. There are a lot of them on the market with the different designs and styles. When you choose carefully, you would be able to buy a wallet that is catered to your needs. Not to mention that it will help to enhance your style significantly.</p>\n\n<p style=\"text-align:center\"><img alt=\"f4\" src=\"/storage/blog/blog-in-01.jpg\" /></p>\n\n<p><br />\n    &nbsp;</p>\n\n<p><strong><em>For all of the reason above, here are 7 expert tips to help you pick up the right men&rsquo;s wallet for you:</em></strong></p>\n\n<h4><strong>Number 1: Choose A Neat Wallet</strong></h4>\n\n<p>The wallet is an essential accessory that you should go simple. Simplicity is the best in this case. A simple and neat wallet with the plain color and even&nbsp;<strong>minimalist style</strong>&nbsp;is versatile. It can be used for both formal and casual events. In addition, that wallet will go well with most of the clothes in your wardrobe.</p>\n\n<p>Keep in mind that a wallet will tell other people about your personality and your fashion sense as much as other clothes you put on. Hence, don&rsquo;t go cheesy on your wallet or else people will think that you have a funny and particular style.</p>\n\n<p style=\"text-align:center\"><img alt=\"f5\" src=\"/storage/blog/blog-in-02.jpg\" /></p>\n\n<p><br />\n    &nbsp;</p>\n<hr />\n<h4><strong>Number 2: Choose The Right Size For Your Wallet</strong></h4>\n\n<p>You should avoid having an over-sized wallet. Don&rsquo;t think that you need to buy a big wallet because you have a lot to carry with you. In addition, a fat wallet is very ugly. It will make it harder for you to slide the wallet into your trousers&rsquo; pocket. In addition, it will create a bulge and ruin your look.</p>\n\n<p>Before you go on to buy a new wallet, clean out your wallet and place all the items from your wallet on a table. Throw away things that you would never need any more such as the old bills or the expired gift cards. Remember to check your wallet on a frequent basis to get rid of all of the old stuff that you don&rsquo;t need anymore.</p>\n\n<p style=\"text-align:center\"><img alt=\"f1\" src=\"/storage/blog/blog-in-03.jpg\" /></p>\n\n<p><br />\n    &nbsp;</p>\n\n<hr />\n<h4><strong>Number 3: Don&rsquo;t Limit Your Options Of Materials</strong></h4>\n\n<p>The types and designs of wallets are not the only things that you should consider when you go out searching for your best wallet. You have more than 1 option of material rather than leather to choose from as well.</p>\n\n<p>You can experiment with other available options such as cotton, polyester and canvas. They all have their own pros and cons. As a result, they will be suitable for different needs and requirements. You should think about them all in order to choose the material which you would like the most.</p>\n\n<p style=\"text-align:center\"><img alt=\"f6\" src=\"/storage/blog/blog-in-04.jpg\" /></p>\n\n<p><br />\n    &nbsp;</p>\n\n<hr />\n<h4><strong>Number 4: Consider A Wallet As A Long Term Investment</strong></h4>\n\n<p>Your wallet is indeed an investment that you should consider spending a decent amount of time and effort on it. Another factor that you need to consider is how much you want to spend on your wallet. The price ranges of wallets on the market vary a great deal. You can find a wallet which is as cheap as about 5 to 7 dollars. On the other hand, you should expect to pay around 250 to 300 dollars for a high-quality wallet.</p>\n\n<p>In case you need a wallet to use for a long time, it is a good idea that you should invest a decent amount of money on a wallet. A high quality wallet from a reputational brand with the premium quality such as cowhide leather will last for a long time. In addition, it is an accessory to show off your fashion sense and your social status.</p>\n\n<p style=\"text-align:center\"><img alt=\"f2\" src=\"/storage/blog/blog-in-05.jpg\" /></p>\n\n<p>&nbsp;</p>\n','published',1,'Botble\\ACL\\Models\\User',0,'blog/10.jpg',1959,NULL,'2025-12-25 18:49:28','2025-12-25 18:49:28'),(11,'The litigants on the screen are not actors','Discover the latest insights, trends, and expert analysis in this comprehensive article that covers key aspects of the topic.','<p>I have seen many people underestimating the power of their wallets. To them, they are just a functional item they use to carry. As a result, they often end up with the wallets which are not really suitable for them.</p>\n\n<p>You should pay more attention when you choose your wallets. There are a lot of them on the market with the different designs and styles. When you choose carefully, you would be able to buy a wallet that is catered to your needs. Not to mention that it will help to enhance your style significantly.</p>\n\n<p style=\"text-align:center\"><img alt=\"f4\" src=\"/storage/blog/blog-in-01.jpg\" /></p>\n\n<p><br />\n    &nbsp;</p>\n\n<p><strong><em>For all of the reason above, here are 7 expert tips to help you pick up the right men&rsquo;s wallet for you:</em></strong></p>\n\n<h4><strong>Number 1: Choose A Neat Wallet</strong></h4>\n\n<p>The wallet is an essential accessory that you should go simple. Simplicity is the best in this case. A simple and neat wallet with the plain color and even&nbsp;<strong>minimalist style</strong>&nbsp;is versatile. It can be used for both formal and casual events. In addition, that wallet will go well with most of the clothes in your wardrobe.</p>\n\n<p>Keep in mind that a wallet will tell other people about your personality and your fashion sense as much as other clothes you put on. Hence, don&rsquo;t go cheesy on your wallet or else people will think that you have a funny and particular style.</p>\n\n<p style=\"text-align:center\"><img alt=\"f5\" src=\"/storage/blog/blog-in-02.jpg\" /></p>\n\n<p><br />\n    &nbsp;</p>\n<hr />\n<h4><strong>Number 2: Choose The Right Size For Your Wallet</strong></h4>\n\n<p>You should avoid having an over-sized wallet. Don&rsquo;t think that you need to buy a big wallet because you have a lot to carry with you. In addition, a fat wallet is very ugly. It will make it harder for you to slide the wallet into your trousers&rsquo; pocket. In addition, it will create a bulge and ruin your look.</p>\n\n<p>Before you go on to buy a new wallet, clean out your wallet and place all the items from your wallet on a table. Throw away things that you would never need any more such as the old bills or the expired gift cards. Remember to check your wallet on a frequent basis to get rid of all of the old stuff that you don&rsquo;t need anymore.</p>\n\n<p style=\"text-align:center\"><img alt=\"f1\" src=\"/storage/blog/blog-in-03.jpg\" /></p>\n\n<p><br />\n    &nbsp;</p>\n\n<hr />\n<h4><strong>Number 3: Don&rsquo;t Limit Your Options Of Materials</strong></h4>\n\n<p>The types and designs of wallets are not the only things that you should consider when you go out searching for your best wallet. You have more than 1 option of material rather than leather to choose from as well.</p>\n\n<p>You can experiment with other available options such as cotton, polyester and canvas. They all have their own pros and cons. As a result, they will be suitable for different needs and requirements. You should think about them all in order to choose the material which you would like the most.</p>\n\n<p style=\"text-align:center\"><img alt=\"f6\" src=\"/storage/blog/blog-in-04.jpg\" /></p>\n\n<p><br />\n    &nbsp;</p>\n\n<hr />\n<h4><strong>Number 4: Consider A Wallet As A Long Term Investment</strong></h4>\n\n<p>Your wallet is indeed an investment that you should consider spending a decent amount of time and effort on it. Another factor that you need to consider is how much you want to spend on your wallet. The price ranges of wallets on the market vary a great deal. You can find a wallet which is as cheap as about 5 to 7 dollars. On the other hand, you should expect to pay around 250 to 300 dollars for a high-quality wallet.</p>\n\n<p>In case you need a wallet to use for a long time, it is a good idea that you should invest a decent amount of money on a wallet. A high quality wallet from a reputational brand with the premium quality such as cowhide leather will last for a long time. In addition, it is an accessory to show off your fashion sense and your social status.</p>\n\n<p style=\"text-align:center\"><img alt=\"f2\" src=\"/storage/blog/blog-in-05.jpg\" /></p>\n\n<p>&nbsp;</p>\n','published',1,'Botble\\ACL\\Models\\User',0,'blog/11.jpg',2177,NULL,'2025-12-25 18:49:28','2025-12-25 18:49:28');
/*!40000 ALTER TABLE `posts` ENABLE KEYS */;
UNLOCK TABLES;

--
-- Table structure for table `posts_translations`
--

DROP TABLE IF EXISTS `posts_translations`;
/*!40101 SET @saved_cs_client     = @@character_set_client */;
/*!50503 SET character_set_client = utf8mb4 */;
CREATE TABLE `posts_translations` (
  `lang_code` varchar(20) COLLATE utf8mb4_unicode_ci NOT NULL,
  `posts_id` bigint unsigned NOT NULL,
  `name` varchar(191) COLLATE utf8mb4_unicode_ci DEFAULT NULL,
  `description` varchar(400) COLLATE utf8mb4_unicode_ci DEFAULT NULL,
  `content` longtext COLLATE utf8mb4_unicode_ci,
  PRIMARY KEY (`lang_code`,`posts_id`),
  KEY `idx_posts_trans_posts_id` (`posts_id`),
  KEY `idx_posts_trans_post_lang` (`posts_id`,`lang_code`)
) ENGINE=InnoDB DEFAULT CHARSET=utf8mb4 COLLATE=utf8mb4_unicode_ci;
/*!40101 SET character_set_client = @saved_cs_client */;

--
-- Dumping data for table `posts_translations`
--

LOCK TABLES `posts_translations` WRITE;
/*!40000 ALTER TABLE `posts_translations` DISABLE KEYS */;
/*!40000 ALTER TABLE `posts_translations` ENABLE KEYS */;
UNLOCK TABLES;

--
-- Table structure for table `push_notification_recipients`
--

DROP TABLE IF EXISTS `push_notification_recipients`;
/*!40101 SET @saved_cs_client     = @@character_set_client */;
/*!50503 SET character_set_client = utf8mb4 */;
CREATE TABLE `push_notification_recipients` (
  `id` bigint unsigned NOT NULL AUTO_INCREMENT,
  `push_notification_id` bigint unsigned NOT NULL,
  `user_type` varchar(50) COLLATE utf8mb4_unicode_ci NOT NULL,
  `user_id` bigint unsigned NOT NULL,
  `device_token` varchar(191) COLLATE utf8mb4_unicode_ci DEFAULT NULL,
  `platform` varchar(20) COLLATE utf8mb4_unicode_ci DEFAULT NULL,
  `status` varchar(20) COLLATE utf8mb4_unicode_ci NOT NULL DEFAULT 'sent',
  `sent_at` timestamp NULL DEFAULT NULL,
  `delivered_at` timestamp NULL DEFAULT NULL,
  `read_at` timestamp NULL DEFAULT NULL,
  `clicked_at` timestamp NULL DEFAULT NULL,
  `fcm_response` json DEFAULT NULL,
  `error_message` varchar(191) COLLATE utf8mb4_unicode_ci DEFAULT NULL,
  `created_at` timestamp NULL DEFAULT NULL,
  `updated_at` timestamp NULL DEFAULT NULL,
  PRIMARY KEY (`id`),
  KEY `pnr_notification_user_index` (`push_notification_id`,`user_type`,`user_id`),
  KEY `pnr_user_status_index` (`user_type`,`user_id`,`status`),
  KEY `pnr_user_read_index` (`user_type`,`user_id`,`read_at`),
  KEY `pnr_status_index` (`status`)
) ENGINE=InnoDB DEFAULT CHARSET=utf8mb4 COLLATE=utf8mb4_unicode_ci;
/*!40101 SET character_set_client = @saved_cs_client */;

--
-- Dumping data for table `push_notification_recipients`
--

LOCK TABLES `push_notification_recipients` WRITE;
/*!40000 ALTER TABLE `push_notification_recipients` DISABLE KEYS */;
/*!40000 ALTER TABLE `push_notification_recipients` ENABLE KEYS */;
UNLOCK TABLES;

--
-- Table structure for table `push_notifications`
--

DROP TABLE IF EXISTS `push_notifications`;
/*!40101 SET @saved_cs_client     = @@character_set_client */;
/*!50503 SET character_set_client = utf8mb4 */;
CREATE TABLE `push_notifications` (
  `id` bigint unsigned NOT NULL AUTO_INCREMENT,
  `title` varchar(191) COLLATE utf8mb4_unicode_ci NOT NULL,
  `message` text COLLATE utf8mb4_unicode_ci NOT NULL,
  `type` varchar(191) COLLATE utf8mb4_unicode_ci NOT NULL DEFAULT 'general',
  `target_type` varchar(191) COLLATE utf8mb4_unicode_ci DEFAULT NULL,
  `target_value` varchar(191) COLLATE utf8mb4_unicode_ci DEFAULT NULL,
  `action_url` varchar(191) COLLATE utf8mb4_unicode_ci DEFAULT NULL,
  `image_url` varchar(191) COLLATE utf8mb4_unicode_ci DEFAULT NULL,
  `data` json DEFAULT NULL,
  `status` varchar(191) COLLATE utf8mb4_unicode_ci NOT NULL DEFAULT 'sent',
  `sent_count` int NOT NULL DEFAULT '0',
  `failed_count` int NOT NULL DEFAULT '0',
  `delivered_count` int NOT NULL DEFAULT '0',
  `read_count` int NOT NULL DEFAULT '0',
  `scheduled_at` timestamp NULL DEFAULT NULL,
  `sent_at` timestamp NULL DEFAULT NULL,
  `created_by` bigint unsigned DEFAULT NULL,
  `created_at` timestamp NULL DEFAULT NULL,
  `updated_at` timestamp NULL DEFAULT NULL,
  PRIMARY KEY (`id`),
  KEY `push_notifications_type_created_at_index` (`type`,`created_at`),
  KEY `push_notifications_status_scheduled_at_index` (`status`,`scheduled_at`),
  KEY `push_notifications_created_by_index` (`created_by`)
) ENGINE=InnoDB DEFAULT CHARSET=utf8mb4 COLLATE=utf8mb4_unicode_ci;
/*!40101 SET character_set_client = @saved_cs_client */;

--
-- Dumping data for table `push_notifications`
--

LOCK TABLES `push_notifications` WRITE;
/*!40000 ALTER TABLE `push_notifications` DISABLE KEYS */;
/*!40000 ALTER TABLE `push_notifications` ENABLE KEYS */;
UNLOCK TABLES;

--
-- Table structure for table `revisions`
--

DROP TABLE IF EXISTS `revisions`;
/*!40101 SET @saved_cs_client     = @@character_set_client */;
/*!50503 SET character_set_client = utf8mb4 */;
CREATE TABLE `revisions` (
  `id` bigint unsigned NOT NULL AUTO_INCREMENT,
  `revisionable_type` varchar(191) COLLATE utf8mb4_unicode_ci NOT NULL,
  `revisionable_id` bigint unsigned NOT NULL,
  `user_id` bigint unsigned DEFAULT NULL,
  `key` varchar(120) COLLATE utf8mb4_unicode_ci NOT NULL,
  `old_value` text COLLATE utf8mb4_unicode_ci,
  `new_value` text COLLATE utf8mb4_unicode_ci,
  `created_at` timestamp NULL DEFAULT NULL,
  `updated_at` timestamp NULL DEFAULT NULL,
  PRIMARY KEY (`id`),
  KEY `revisions_revisionable_id_revisionable_type_index` (`revisionable_id`,`revisionable_type`)
) ENGINE=InnoDB DEFAULT CHARSET=utf8mb4 COLLATE=utf8mb4_unicode_ci;
/*!40101 SET character_set_client = @saved_cs_client */;

--
-- Dumping data for table `revisions`
--

LOCK TABLES `revisions` WRITE;
/*!40000 ALTER TABLE `revisions` DISABLE KEYS */;
/*!40000 ALTER TABLE `revisions` ENABLE KEYS */;
UNLOCK TABLES;

--
-- Table structure for table `role_users`
--

DROP TABLE IF EXISTS `role_users`;
/*!40101 SET @saved_cs_client     = @@character_set_client */;
/*!50503 SET character_set_client = utf8mb4 */;
CREATE TABLE `role_users` (
  `user_id` bigint unsigned NOT NULL,
  `role_id` bigint unsigned NOT NULL,
  `created_at` timestamp NULL DEFAULT NULL,
  `updated_at` timestamp NULL DEFAULT NULL,
  PRIMARY KEY (`user_id`,`role_id`),
  KEY `role_users_user_id_index` (`user_id`),
  KEY `role_users_role_id_index` (`role_id`)
) ENGINE=InnoDB DEFAULT CHARSET=utf8mb4 COLLATE=utf8mb4_unicode_ci;
/*!40101 SET character_set_client = @saved_cs_client */;

--
-- Dumping data for table `role_users`
--

LOCK TABLES `role_users` WRITE;
/*!40000 ALTER TABLE `role_users` DISABLE KEYS */;
/*!40000 ALTER TABLE `role_users` ENABLE KEYS */;
UNLOCK TABLES;

--
-- Table structure for table `roles`
--

DROP TABLE IF EXISTS `roles`;
/*!40101 SET @saved_cs_client     = @@character_set_client */;
/*!50503 SET character_set_client = utf8mb4 */;
CREATE TABLE `roles` (
  `id` bigint unsigned NOT NULL AUTO_INCREMENT,
  `slug` varchar(120) COLLATE utf8mb4_unicode_ci NOT NULL,
  `name` varchar(120) COLLATE utf8mb4_unicode_ci NOT NULL,
  `permissions` text COLLATE utf8mb4_unicode_ci,
  `description` varchar(400) COLLATE utf8mb4_unicode_ci DEFAULT NULL,
  `is_default` tinyint unsigned NOT NULL DEFAULT '0',
  `created_by` bigint unsigned NOT NULL,
  `updated_by` bigint unsigned NOT NULL,
  `created_at` timestamp NULL DEFAULT NULL,
  `updated_at` timestamp NULL DEFAULT NULL,
  PRIMARY KEY (`id`),
  UNIQUE KEY `roles_slug_unique` (`slug`),
  KEY `roles_created_by_index` (`created_by`),
  KEY `roles_updated_by_index` (`updated_by`)
) ENGINE=InnoDB AUTO_INCREMENT=2 DEFAULT CHARSET=utf8mb4 COLLATE=utf8mb4_unicode_ci;
/*!40101 SET character_set_client = @saved_cs_client */;

--
-- Dumping data for table `roles`
--

LOCK TABLES `roles` WRITE;
/*!40000 ALTER TABLE `roles` DISABLE KEYS */;
INSERT INTO `roles` VALUES (1,'admin','Admin','{\"users.index\":true,\"users.create\":true,\"users.edit\":true,\"users.destroy\":true,\"roles.index\":true,\"roles.create\":true,\"roles.edit\":true,\"roles.destroy\":true,\"core.system\":true,\"core.cms\":true,\"core.manage.license\":true,\"systems.cronjob\":true,\"core.tools\":true,\"tools.data-synchronize\":true,\"media.index\":true,\"files.index\":true,\"files.create\":true,\"files.edit\":true,\"files.trash\":true,\"files.destroy\":true,\"folders.index\":true,\"folders.create\":true,\"folders.edit\":true,\"folders.trash\":true,\"folders.destroy\":true,\"settings.index\":true,\"settings.common\":true,\"settings.options\":true,\"settings.email\":true,\"settings.media\":true,\"settings.admin-appearance\":true,\"settings.cache\":true,\"settings.datatables\":true,\"settings.email.rules\":true,\"settings.phone-number\":true,\"settings.others\":true,\"menus.index\":true,\"menus.create\":true,\"menus.edit\":true,\"menus.destroy\":true,\"optimize.settings\":true,\"pages.index\":true,\"pages.create\":true,\"pages.edit\":true,\"pages.destroy\":true,\"plugins.index\":true,\"plugins.edit\":true,\"plugins.remove\":true,\"plugins.marketplace\":true,\"sitemap.settings\":true,\"core.appearance\":true,\"theme.index\":true,\"theme.activate\":true,\"theme.remove\":true,\"theme.options\":true,\"theme.custom-css\":true,\"theme.custom-js\":true,\"theme.custom-html\":true,\"theme.robots-txt\":true,\"settings.website-tracking\":true,\"widgets.index\":true,\"ads.index\":true,\"ads.create\":true,\"ads.edit\":true,\"ads.destroy\":true,\"ads.settings\":true,\"analytics.general\":true,\"analytics.page\":true,\"analytics.browser\":true,\"analytics.referrer\":true,\"analytics.settings\":true,\"announcements.index\":true,\"announcements.create\":true,\"announcements.edit\":true,\"announcements.destroy\":true,\"announcements.settings\":true,\"audit-log.index\":true,\"audit-log.destroy\":true,\"backups.index\":true,\"backups.create\":true,\"backups.restore\":true,\"backups.destroy\":true,\"plugins.blog\":true,\"posts.index\":true,\"posts.create\":true,\"posts.edit\":true,\"posts.destroy\":true,\"categories.index\":true,\"categories.create\":true,\"categories.edit\":true,\"categories.destroy\":true,\"tags.index\":true,\"blog.reports\":true,\"tags.create\":true,\"tags.edit\":true,\"tags.destroy\":true,\"blog.settings\":true,\"posts.export\":true,\"posts.import\":true,\"captcha.settings\":true,\"contacts.index\":true,\"contacts.edit\":true,\"contacts.destroy\":true,\"contact.custom-fields\":true,\"contact.settings\":true,\"plugins.ecommerce\":true,\"ecommerce.report.index\":true,\"products.index\":true,\"products.create\":true,\"products.edit\":true,\"products.destroy\":true,\"products.duplicate\":true,\"ecommerce.product-prices.index\":true,\"ecommerce.product-prices.edit\":true,\"ecommerce.product-inventory.index\":true,\"ecommerce.product-inventory.edit\":true,\"product-categories.index\":true,\"product-categories.create\":true,\"product-categories.edit\":true,\"product-categories.destroy\":true,\"product-tag.index\":true,\"product-tag.create\":true,\"product-tag.edit\":true,\"product-tag.destroy\":true,\"brands.index\":true,\"brands.create\":true,\"brands.edit\":true,\"brands.destroy\":true,\"product-collections.index\":true,\"product-collections.create\":true,\"product-collections.edit\":true,\"product-collections.destroy\":true,\"product-attribute-sets.index\":true,\"product-attribute-sets.create\":true,\"product-attribute-sets.edit\":true,\"product-attribute-sets.destroy\":true,\"product-attributes.index\":true,\"product-attributes.create\":true,\"product-attributes.edit\":true,\"product-attributes.destroy\":true,\"tax.index\":true,\"tax.create\":true,\"tax.edit\":true,\"tax.destroy\":true,\"reviews.index\":true,\"reviews.create\":true,\"reviews.destroy\":true,\"reviews.publish\":true,\"reviews.reply\":true,\"ecommerce.shipments.index\":true,\"ecommerce.shipments.create\":true,\"ecommerce.shipments.edit\":true,\"ecommerce.shipments.destroy\":true,\"orders.index\":true,\"orders.create\":true,\"orders.edit\":true,\"orders.destroy\":true,\"discounts.index\":true,\"discounts.create\":true,\"discounts.edit\":true,\"discounts.destroy\":true,\"customers.index\":true,\"customers.create\":true,\"customers.edit\":true,\"customers.destroy\":true,\"ecommerce.customers.import\":true,\"ecommerce.customers.export\":true,\"flash-sale.index\":true,\"flash-sale.create\":true,\"flash-sale.edit\":true,\"flash-sale.destroy\":true,\"product-label.index\":true,\"product-label.create\":true,\"product-label.edit\":true,\"product-label.destroy\":true,\"ecommerce.import.products.index\":true,\"ecommerce.export.products.index\":true,\"order_returns.index\":true,\"order_returns.edit\":true,\"order_returns.destroy\":true,\"global-option.index\":true,\"global-option.create\":true,\"global-option.edit\":true,\"global-option.destroy\":true,\"ecommerce.invoice.index\":true,\"ecommerce.invoice.edit\":true,\"ecommerce.invoice.destroy\":true,\"ecommerce.settings\":true,\"ecommerce.settings.general\":true,\"ecommerce.invoice-template.index\":true,\"ecommerce.settings.currencies\":true,\"ecommerce.settings.products\":true,\"ecommerce.settings.product-search\":true,\"ecommerce.settings.digital-products\":true,\"ecommerce.settings.store-locators\":true,\"ecommerce.settings.invoices\":true,\"ecommerce.settings.product-reviews\":true,\"ecommerce.settings.customers\":true,\"ecommerce.settings.shopping\":true,\"ecommerce.settings.taxes\":true,\"ecommerce.settings.shipping\":true,\"ecommerce.shipping-rule-items.index\":true,\"ecommerce.shipping-rule-items.create\":true,\"ecommerce.shipping-rule-items.edit\":true,\"ecommerce.shipping-rule-items.destroy\":true,\"ecommerce.shipping-rule-items.bulk-import\":true,\"ecommerce.settings.tracking\":true,\"ecommerce.settings.standard-and-format\":true,\"ecommerce.settings.checkout\":true,\"ecommerce.settings.return\":true,\"ecommerce.settings.flash-sale\":true,\"ecommerce.settings.product-specification\":true,\"product-categories.export\":true,\"product-categories.import\":true,\"orders.export\":true,\"ecommerce.product-specification.index\":true,\"ecommerce.specification-groups.index\":true,\"ecommerce.specification-groups.create\":true,\"ecommerce.specification-groups.edit\":true,\"ecommerce.specification-groups.destroy\":true,\"ecommerce.specification-attributes.index\":true,\"ecommerce.specification-attributes.create\":true,\"ecommerce.specification-attributes.edit\":true,\"ecommerce.specification-attributes.destroy\":true,\"ecommerce.specification-tables.index\":true,\"ecommerce.specification-tables.create\":true,\"ecommerce.specification-tables.edit\":true,\"ecommerce.specification-tables.destroy\":true,\"plugin.faq\":true,\"faq.index\":true,\"faq.create\":true,\"faq.edit\":true,\"faq.destroy\":true,\"faq_category.index\":true,\"faq_category.create\":true,\"faq_category.edit\":true,\"faq_category.destroy\":true,\"faqs.settings\":true,\"galleries.index\":true,\"galleries.create\":true,\"galleries.edit\":true,\"galleries.destroy\":true,\"languages.index\":true,\"languages.create\":true,\"languages.edit\":true,\"languages.destroy\":true,\"translations.import\":true,\"translations.export\":true,\"property-translations.import\":true,\"property-translations.export\":true,\"plugin.location\":true,\"country.index\":true,\"country.create\":true,\"country.edit\":true,\"country.destroy\":true,\"state.index\":true,\"state.create\":true,\"state.edit\":true,\"state.destroy\":true,\"city.index\":true,\"city.create\":true,\"city.edit\":true,\"city.destroy\":true,\"newsletter.index\":true,\"newsletter.destroy\":true,\"newsletter.settings\":true,\"payment.index\":true,\"payments.settings\":true,\"payment.destroy\":true,\"payments.logs\":true,\"payments.logs.show\":true,\"payments.logs.destroy\":true,\"sale-popup.settings\":true,\"simple-slider.index\":true,\"simple-slider.create\":true,\"simple-slider.edit\":true,\"simple-slider.destroy\":true,\"simple-slider-item.index\":true,\"simple-slider-item.create\":true,\"simple-slider-item.edit\":true,\"simple-slider-item.destroy\":true,\"social-login.settings\":true,\"team.index\":true,\"team.create\":true,\"team.edit\":true,\"team.destroy\":true,\"testimonial.index\":true,\"testimonial.create\":true,\"testimonial.edit\":true,\"testimonial.destroy\":true,\"plugins.translation\":true,\"translations.locales\":true,\"translations.theme-translations\":true,\"translations.index\":true,\"theme-translations.export\":true,\"other-translations.export\":true,\"theme-translations.import\":true,\"other-translations.import\":true,\"api.settings\":true,\"api.sanctum-token.index\":true,\"api.sanctum-token.create\":true,\"api.sanctum-token.destroy\":true}','Admin users role',1,1,1,'2025-12-25 18:49:26','2025-12-25 18:49:26');
/*!40000 ALTER TABLE `roles` ENABLE KEYS */;
UNLOCK TABLES;

--
-- Table structure for table `sessions`
--

DROP TABLE IF EXISTS `sessions`;
/*!40101 SET @saved_cs_client     = @@character_set_client */;
/*!50503 SET character_set_client = utf8mb4 */;
CREATE TABLE `sessions` (
  `id` varchar(191) COLLATE utf8mb4_unicode_ci NOT NULL,
  `user_id` bigint unsigned DEFAULT NULL,
  `ip_address` varchar(45) COLLATE utf8mb4_unicode_ci DEFAULT NULL,
  `user_agent` text COLLATE utf8mb4_unicode_ci,
  `payload` longtext COLLATE utf8mb4_unicode_ci NOT NULL,
  `last_activity` int NOT NULL,
  PRIMARY KEY (`id`),
  KEY `sessions_user_id_index` (`user_id`),
  KEY `sessions_last_activity_index` (`last_activity`)
) ENGINE=InnoDB DEFAULT CHARSET=utf8mb4 COLLATE=utf8mb4_unicode_ci;
/*!40101 SET character_set_client = @saved_cs_client */;

--
-- Dumping data for table `sessions`
--

LOCK TABLES `sessions` WRITE;
/*!40000 ALTER TABLE `sessions` DISABLE KEYS */;
/*!40000 ALTER TABLE `sessions` ENABLE KEYS */;
UNLOCK TABLES;

--
-- Table structure for table `settings`
--

DROP TABLE IF EXISTS `settings`;
/*!40101 SET @saved_cs_client     = @@character_set_client */;
/*!50503 SET character_set_client = utf8mb4 */;
CREATE TABLE `settings` (
  `id` bigint unsigned NOT NULL AUTO_INCREMENT,
  `key` varchar(191) COLLATE utf8mb4_unicode_ci NOT NULL,
  `value` text COLLATE utf8mb4_unicode_ci,
  `created_at` timestamp NULL DEFAULT NULL,
  `updated_at` timestamp NULL DEFAULT NULL,
  PRIMARY KEY (`id`),
  UNIQUE KEY `settings_key_unique` (`key`)
) ENGINE=InnoDB AUTO_INCREMENT=82 DEFAULT CHARSET=utf8mb4 COLLATE=utf8mb4_unicode_ci;
/*!40101 SET character_set_client = @saved_cs_client */;

--
-- Dumping data for table `settings`
--

LOCK TABLES `settings` WRITE;
/*!40000 ALTER TABLE `settings` DISABLE KEYS */;
INSERT INTO `settings` VALUES (1,'media_random_hash','2b9824420829e3198969e01e5faa6e7d',NULL,'2025-12-25 18:50:00'),(2,'api_enabled','0',NULL,'2025-12-25 18:50:00'),(3,'activated_plugins','[\"language\",\"language-advanced\",\"ads\",\"analytics\",\"announcement\",\"audit-log\",\"backup\",\"blog\",\"captcha\",\"contact\",\"cookie-consent\",\"ecommerce\",\"faq\",\"gallery\",\"location\",\"mollie\",\"newsletter\",\"payment\",\"paypal\",\"paystack\",\"razorpay\",\"sale-popup\",\"shippo\",\"simple-slider\",\"social-login\",\"sslcommerz\",\"stripe\",\"team\",\"testimonial\",\"translation\"]',NULL,'2025-12-25 18:50:00'),(4,'analytics_dashboard_widgets','0','2025-12-25 18:49:22','2025-12-25 18:49:22'),(5,'enable_recaptcha_botble_contact_forms_fronts_contact_form','1','2025-12-25 18:49:22','2025-12-25 18:49:22'),(6,'api_layer_api_key','',NULL,'2025-12-25 18:50:00'),(9,'enable_recaptcha_botble_newsletter_forms_fronts_newsletter_form','1','2025-12-25 18:49:25','2025-12-25 18:49:25'),(10,'payment_cod_fee_type','fixed',NULL,'2025-12-25 18:50:00'),(11,'payment_bank_transfer_fee_type','fixed',NULL,'2025-12-25 18:50:00'),(12,'theme','ninico',NULL,'2025-12-25 18:50:00'),(13,'show_admin_bar','1',NULL,'2025-12-25 18:50:00'),(14,'language_hide_default','1',NULL,'2025-12-25 18:50:00'),(15,'language_switcher_display','dropdown',NULL,'2025-12-25 18:50:00'),(16,'language_display','all',NULL,'2025-12-25 18:50:00'),(17,'language_hide_languages','[]',NULL,'2025-12-25 18:50:00'),(18,'admin_favicon','general/favicon.png',NULL,'2025-12-25 18:50:00'),(19,'admin_logo','general/logo-white.png',NULL,'2025-12-25 18:50:00'),(20,'payment_cod_status','1',NULL,'2025-12-25 18:50:00'),(21,'payment_bank_transfer_status','1',NULL,'2025-12-25 18:50:00'),(22,'payment_cod_description','Please pay money directly to the postman, if you choose cash on delivery method (COD).',NULL,'2025-12-25 18:50:00'),(23,'payment_bank_transfer_description','Please send money to our bank account: ACB - 69270 213 19.',NULL,'2025-12-25 18:50:00'),(24,'payment_stripe_payment_type','stripe_checkout',NULL,'2025-12-25 18:50:00'),(25,'plugins_ecommerce_customer_new_order_status','0',NULL,'2025-12-25 18:50:00'),(26,'plugins_ecommerce_admin_new_order_status','0',NULL,'2025-12-25 18:50:00'),(27,'ecommerce_is_enabled_support_digital_products','1',NULL,'2025-12-25 18:50:00'),(28,'ecommerce_enable_license_codes_for_digital_products','1',NULL,'2025-12-25 18:50:00'),(29,'ecommerce_auto_complete_digital_orders_after_payment','1',NULL,'2025-12-25 18:50:00'),(30,'ecommerce_load_countries_states_cities_from_location_plugin','0',NULL,'2025-12-25 18:50:00'),(31,'ecommerce_product_sku_format','SF-2443-%s%s%s%s',NULL,'2025-12-25 18:50:00'),(32,'ecommerce_store_order_prefix','SF',NULL,'2025-12-25 18:50:00'),(33,'ecommerce_enable_product_specification','1',NULL,'2025-12-25 18:50:00'),(34,'payment_bank_transfer_display_bank_info_at_the_checkout_success_page','1',NULL,'2025-12-25 18:50:00'),(35,'payment_cod_logo','payments/cod.png',NULL,'2025-12-25 18:50:00'),(36,'payment_bank_transfer_logo','payments/bank-transfer.png',NULL,'2025-12-25 18:50:00'),(37,'payment_stripe_logo','payments/stripe.webp',NULL,'2025-12-25 18:50:00'),(38,'payment_paypal_logo','payments/paypal.png',NULL,'2025-12-25 18:50:00'),(39,'payment_mollie_logo','payments/mollie.png',NULL,'2025-12-25 18:50:00'),(40,'payment_paystack_logo','payments/paystack.png',NULL,'2025-12-25 18:50:00'),(41,'payment_razorpay_logo','payments/razorpay.png',NULL,'2025-12-25 18:50:00'),(42,'payment_sslcommerz_logo','payments/sslcommerz.png',NULL,'2025-12-25 18:50:00'),(43,'permalink-botble-blog-models-post','blog',NULL,'2025-12-25 18:50:00'),(44,'permalink-botble-blog-models-category','blog',NULL,'2025-12-25 18:50:00'),(45,'theme-ninico-site_title','Ninico - Minimal eCommerce',NULL,'2025-12-25 18:50:00'),(46,'theme-ninico-seo_description','Ninico is a modern and flexible Minimal eCommerce Laravel script. This script is suited for electronic, organic and grocery store, furniture store, clothing store, hitech store and accessories store...',NULL,'2025-12-25 18:50:00'),(47,'theme-ninico-favicon','general/favicon.png',NULL,'2025-12-25 18:50:00'),(48,'theme-ninico-logo_light','general/logo-white.png',NULL,'2025-12-25 18:50:00'),(49,'theme-ninico-logo','general/logo.png',NULL,'2025-12-25 18:50:00'),(50,'theme-ninico-primary_font','Jost',NULL,'2025-12-25 18:50:00'),(51,'theme-ninico-primary_color','#d51243',NULL,'2025-12-25 18:50:00'),(52,'theme-ninico-hotline','908. 408. 501. 89',NULL,'2025-12-25 18:50:00'),(53,'theme-ninico-homepage_id','1',NULL,'2025-12-25 18:50:00'),(54,'theme-ninico-blog_page_id','6',NULL,'2025-12-25 18:50:00'),(55,'theme-ninico-cart_footer_description','Free shipping for orders <b>under 10km</b>',NULL,'2025-12-25 18:50:00'),(56,'theme-ninico-breadcrumb_background','banners/breadcrumb-01.jpg',NULL,'2025-12-25 18:50:00'),(57,'theme-ninico-login_background','banners/login-bg.jpg',NULL,'2025-12-25 18:50:00'),(58,'theme-ninico-register_background','banners/sign-bg.jpg',NULL,'2025-12-25 18:50:00'),(59,'theme-ninico-404_not_found_icon','icons/error.png',NULL,'2025-12-25 18:50:00'),(60,'theme-ninico-order_tracking_background','banners/track-bg.jpg',NULL,'2025-12-25 18:50:00'),(61,'theme-ninico-default_product_list_layout','grid',NULL,'2025-12-25 18:50:00'),(62,'theme-ninico-number_of_products_per_page','30',NULL,'2025-12-25 18:50:00'),(63,'theme-ninico-footer_background_color','#F8F8F8',NULL,'2025-12-25 18:50:00'),(64,'theme-ninico-footer_text_color','#000000',NULL,'2025-12-25 18:50:00'),(65,'theme-ninico-footer_text_muted_color','#686666',NULL,'2025-12-25 18:50:00'),(66,'theme-ninico-footer_border_color','#E0E0E0',NULL,'2025-12-25 18:50:00'),(67,'theme-ninico-footer_bottom_background_color','#ededed',NULL,'2025-12-25 18:50:00'),(68,'theme-ninico-preloader_version','v2',NULL,'2025-12-25 18:50:00'),(69,'theme-ninico-newsletter_popup_enable','1',NULL,'2025-12-25 18:50:00'),(70,'theme-ninico-newsletter_popup_image','general/newsletter-popup.png',NULL,'2025-12-25 18:50:00'),(71,'theme-ninico-newsletter_popup_title','Subscribe Now',NULL,'2025-12-25 18:50:00'),(72,'theme-ninico-newsletter_popup_subtitle','Newsletter',NULL,'2025-12-25 18:50:00'),(73,'theme-ninico-newsletter_popup_description','Subscribe to our newsletter and get 10% off your first purchase',NULL,'2025-12-25 18:50:00'),(74,'theme-ninico-social_links','[[{\"key\":\"name\",\"value\":\"Facebook\"},{\"key\":\"icon\",\"value\":\"ti ti-brand-facebook\"},{\"key\":\"url\",\"value\":\"https:\\/\\/www.facebook.com\"}],[{\"key\":\"name\",\"value\":\"X (Twitter)\"},{\"key\":\"icon\",\"value\":\"ti ti-brand-x\"},{\"key\":\"url\",\"value\":\"https:\\/\\/x.com\"}],[{\"key\":\"name\",\"value\":\"YouTube\"},{\"key\":\"icon\",\"value\":\"ti ti-brand-youtube\"},{\"key\":\"url\",\"value\":\"https:\\/\\/www.youtube.com\"}],[{\"key\":\"name\",\"value\":\"Instagram\"},{\"key\":\"icon\",\"value\":\"ti ti-brand-linkedin\"},{\"key\":\"url\",\"value\":\"https:\\/\\/www.linkedin.com\"}]]',NULL,'2025-12-25 18:50:00'),(75,'announcement_text_alignment','start',NULL,NULL),(76,'announcement_background_color','#f3eee7',NULL,NULL),(77,'announcement_text_color','#000000',NULL,NULL),(78,'announcement_font_size','13',NULL,NULL),(79,'announcement_font_size_unit','px',NULL,NULL),(80,'announcement_autoplay','1',NULL,NULL),(81,'announcement_autoplay_delay','5000',NULL,NULL);
/*!40000 ALTER TABLE `settings` ENABLE KEYS */;
UNLOCK TABLES;

--
-- Table structure for table `simple_slider_items`
--

DROP TABLE IF EXISTS `simple_slider_items`;
/*!40101 SET @saved_cs_client     = @@character_set_client */;
/*!50503 SET character_set_client = utf8mb4 */;
CREATE TABLE `simple_slider_items` (
  `id` bigint unsigned NOT NULL AUTO_INCREMENT,
  `simple_slider_id` bigint unsigned NOT NULL,
  `title` varchar(191) COLLATE utf8mb4_unicode_ci DEFAULT NULL,
  `image` varchar(191) COLLATE utf8mb4_unicode_ci NOT NULL,
  `link` varchar(191) COLLATE utf8mb4_unicode_ci DEFAULT NULL,
  `description` text COLLATE utf8mb4_unicode_ci,
  `order` int unsigned NOT NULL DEFAULT '0',
  `created_at` timestamp NULL DEFAULT NULL,
  `updated_at` timestamp NULL DEFAULT NULL,
  PRIMARY KEY (`id`)
) ENGINE=InnoDB AUTO_INCREMENT=16 DEFAULT CHARSET=utf8mb4 COLLATE=utf8mb4_unicode_ci;
/*!40101 SET character_set_client = @saved_cs_client */;

--
-- Dumping data for table `simple_slider_items`
--

LOCK TABLES `simple_slider_items` WRITE;
/*!40000 ALTER TABLE `simple_slider_items` DISABLE KEYS */;
INSERT INTO `simple_slider_items` VALUES (1,1,'Up To <i>40% Off</i> latest Creations','sliders/banner-1.jpg','/products','Accessories',1,'2025-12-25 18:49:34','2025-12-25 18:49:34'),(2,1,'Up To <i>40% Off</i> latest Creations','sliders/banner-2.jpg','/products','Accessories',2,'2025-12-25 18:49:34','2025-12-25 18:49:34'),(3,1,'Up To <i>40% Off</i> latest Creations','sliders/banner-3.jpg','/products','Accessories',3,'2025-12-25 18:49:34','2025-12-25 18:49:34'),(4,2,'Exclusive <br> Winter Collection','sliders/slider-01.png','/products','New Modern Stylist Fashionable Women\'s Wear holder',1,'2025-12-25 18:49:34','2025-12-25 18:49:34'),(5,2,'Exclusive <br> Women\'s Fashion','sliders/slider-02.png','/products','New Modern Stylist Fashionable Women\'s Wear holder',2,'2025-12-25 18:49:34','2025-12-25 18:49:34'),(6,2,'Exclusive <br> Summer Collection','sliders/slider-03.png','/products','New Modern Stylist Fashionable Women\'s Wear holder',3,'2025-12-25 18:49:34','2025-12-25 18:49:34'),(7,3,'Wooden <br> Lounge Furniture','sliders/slider-04.png','/products','New Modern Stylist Fashionable Women\'s Wear holder',1,'2025-12-25 18:49:34','2025-12-25 18:49:34'),(8,3,'Wooden <br> Lounge Chair','sliders/slider-05.png','/products',NULL,2,'2025-12-25 18:49:34','2025-12-25 18:49:34'),(9,3,'Wooden <br> Houston Furniture','sliders/slider-06.png','/products',NULL,3,'2025-12-25 18:49:34','2025-12-25 18:49:34'),(10,4,'Will Never <br> Compromise Beauty','sliders/slider-bg-04.png','/products','New Modern Stylist Fashionable Women\'s Wear holder',1,'2025-12-25 18:49:34','2025-12-25 18:49:34'),(11,4,'Will Never <br> Compromise Glow','sliders/slider-bg-05.png','/products','New Modern Stylist Fashionable Women\'s Wear holder',2,'2025-12-25 18:49:34','2025-12-25 18:49:34'),(12,4,'Will Never <br> Compromise Health','sliders/slider-bg-06.png','/products','New Modern Stylist Fashionable Women\'s Wear holder',3,'2025-12-25 18:49:34','2025-12-25 18:49:34'),(13,5,'Fresh Grocery <br> Products.','sliders/slider-05-bg-1.jpg','/products','Quality &amp; Fresh Products',1,'2025-12-25 18:49:34','2025-12-25 18:49:34'),(14,5,'Fresh Grocery <br> Products.','sliders/slider-05-bg-2.jpg','/products','Quality &amp; Fresh Products',2,'2025-12-25 18:49:34','2025-12-25 18:49:34'),(15,5,'Fresh Grocery <br> Products.','sliders/slider-05-bg-3.jpg','/products','Quality &amp; Fresh Products',3,'2025-12-25 18:49:34','2025-12-25 18:49:34');
/*!40000 ALTER TABLE `simple_slider_items` ENABLE KEYS */;
UNLOCK TABLES;

--
-- Table structure for table `simple_sliders`
--

DROP TABLE IF EXISTS `simple_sliders`;
/*!40101 SET @saved_cs_client     = @@character_set_client */;
/*!50503 SET character_set_client = utf8mb4 */;
CREATE TABLE `simple_sliders` (
  `id` bigint unsigned NOT NULL AUTO_INCREMENT,
  `name` varchar(120) COLLATE utf8mb4_unicode_ci NOT NULL,
  `key` varchar(120) COLLATE utf8mb4_unicode_ci NOT NULL,
  `description` varchar(400) COLLATE utf8mb4_unicode_ci DEFAULT NULL,
  `status` varchar(60) COLLATE utf8mb4_unicode_ci NOT NULL DEFAULT 'published',
  `created_at` timestamp NULL DEFAULT NULL,
  `updated_at` timestamp NULL DEFAULT NULL,
  PRIMARY KEY (`id`)
) ENGINE=InnoDB AUTO_INCREMENT=6 DEFAULT CHARSET=utf8mb4 COLLATE=utf8mb4_unicode_ci;
/*!40101 SET character_set_client = @saved_cs_client */;

--
-- Dumping data for table `simple_sliders`
--

LOCK TABLES `simple_sliders` WRITE;
/*!40000 ALTER TABLE `simple_sliders` DISABLE KEYS */;
INSERT INTO `simple_sliders` VALUES (1,'Slider home 1','slider-home-1','The slider on home page 1','published','2025-12-25 18:49:34','2025-12-25 18:49:34'),(2,'Slider home 2','slider-home-2','The slider on home page 2','published','2025-12-25 18:49:34','2025-12-25 18:49:34'),(3,'Slider Furniture','slider-furniture','The slider for furniture style','published','2025-12-25 18:49:34','2025-12-25 18:49:34'),(4,'Slider Cosmetics','slider-cosmetics','The slider for cosmetics style','published','2025-12-25 18:49:34','2025-12-25 18:49:34'),(5,'Slider Grocery','slider-grocery','The slider for grocery style','published','2025-12-25 18:49:34','2025-12-25 18:49:34');
/*!40000 ALTER TABLE `simple_sliders` ENABLE KEYS */;
UNLOCK TABLES;

--
-- Table structure for table `slugs`
--

DROP TABLE IF EXISTS `slugs`;
/*!40101 SET @saved_cs_client     = @@character_set_client */;
/*!50503 SET character_set_client = utf8mb4 */;
CREATE TABLE `slugs` (
  `id` bigint unsigned NOT NULL AUTO_INCREMENT,
  `key` varchar(191) COLLATE utf8mb4_unicode_ci NOT NULL,
  `reference_id` bigint unsigned NOT NULL,
  `reference_type` varchar(191) COLLATE utf8mb4_unicode_ci NOT NULL,
  `prefix` varchar(120) COLLATE utf8mb4_unicode_ci DEFAULT '',
  `created_at` timestamp NULL DEFAULT NULL,
  `updated_at` timestamp NULL DEFAULT NULL,
  PRIMARY KEY (`id`),
  KEY `slugs_reference_id_index` (`reference_id`),
  KEY `slugs_key_index` (`key`),
  KEY `slugs_prefix_index` (`prefix`),
  KEY `slugs_reference_index` (`reference_id`,`reference_type`),
  KEY `idx_key_prefix` (`key`,`prefix`),
  KEY `idx_slugs_reference` (`reference_type`,`reference_id`)
) ENGINE=InnoDB AUTO_INCREMENT=342 DEFAULT CHARSET=utf8mb4 COLLATE=utf8mb4_unicode_ci;
/*!40101 SET character_set_client = @saved_cs_client */;

--
-- Dumping data for table `slugs`
--

LOCK TABLES `slugs` WRITE;
/*!40000 ALTER TABLE `slugs` DISABLE KEYS */;
INSERT INTO `slugs` VALUES (1,'ecommerce',1,'Botble\\Blog\\Models\\Category','blog','2025-12-25 18:49:28','2025-12-25 18:49:28'),(2,'fashion',2,'Botble\\Blog\\Models\\Category','blog','2025-12-25 18:49:28','2025-12-25 18:49:28'),(3,'electronic',3,'Botble\\Blog\\Models\\Category','blog','2025-12-25 18:49:28','2025-12-25 18:49:28'),(4,'commercial',4,'Botble\\Blog\\Models\\Category','blog','2025-12-25 18:49:28','2025-12-25 18:49:28'),(5,'general',1,'Botble\\Blog\\Models\\Tag','tag','2025-12-25 18:49:28','2025-12-25 18:49:28'),(6,'design',2,'Botble\\Blog\\Models\\Tag','tag','2025-12-25 18:49:28','2025-12-25 18:49:28'),(7,'fashion',3,'Botble\\Blog\\Models\\Tag','tag','2025-12-25 18:49:28','2025-12-25 18:49:28'),(8,'branding',4,'Botble\\Blog\\Models\\Tag','tag','2025-12-25 18:49:28','2025-12-25 18:49:28'),(9,'modern',5,'Botble\\Blog\\Models\\Tag','tag','2025-12-25 18:49:28','2025-12-25 18:49:28'),(10,'4-expert-tips-on-how-to-choose-the-right-mens-wallet',1,'Botble\\Blog\\Models\\Post','blog','2025-12-25 18:49:28','2025-12-25 18:49:28'),(11,'sexy-clutches-how-to-buy-wear-a-designer-clutch-bag',2,'Botble\\Blog\\Models\\Post','blog','2025-12-25 18:49:28','2025-12-25 18:49:28'),(12,'the-top-2020-handbag-trends-to-know',3,'Botble\\Blog\\Models\\Post','blog','2025-12-25 18:49:28','2025-12-25 18:49:28'),(13,'how-to-match-the-color-of-your-handbag-with-an-outfit',4,'Botble\\Blog\\Models\\Post','blog','2025-12-25 18:49:28','2025-12-25 18:49:28'),(14,'how-to-care-for-leather-bags',5,'Botble\\Blog\\Models\\Post','blog','2025-12-25 18:49:28','2025-12-25 18:49:28'),(15,'were-crushing-hard-on-summers-10-biggest-bag-trends',6,'Botble\\Blog\\Models\\Post','blog','2025-12-25 18:49:28','2025-12-25 18:49:28'),(16,'essential-qualities-of-highly-successful-music',7,'Botble\\Blog\\Models\\Post','blog','2025-12-25 18:49:28','2025-12-25 18:49:28'),(17,'9-things-i-love-about-shaving-my-head',8,'Botble\\Blog\\Models\\Post','blog','2025-12-25 18:49:28','2025-12-25 18:49:28'),(18,'why-teamwork-really-makes-the-dream-work',9,'Botble\\Blog\\Models\\Post','blog','2025-12-25 18:49:28','2025-12-25 18:49:28'),(19,'the-world-caters-to-average-people',10,'Botble\\Blog\\Models\\Post','blog','2025-12-25 18:49:28','2025-12-25 18:49:28'),(20,'the-litigants-on-the-screen-are-not-actors',11,'Botble\\Blog\\Models\\Post','blog','2025-12-25 18:49:28','2025-12-25 18:49:28'),(21,'wooden-home',1,'Botble\\Page\\Models\\Page','','2025-12-25 18:49:29','2025-12-25 18:49:29'),(22,'fashion-home',2,'Botble\\Page\\Models\\Page','','2025-12-25 18:49:29','2025-12-25 18:49:29'),(23,'furniture-home',3,'Botble\\Page\\Models\\Page','','2025-12-25 18:49:29','2025-12-25 18:49:29'),(24,'cosmetics-home',4,'Botble\\Page\\Models\\Page','','2025-12-25 18:49:29','2025-12-25 18:49:29'),(25,'food-grocery-home',5,'Botble\\Page\\Models\\Page','','2025-12-25 18:49:29','2025-12-25 18:49:29'),(26,'blog',6,'Botble\\Page\\Models\\Page','','2025-12-25 18:49:29','2025-12-25 18:49:29'),(27,'about',7,'Botble\\Page\\Models\\Page','','2025-12-25 18:49:30','2025-12-25 18:49:30'),(28,'contact',8,'Botble\\Page\\Models\\Page','','2025-12-25 18:49:30','2025-12-25 18:49:30'),(29,'coming-soon',9,'Botble\\Page\\Models\\Page','','2025-12-25 18:49:30','2025-12-25 18:49:30'),(30,'store-locator',10,'Botble\\Page\\Models\\Page','','2025-12-25 18:49:30','2025-12-25 18:49:30'),(31,'faqs',11,'Botble\\Page\\Models\\Page','','2025-12-25 18:49:30','2025-12-25 18:49:30'),(32,'fashion-live',1,'Botble\\Ecommerce\\Models\\Brand','brands','2025-12-25 18:49:35','2025-12-25 18:49:35'),(33,'hand-crafted',2,'Botble\\Ecommerce\\Models\\Brand','brands','2025-12-25 18:49:35','2025-12-25 18:49:35'),(34,'mestonix',3,'Botble\\Ecommerce\\Models\\Brand','brands','2025-12-25 18:49:35','2025-12-25 18:49:35'),(35,'sunshine',4,'Botble\\Ecommerce\\Models\\Brand','brands','2025-12-25 18:49:35','2025-12-25 18:49:35'),(36,'pure',5,'Botble\\Ecommerce\\Models\\Brand','brands','2025-12-25 18:49:35','2025-12-25 18:49:35'),(37,'anfold',6,'Botble\\Ecommerce\\Models\\Brand','brands','2025-12-25 18:49:35','2025-12-25 18:49:35'),(38,'pro-glasses',1,'Botble\\Ecommerce\\Models\\ProductCategory','product-categories','2025-12-25 18:49:35','2025-12-25 18:49:35'),(39,'casual-shoes',2,'Botble\\Ecommerce\\Models\\ProductCategory','product-categories','2025-12-25 18:49:35','2025-12-25 18:49:35'),(40,'winter-jacket',3,'Botble\\Ecommerce\\Models\\ProductCategory','product-categories','2025-12-25 18:49:35','2025-12-25 18:49:35'),(41,'new-added',4,'Botble\\Ecommerce\\Models\\ProductCategory','product-categories','2025-12-25 18:49:35','2025-12-25 18:49:35'),(42,'wooden',5,'Botble\\Ecommerce\\Models\\ProductCategory','product-categories','2025-12-25 18:49:35','2025-12-25 18:49:35'),(43,'furniture',6,'Botble\\Ecommerce\\Models\\ProductCategory','product-categories','2025-12-25 18:49:35','2025-12-25 18:49:35'),(44,'clock',7,'Botble\\Ecommerce\\Models\\ProductCategory','product-categories','2025-12-25 18:49:35','2025-12-25 18:49:35'),(45,'gifts',8,'Botble\\Ecommerce\\Models\\ProductCategory','product-categories','2025-12-25 18:49:35','2025-12-25 18:49:35'),(46,'crafts',9,'Botble\\Ecommerce\\Models\\ProductCategory','product-categories','2025-12-25 18:49:35','2025-12-25 18:49:35'),(47,'gift-sets',10,'Botble\\Ecommerce\\Models\\ProductCategory','product-categories','2025-12-25 18:49:35','2025-12-25 18:49:35'),(48,'plastic-gifts',11,'Botble\\Ecommerce\\Models\\ProductCategory','product-categories','2025-12-25 18:49:35','2025-12-25 18:49:35'),(49,'handy-cream',12,'Botble\\Ecommerce\\Models\\ProductCategory','product-categories','2025-12-25 18:49:35','2025-12-25 18:49:35'),(50,'cosmetics',13,'Botble\\Ecommerce\\Models\\ProductCategory','product-categories','2025-12-25 18:49:35','2025-12-25 18:49:35'),(51,'silk-accessories',14,'Botble\\Ecommerce\\Models\\ProductCategory','product-categories','2025-12-25 18:49:35','2025-12-25 18:49:35'),(52,'finest-skincare-lotions',15,'Botble\\Ecommerce\\Models\\ProductCategory','product-categories','2025-12-25 18:49:35','2025-12-25 18:49:35'),(53,'bags-purses',16,'Botble\\Ecommerce\\Models\\ProductCategory','product-categories','2025-12-25 18:49:35','2025-12-25 18:49:35'),(54,'sunglasses',17,'Botble\\Ecommerce\\Models\\ProductCategory','product-categories','2025-12-25 18:49:35','2025-12-25 18:49:35'),(55,'electronic',1,'Botble\\Ecommerce\\Models\\ProductTag','product-tags','2025-12-25 18:49:35','2025-12-25 18:49:35'),(56,'mobile',2,'Botble\\Ecommerce\\Models\\ProductTag','product-tags','2025-12-25 18:49:35','2025-12-25 18:49:35'),(57,'iphone',3,'Botble\\Ecommerce\\Models\\ProductTag','product-tags','2025-12-25 18:49:35','2025-12-25 18:49:35'),(58,'printer',4,'Botble\\Ecommerce\\Models\\ProductTag','product-tags','2025-12-25 18:49:35','2025-12-25 18:49:35'),(59,'office',5,'Botble\\Ecommerce\\Models\\ProductTag','product-tags','2025-12-25 18:49:35','2025-12-25 18:49:35'),(60,'it',6,'Botble\\Ecommerce\\Models\\ProductTag','product-tags','2025-12-25 18:49:35','2025-12-25 18:49:35'),(61,'miko-wooden-bluetooth-speaker',1,'Botble\\Ecommerce\\Models\\Product','products','2025-12-25 18:49:42','2025-12-25 18:49:42'),(62,'gorgeous-wooden-gloves',2,'Botble\\Ecommerce\\Models\\Product','products','2025-12-25 18:49:42','2025-12-25 18:49:42'),(63,'pinkol-enormous-granite-bottle',3,'Botble\\Ecommerce\\Models\\Product','products','2025-12-25 18:49:42','2025-12-25 18:49:42'),(64,'gorgeous-aluminum-table',4,'Botble\\Ecommerce\\Models\\Product','products','2025-12-25 18:49:42','2025-12-25 18:49:42'),(65,'evo-lightweight-granite-shirt',5,'Botble\\Ecommerce\\Models\\Product','products','2025-12-25 18:49:42','2025-12-25 18:49:42'),(66,'clco-incredible-paper-car',6,'Botble\\Ecommerce\\Models\\Product','products','2025-12-25 18:49:42','2025-12-25 18:49:42'),(67,'progash-durable-granite-hat',7,'Botble\\Ecommerce\\Models\\Product','products','2025-12-25 18:49:42','2025-12-25 18:49:42'),(68,'purab-enormous-miranda-bottle',8,'Botble\\Ecommerce\\Models\\Product','products','2025-12-25 18:49:42','2025-12-25 18:49:42'),(69,'miklonda-co-crafted-candles',9,'Botble\\Ecommerce\\Models\\Product','products','2025-12-25 18:49:42','2025-12-25 18:49:42'),(70,'pinkol-enormous-granite-bottle',10,'Botble\\Ecommerce\\Models\\Product','products','2025-12-25 18:49:42','2025-12-25 18:49:42'),(71,'dual-camera-20mp',11,'Botble\\Ecommerce\\Models\\Product','products','2025-12-25 18:49:42','2025-12-25 18:49:42'),(72,'smart-watches',12,'Botble\\Ecommerce\\Models\\Product','products','2025-12-25 18:49:42','2025-12-25 18:49:42'),(73,'beat-headphone',13,'Botble\\Ecommerce\\Models\\Product','products','2025-12-25 18:49:42','2025-12-25 18:49:42'),(74,'red-black-headphone',14,'Botble\\Ecommerce\\Models\\Product','products','2025-12-25 18:49:42','2025-12-25 18:49:42'),(75,'smart-watch-external',15,'Botble\\Ecommerce\\Models\\Product','products','2025-12-25 18:49:42','2025-12-25 18:49:42'),(76,'nikon-hd-camera',16,'Botble\\Ecommerce\\Models\\Product','products','2025-12-25 18:49:42','2025-12-25 18:49:42'),(77,'audio-equipment',17,'Botble\\Ecommerce\\Models\\Product','products','2025-12-25 18:49:42','2025-12-25 18:49:42'),(78,'smart-televisions',18,'Botble\\Ecommerce\\Models\\Product','products','2025-12-25 18:49:42','2025-12-25 18:49:42'),(79,'samsung-smart-phone',19,'Botble\\Ecommerce\\Models\\Product','products','2025-12-25 18:49:42','2025-12-25 18:49:42'),(80,'herschel-leather-duffle-bag-in-brown-color',20,'Botble\\Ecommerce\\Models\\Product','products','2025-12-25 18:49:42','2025-12-25 18:49:42'),(81,'xbox-one-wireless-controller-black-color',21,'Botble\\Ecommerce\\Models\\Product','products','2025-12-25 18:49:42','2025-12-25 18:49:42'),(82,'epsion-plaster-printer',22,'Botble\\Ecommerce\\Models\\Product','products','2025-12-25 18:49:42','2025-12-25 18:49:42'),(83,'sound-intone-i65-earphone-white-version',23,'Botble\\Ecommerce\\Models\\Product','products','2025-12-25 18:49:42','2025-12-25 18:49:42'),(84,'bo-play-mini-bluetooth-speaker',24,'Botble\\Ecommerce\\Models\\Product','products','2025-12-25 18:49:42','2025-12-25 18:49:42'),(85,'apple-macbook-air-retina-133-inch-laptop',25,'Botble\\Ecommerce\\Models\\Product','products','2025-12-25 18:49:42','2025-12-25 18:49:42'),(86,'apple-macbook-air-retina-12-inch-laptop',26,'Botble\\Ecommerce\\Models\\Product','products','2025-12-25 18:49:42','2025-12-25 18:49:42'),(87,'samsung-gear-vr-virtual-reality-headset',27,'Botble\\Ecommerce\\Models\\Product','products','2025-12-25 18:49:42','2025-12-25 18:49:42'),(88,'aveeno-moisturizing-body-shower-450ml',28,'Botble\\Ecommerce\\Models\\Product','products','2025-12-25 18:49:42','2025-12-25 18:49:42'),(89,'nyx-beauty-couton-pallete-makeup-12',29,'Botble\\Ecommerce\\Models\\Product','products','2025-12-25 18:49:42','2025-12-25 18:49:42'),(90,'nyx-beauty-couton-pallete-makeup-12',30,'Botble\\Ecommerce\\Models\\Product','products','2025-12-25 18:49:42','2025-12-25 18:49:42'),(91,'mvmth-classical-leather-watch-in-black',31,'Botble\\Ecommerce\\Models\\Product','products','2025-12-25 18:49:42','2025-12-25 18:49:42'),(92,'baxter-care-hair-kit-for-bearded-mens',32,'Botble\\Ecommerce\\Models\\Product','products','2025-12-25 18:49:42','2025-12-25 18:49:42'),(93,'ciate-palemore-lipstick-bold-red-color',33,'Botble\\Ecommerce\\Models\\Product','products','2025-12-25 18:49:42','2025-12-25 18:49:42'),(94,'vimto-squash-remix-apple-15-litres',34,'Botble\\Ecommerce\\Models\\Product','products','2025-12-25 18:49:42','2025-12-25 18:49:42'),(95,'crock-pot-slow-cooker',35,'Botble\\Ecommerce\\Models\\Product','products','2025-12-25 18:49:42','2025-12-25 18:49:42'),(96,'taylors-of-harrogate-yorkshire-coffee',36,'Botble\\Ecommerce\\Models\\Product','products','2025-12-25 18:49:42','2025-12-25 18:49:42'),(97,'soft-mochi-galeto-ice-cream',37,'Botble\\Ecommerce\\Models\\Product','products','2025-12-25 18:49:42','2025-12-25 18:49:42'),(98,'naked-noodle-egg-noodles-singapore',38,'Botble\\Ecommerce\\Models\\Product','products','2025-12-25 18:49:42','2025-12-25 18:49:42'),(99,'saute-pan-silver',39,'Botble\\Ecommerce\\Models\\Product','products','2025-12-25 18:49:42','2025-12-25 18:49:42'),(100,'bar-s-classic-bun-length-franks',40,'Botble\\Ecommerce\\Models\\Product','products','2025-12-25 18:49:42','2025-12-25 18:49:42'),(101,'broccoli-crowns',41,'Botble\\Ecommerce\\Models\\Product','products','2025-12-25 18:49:42','2025-12-25 18:49:42'),(102,'slimming-world-vegan-mac-greens',42,'Botble\\Ecommerce\\Models\\Product','products','2025-12-25 18:49:42','2025-12-25 18:49:42'),(103,'haagen-dazs-salted-caramel',43,'Botble\\Ecommerce\\Models\\Product','products','2025-12-25 18:49:43','2025-12-25 18:49:43'),(104,'iceland-3-solo-exotic-burst',44,'Botble\\Ecommerce\\Models\\Product','products','2025-12-25 18:49:43','2025-12-25 18:49:43'),(105,'extreme-budweiser-light-can',45,'Botble\\Ecommerce\\Models\\Product','products','2025-12-25 18:49:43','2025-12-25 18:49:43'),(106,'iceland-macaroni-cheese-traybake',46,'Botble\\Ecommerce\\Models\\Product','products','2025-12-25 18:49:43','2025-12-25 18:49:43'),(107,'dolmio-bolognese-pasta-sauce',47,'Botble\\Ecommerce\\Models\\Product','products','2025-12-25 18:49:43','2025-12-25 18:49:43'),(108,'sitema-bakeit-plastic-box',48,'Botble\\Ecommerce\\Models\\Product','products','2025-12-25 18:49:43','2025-12-25 18:49:43'),(109,'wayfair-basics-dinner-plate-storage',49,'Botble\\Ecommerce\\Models\\Product','products','2025-12-25 18:49:43','2025-12-25 18:49:43'),(110,'miko-the-panda-water-bottle',50,'Botble\\Ecommerce\\Models\\Product','products','2025-12-25 18:49:43','2025-12-25 18:49:43'),(111,'sesame-seed-bread',51,'Botble\\Ecommerce\\Models\\Product','products','2025-12-25 18:49:43','2025-12-25 18:49:43'),(112,'morrisons-the-best-beef',52,'Botble\\Ecommerce\\Models\\Product','products','2025-12-25 18:49:43','2025-12-25 18:49:43'),(113,'avocado-hass-large',53,'Botble\\Ecommerce\\Models\\Product','products','2025-12-25 18:49:43','2025-12-25 18:49:43'),(114,'italia-beef-lasagne',54,'Botble\\Ecommerce\\Models\\Product','products','2025-12-25 18:49:43','2025-12-25 18:49:43'),(115,'maxwell-house-classic-roast-mocha',55,'Botble\\Ecommerce\\Models\\Product','products','2025-12-25 18:49:43','2025-12-25 18:49:43'),(116,'bottled-pure-water-500ml',56,'Botble\\Ecommerce\\Models\\Product','products','2025-12-25 18:49:43','2025-12-25 18:49:43'),(117,'famart-farmhouse-soft-white',57,'Botble\\Ecommerce\\Models\\Product','products','2025-12-25 18:49:43','2025-12-25 18:49:43'),(118,'coca-cola-original-taste',58,'Botble\\Ecommerce\\Models\\Product','products','2025-12-25 18:49:43','2025-12-25 18:49:43'),(119,'casillero-diablo-cabernet-sauvignon',59,'Botble\\Ecommerce\\Models\\Product','products','2025-12-25 18:49:43','2025-12-25 18:49:43'),(120,'arla-organic-free-range-milk',60,'Botble\\Ecommerce\\Models\\Product','products','2025-12-25 18:49:43','2025-12-25 18:49:43'),(121,'aptamil-follow-on-baby-milk',61,'Botble\\Ecommerce\\Models\\Product','products','2025-12-25 18:49:43','2025-12-25 18:49:43'),(122,'cuisinart-chefs-classic-hard-anodized',62,'Botble\\Ecommerce\\Models\\Product','products','2025-12-25 18:49:43','2025-12-25 18:49:43'),(123,'corn-yellow-sweet',63,'Botble\\Ecommerce\\Models\\Product','products','2025-12-25 18:49:43','2025-12-25 18:49:43'),(124,'hobnobs-the-nobbly-biscuit',64,'Botble\\Ecommerce\\Models\\Product','products','2025-12-25 18:49:43','2025-12-25 18:49:43'),(125,'honest-organic-still-lemonade',65,'Botble\\Ecommerce\\Models\\Product','products','2025-12-25 18:49:43','2025-12-25 18:49:43'),(126,'ice-becks-beer-350ml-x-24-pieces',66,'Botble\\Ecommerce\\Models\\Product','products','2025-12-25 18:49:43','2025-12-25 18:49:43'),(127,'iceland-6-hot-cross-buns',67,'Botble\\Ecommerce\\Models\\Product','products','2025-12-25 18:49:43','2025-12-25 18:49:43'),(128,'iceland-luxury-4-panini-rolls',68,'Botble\\Ecommerce\\Models\\Product','products','2025-12-25 18:49:43','2025-12-25 18:49:43'),(129,'iceland-soft-scoop-vanilla',69,'Botble\\Ecommerce\\Models\\Product','products','2025-12-25 18:49:43','2025-12-25 18:49:43'),(130,'iceland-spaghetti-bolognese',70,'Botble\\Ecommerce\\Models\\Product','products','2025-12-25 18:49:43','2025-12-25 18:49:43'),(131,'kelloggs-coco-pops-cereal',71,'Botble\\Ecommerce\\Models\\Product','products','2025-12-25 18:49:43','2025-12-25 18:49:43'),(132,'kit-kat-chunky-milk-chocolate',72,'Botble\\Ecommerce\\Models\\Product','products','2025-12-25 18:49:43','2025-12-25 18:49:43'),(133,'large-green-bell-pepper',73,'Botble\\Ecommerce\\Models\\Product','products','2025-12-25 18:49:43','2025-12-25 18:49:43'),(134,'pice-94w-beasley-journal',74,'Botble\\Ecommerce\\Models\\Product','products','2025-12-25 18:49:43','2025-12-25 18:49:43'),(135,'province-piece-glass-drinking-glass',75,'Botble\\Ecommerce\\Models\\Product','products','2025-12-25 18:49:43','2025-12-25 18:49:43'),(136,'perfect',1,'Botble\\Gallery\\Models\\Gallery','galleries','2025-12-25 18:49:59','2025-12-25 18:49:59'),(137,'new-day',2,'Botble\\Gallery\\Models\\Gallery','galleries','2025-12-25 18:49:59','2025-12-25 18:49:59'),(138,'happy-day',3,'Botble\\Gallery\\Models\\Gallery','galleries','2025-12-25 18:49:59','2025-12-25 18:49:59'),(139,'nature',4,'Botble\\Gallery\\Models\\Gallery','galleries','2025-12-25 18:49:59','2025-12-25 18:49:59'),(140,'morning',5,'Botble\\Gallery\\Models\\Gallery','galleries','2025-12-25 18:49:59','2025-12-25 18:49:59'),(141,'photography',6,'Botble\\Gallery\\Models\\Gallery','galleries','2025-12-25 18:49:59','2025-12-25 18:49:59'),(142,'miko-wooden-bluetooth-speaker',76,'Botble\\Ecommerce\\Models\\Product','products','2025-12-25 18:50:00','2025-12-25 18:50:00'),(143,'miko-wooden-bluetooth-speaker',77,'Botble\\Ecommerce\\Models\\Product','products','2025-12-25 18:50:00','2025-12-25 18:50:00'),(144,'miko-wooden-bluetooth-speaker',78,'Botble\\Ecommerce\\Models\\Product','products','2025-12-25 18:50:00','2025-12-25 18:50:00'),(145,'gorgeous-wooden-gloves',79,'Botble\\Ecommerce\\Models\\Product','products','2025-12-25 18:50:00','2025-12-25 18:50:00'),(146,'gorgeous-wooden-gloves',80,'Botble\\Ecommerce\\Models\\Product','products','2025-12-25 18:50:00','2025-12-25 18:50:00'),(147,'pinkol-enormous-granite-bottle',81,'Botble\\Ecommerce\\Models\\Product','products','2025-12-25 18:50:00','2025-12-25 18:50:00'),(148,'pinkol-enormous-granite-bottle',82,'Botble\\Ecommerce\\Models\\Product','products','2025-12-25 18:50:00','2025-12-25 18:50:00'),(149,'pinkol-enormous-granite-bottle',83,'Botble\\Ecommerce\\Models\\Product','products','2025-12-25 18:50:00','2025-12-25 18:50:00'),(150,'gorgeous-aluminum-table',84,'Botble\\Ecommerce\\Models\\Product','products','2025-12-25 18:50:00','2025-12-25 18:50:00'),(151,'gorgeous-aluminum-table',85,'Botble\\Ecommerce\\Models\\Product','products','2025-12-25 18:50:00','2025-12-25 18:50:00'),(152,'gorgeous-aluminum-table',86,'Botble\\Ecommerce\\Models\\Product','products','2025-12-25 18:50:00','2025-12-25 18:50:00'),(153,'gorgeous-aluminum-table',87,'Botble\\Ecommerce\\Models\\Product','products','2025-12-25 18:50:00','2025-12-25 18:50:00'),(154,'evo-lightweight-granite-shirt',88,'Botble\\Ecommerce\\Models\\Product','products','2025-12-25 18:50:00','2025-12-25 18:50:00'),(155,'evo-lightweight-granite-shirt',89,'Botble\\Ecommerce\\Models\\Product','products','2025-12-25 18:50:00','2025-12-25 18:50:00'),(156,'clco-incredible-paper-car',90,'Botble\\Ecommerce\\Models\\Product','products','2025-12-25 18:50:00','2025-12-25 18:50:00'),(157,'clco-incredible-paper-car',91,'Botble\\Ecommerce\\Models\\Product','products','2025-12-25 18:50:00','2025-12-25 18:50:00'),(158,'clco-incredible-paper-car',92,'Botble\\Ecommerce\\Models\\Product','products','2025-12-25 18:50:00','2025-12-25 18:50:00'),(159,'clco-incredible-paper-car',93,'Botble\\Ecommerce\\Models\\Product','products','2025-12-25 18:50:00','2025-12-25 18:50:00'),(160,'progash-durable-granite-hat',94,'Botble\\Ecommerce\\Models\\Product','products','2025-12-25 18:50:00','2025-12-25 18:50:00'),(161,'progash-durable-granite-hat',95,'Botble\\Ecommerce\\Models\\Product','products','2025-12-25 18:50:00','2025-12-25 18:50:00'),(162,'purab-enormous-miranda-bottle',96,'Botble\\Ecommerce\\Models\\Product','products','2025-12-25 18:50:00','2025-12-25 18:50:00'),(163,'purab-enormous-miranda-bottle',97,'Botble\\Ecommerce\\Models\\Product','products','2025-12-25 18:50:00','2025-12-25 18:50:00'),(164,'miklonda-co-crafted-candles',98,'Botble\\Ecommerce\\Models\\Product','products','2025-12-25 18:50:00','2025-12-25 18:50:00'),(165,'miklonda-co-crafted-candles',99,'Botble\\Ecommerce\\Models\\Product','products','2025-12-25 18:50:00','2025-12-25 18:50:00'),(166,'miklonda-co-crafted-candles',100,'Botble\\Ecommerce\\Models\\Product','products','2025-12-25 18:50:00','2025-12-25 18:50:00'),(167,'miklonda-co-crafted-candles',101,'Botble\\Ecommerce\\Models\\Product','products','2025-12-25 18:50:00','2025-12-25 18:50:00'),(168,'pinkol-enormous-granite-bottle',102,'Botble\\Ecommerce\\Models\\Product','products','2025-12-25 18:50:00','2025-12-25 18:50:00'),(169,'pinkol-enormous-granite-bottle',103,'Botble\\Ecommerce\\Models\\Product','products','2025-12-25 18:50:00','2025-12-25 18:50:00'),(170,'pinkol-enormous-granite-bottle',104,'Botble\\Ecommerce\\Models\\Product','products','2025-12-25 18:50:00','2025-12-25 18:50:00'),(171,'pinkol-enormous-granite-bottle',105,'Botble\\Ecommerce\\Models\\Product','products','2025-12-25 18:50:00','2025-12-25 18:50:00'),(172,'dual-camera-20mp',106,'Botble\\Ecommerce\\Models\\Product','products','2025-12-25 18:50:00','2025-12-25 18:50:00'),(173,'smart-watches',107,'Botble\\Ecommerce\\Models\\Product','products','2025-12-25 18:50:00','2025-12-25 18:50:00'),(174,'smart-watches',108,'Botble\\Ecommerce\\Models\\Product','products','2025-12-25 18:50:00','2025-12-25 18:50:00'),(175,'smart-watches',109,'Botble\\Ecommerce\\Models\\Product','products','2025-12-25 18:50:00','2025-12-25 18:50:00'),(176,'beat-headphone',110,'Botble\\Ecommerce\\Models\\Product','products','2025-12-25 18:50:00','2025-12-25 18:50:00'),(177,'beat-headphone',111,'Botble\\Ecommerce\\Models\\Product','products','2025-12-25 18:50:00','2025-12-25 18:50:00'),(178,'red-black-headphone',112,'Botble\\Ecommerce\\Models\\Product','products','2025-12-25 18:50:00','2025-12-25 18:50:00'),(179,'red-black-headphone',113,'Botble\\Ecommerce\\Models\\Product','products','2025-12-25 18:50:00','2025-12-25 18:50:00'),(180,'smart-watch-external',114,'Botble\\Ecommerce\\Models\\Product','products','2025-12-25 18:50:00','2025-12-25 18:50:00'),(181,'smart-watch-external',115,'Botble\\Ecommerce\\Models\\Product','products','2025-12-25 18:50:00','2025-12-25 18:50:00'),(182,'smart-watch-external',116,'Botble\\Ecommerce\\Models\\Product','products','2025-12-25 18:50:00','2025-12-25 18:50:00'),(183,'nikon-hd-camera',117,'Botble\\Ecommerce\\Models\\Product','products','2025-12-25 18:50:00','2025-12-25 18:50:00'),(184,'nikon-hd-camera',118,'Botble\\Ecommerce\\Models\\Product','products','2025-12-25 18:50:00','2025-12-25 18:50:00'),(185,'nikon-hd-camera',119,'Botble\\Ecommerce\\Models\\Product','products','2025-12-25 18:50:00','2025-12-25 18:50:00'),(186,'audio-equipment',120,'Botble\\Ecommerce\\Models\\Product','products','2025-12-25 18:50:00','2025-12-25 18:50:00'),(187,'audio-equipment',121,'Botble\\Ecommerce\\Models\\Product','products','2025-12-25 18:50:00','2025-12-25 18:50:00'),(188,'audio-equipment',122,'Botble\\Ecommerce\\Models\\Product','products','2025-12-25 18:50:00','2025-12-25 18:50:00'),(189,'audio-equipment',123,'Botble\\Ecommerce\\Models\\Product','products','2025-12-25 18:50:00','2025-12-25 18:50:00'),(190,'smart-televisions',124,'Botble\\Ecommerce\\Models\\Product','products','2025-12-25 18:50:00','2025-12-25 18:50:00'),(191,'smart-televisions',125,'Botble\\Ecommerce\\Models\\Product','products','2025-12-25 18:50:00','2025-12-25 18:50:00'),(192,'samsung-smart-phone',126,'Botble\\Ecommerce\\Models\\Product','products','2025-12-25 18:50:00','2025-12-25 18:50:00'),(193,'samsung-smart-phone',127,'Botble\\Ecommerce\\Models\\Product','products','2025-12-25 18:50:00','2025-12-25 18:50:00'),(194,'herschel-leather-duffle-bag-in-brown-color',128,'Botble\\Ecommerce\\Models\\Product','products','2025-12-25 18:50:00','2025-12-25 18:50:00'),(195,'herschel-leather-duffle-bag-in-brown-color',129,'Botble\\Ecommerce\\Models\\Product','products','2025-12-25 18:50:00','2025-12-25 18:50:00'),(196,'herschel-leather-duffle-bag-in-brown-color',130,'Botble\\Ecommerce\\Models\\Product','products','2025-12-25 18:50:00','2025-12-25 18:50:00'),(197,'xbox-one-wireless-controller-black-color',131,'Botble\\Ecommerce\\Models\\Product','products','2025-12-25 18:50:00','2025-12-25 18:50:00'),(198,'xbox-one-wireless-controller-black-color',132,'Botble\\Ecommerce\\Models\\Product','products','2025-12-25 18:50:00','2025-12-25 18:50:00'),(199,'epsion-plaster-printer',133,'Botble\\Ecommerce\\Models\\Product','products','2025-12-25 18:50:00','2025-12-25 18:50:00'),(200,'epsion-plaster-printer',134,'Botble\\Ecommerce\\Models\\Product','products','2025-12-25 18:50:00','2025-12-25 18:50:00'),(201,'sound-intone-i65-earphone-white-version',135,'Botble\\Ecommerce\\Models\\Product','products','2025-12-25 18:50:00','2025-12-25 18:50:00'),(202,'sound-intone-i65-earphone-white-version',136,'Botble\\Ecommerce\\Models\\Product','products','2025-12-25 18:50:00','2025-12-25 18:50:00'),(203,'sound-intone-i65-earphone-white-version',137,'Botble\\Ecommerce\\Models\\Product','products','2025-12-25 18:50:00','2025-12-25 18:50:00'),(204,'sound-intone-i65-earphone-white-version',138,'Botble\\Ecommerce\\Models\\Product','products','2025-12-25 18:50:00','2025-12-25 18:50:00'),(205,'bo-play-mini-bluetooth-speaker',139,'Botble\\Ecommerce\\Models\\Product','products','2025-12-25 18:50:01','2025-12-25 18:50:01'),(206,'apple-macbook-air-retina-133-inch-laptop',140,'Botble\\Ecommerce\\Models\\Product','products','2025-12-25 18:50:01','2025-12-25 18:50:01'),(207,'apple-macbook-air-retina-133-inch-laptop',141,'Botble\\Ecommerce\\Models\\Product','products','2025-12-25 18:50:01','2025-12-25 18:50:01'),(208,'apple-macbook-air-retina-12-inch-laptop',142,'Botble\\Ecommerce\\Models\\Product','products','2025-12-25 18:50:01','2025-12-25 18:50:01'),(209,'apple-macbook-air-retina-12-inch-laptop',143,'Botble\\Ecommerce\\Models\\Product','products','2025-12-25 18:50:01','2025-12-25 18:50:01'),(210,'samsung-gear-vr-virtual-reality-headset',144,'Botble\\Ecommerce\\Models\\Product','products','2025-12-25 18:50:01','2025-12-25 18:50:01'),(211,'samsung-gear-vr-virtual-reality-headset',145,'Botble\\Ecommerce\\Models\\Product','products','2025-12-25 18:50:01','2025-12-25 18:50:01'),(212,'aveeno-moisturizing-body-shower-450ml',146,'Botble\\Ecommerce\\Models\\Product','products','2025-12-25 18:50:01','2025-12-25 18:50:01'),(213,'nyx-beauty-couton-pallete-makeup-12',147,'Botble\\Ecommerce\\Models\\Product','products','2025-12-25 18:50:01','2025-12-25 18:50:01'),(214,'nyx-beauty-couton-pallete-makeup-12',148,'Botble\\Ecommerce\\Models\\Product','products','2025-12-25 18:50:01','2025-12-25 18:50:01'),(215,'mvmth-classical-leather-watch-in-black',149,'Botble\\Ecommerce\\Models\\Product','products','2025-12-25 18:50:01','2025-12-25 18:50:01'),(216,'mvmth-classical-leather-watch-in-black',150,'Botble\\Ecommerce\\Models\\Product','products','2025-12-25 18:50:01','2025-12-25 18:50:01'),(217,'mvmth-classical-leather-watch-in-black',151,'Botble\\Ecommerce\\Models\\Product','products','2025-12-25 18:50:01','2025-12-25 18:50:01'),(218,'mvmth-classical-leather-watch-in-black',152,'Botble\\Ecommerce\\Models\\Product','products','2025-12-25 18:50:01','2025-12-25 18:50:01'),(219,'baxter-care-hair-kit-for-bearded-mens',153,'Botble\\Ecommerce\\Models\\Product','products','2025-12-25 18:50:01','2025-12-25 18:50:01'),(220,'ciate-palemore-lipstick-bold-red-color',154,'Botble\\Ecommerce\\Models\\Product','products','2025-12-25 18:50:01','2025-12-25 18:50:01'),(221,'ciate-palemore-lipstick-bold-red-color',155,'Botble\\Ecommerce\\Models\\Product','products','2025-12-25 18:50:01','2025-12-25 18:50:01'),(222,'vimto-squash-remix-apple-15-litres',156,'Botble\\Ecommerce\\Models\\Product','products','2025-12-25 18:50:01','2025-12-25 18:50:01'),(223,'vimto-squash-remix-apple-15-litres',157,'Botble\\Ecommerce\\Models\\Product','products','2025-12-25 18:50:01','2025-12-25 18:50:01'),(224,'vimto-squash-remix-apple-15-litres',158,'Botble\\Ecommerce\\Models\\Product','products','2025-12-25 18:50:01','2025-12-25 18:50:01'),(225,'crock-pot-slow-cooker',159,'Botble\\Ecommerce\\Models\\Product','products','2025-12-25 18:50:01','2025-12-25 18:50:01'),(226,'crock-pot-slow-cooker',160,'Botble\\Ecommerce\\Models\\Product','products','2025-12-25 18:50:01','2025-12-25 18:50:01'),(227,'crock-pot-slow-cooker',161,'Botble\\Ecommerce\\Models\\Product','products','2025-12-25 18:50:01','2025-12-25 18:50:01'),(228,'taylors-of-harrogate-yorkshire-coffee',162,'Botble\\Ecommerce\\Models\\Product','products','2025-12-25 18:50:01','2025-12-25 18:50:01'),(229,'taylors-of-harrogate-yorkshire-coffee',163,'Botble\\Ecommerce\\Models\\Product','products','2025-12-25 18:50:01','2025-12-25 18:50:01'),(230,'taylors-of-harrogate-yorkshire-coffee',164,'Botble\\Ecommerce\\Models\\Product','products','2025-12-25 18:50:01','2025-12-25 18:50:01'),(231,'soft-mochi-galeto-ice-cream',165,'Botble\\Ecommerce\\Models\\Product','products','2025-12-25 18:50:01','2025-12-25 18:50:01'),(232,'soft-mochi-galeto-ice-cream',166,'Botble\\Ecommerce\\Models\\Product','products','2025-12-25 18:50:01','2025-12-25 18:50:01'),(233,'naked-noodle-egg-noodles-singapore',167,'Botble\\Ecommerce\\Models\\Product','products','2025-12-25 18:50:01','2025-12-25 18:50:01'),(234,'saute-pan-silver',168,'Botble\\Ecommerce\\Models\\Product','products','2025-12-25 18:50:01','2025-12-25 18:50:01'),(235,'saute-pan-silver',169,'Botble\\Ecommerce\\Models\\Product','products','2025-12-25 18:50:01','2025-12-25 18:50:01'),(236,'saute-pan-silver',170,'Botble\\Ecommerce\\Models\\Product','products','2025-12-25 18:50:01','2025-12-25 18:50:01'),(237,'saute-pan-silver',171,'Botble\\Ecommerce\\Models\\Product','products','2025-12-25 18:50:01','2025-12-25 18:50:01'),(238,'bar-s-classic-bun-length-franks',172,'Botble\\Ecommerce\\Models\\Product','products','2025-12-25 18:50:01','2025-12-25 18:50:01'),(239,'bar-s-classic-bun-length-franks',173,'Botble\\Ecommerce\\Models\\Product','products','2025-12-25 18:50:01','2025-12-25 18:50:01'),(240,'bar-s-classic-bun-length-franks',174,'Botble\\Ecommerce\\Models\\Product','products','2025-12-25 18:50:01','2025-12-25 18:50:01'),(241,'broccoli-crowns',175,'Botble\\Ecommerce\\Models\\Product','products','2025-12-25 18:50:01','2025-12-25 18:50:01'),(242,'broccoli-crowns',176,'Botble\\Ecommerce\\Models\\Product','products','2025-12-25 18:50:01','2025-12-25 18:50:01'),(243,'broccoli-crowns',177,'Botble\\Ecommerce\\Models\\Product','products','2025-12-25 18:50:01','2025-12-25 18:50:01'),(244,'slimming-world-vegan-mac-greens',178,'Botble\\Ecommerce\\Models\\Product','products','2025-12-25 18:50:01','2025-12-25 18:50:01'),(245,'haagen-dazs-salted-caramel',179,'Botble\\Ecommerce\\Models\\Product','products','2025-12-25 18:50:01','2025-12-25 18:50:01'),(246,'haagen-dazs-salted-caramel',180,'Botble\\Ecommerce\\Models\\Product','products','2025-12-25 18:50:01','2025-12-25 18:50:01'),(247,'haagen-dazs-salted-caramel',181,'Botble\\Ecommerce\\Models\\Product','products','2025-12-25 18:50:01','2025-12-25 18:50:01'),(248,'iceland-3-solo-exotic-burst',182,'Botble\\Ecommerce\\Models\\Product','products','2025-12-25 18:50:01','2025-12-25 18:50:01'),(249,'iceland-3-solo-exotic-burst',183,'Botble\\Ecommerce\\Models\\Product','products','2025-12-25 18:50:01','2025-12-25 18:50:01'),(250,'iceland-3-solo-exotic-burst',184,'Botble\\Ecommerce\\Models\\Product','products','2025-12-25 18:50:01','2025-12-25 18:50:01'),(251,'iceland-3-solo-exotic-burst',185,'Botble\\Ecommerce\\Models\\Product','products','2025-12-25 18:50:01','2025-12-25 18:50:01'),(252,'extreme-budweiser-light-can',186,'Botble\\Ecommerce\\Models\\Product','products','2025-12-25 18:50:01','2025-12-25 18:50:01'),(253,'extreme-budweiser-light-can',187,'Botble\\Ecommerce\\Models\\Product','products','2025-12-25 18:50:01','2025-12-25 18:50:01'),(254,'extreme-budweiser-light-can',188,'Botble\\Ecommerce\\Models\\Product','products','2025-12-25 18:50:01','2025-12-25 18:50:01'),(255,'iceland-macaroni-cheese-traybake',189,'Botble\\Ecommerce\\Models\\Product','products','2025-12-25 18:50:01','2025-12-25 18:50:01'),(256,'iceland-macaroni-cheese-traybake',190,'Botble\\Ecommerce\\Models\\Product','products','2025-12-25 18:50:01','2025-12-25 18:50:01'),(257,'dolmio-bolognese-pasta-sauce',191,'Botble\\Ecommerce\\Models\\Product','products','2025-12-25 18:50:01','2025-12-25 18:50:01'),(258,'sitema-bakeit-plastic-box',192,'Botble\\Ecommerce\\Models\\Product','products','2025-12-25 18:50:01','2025-12-25 18:50:01'),(259,'sitema-bakeit-plastic-box',193,'Botble\\Ecommerce\\Models\\Product','products','2025-12-25 18:50:01','2025-12-25 18:50:01'),(260,'wayfair-basics-dinner-plate-storage',194,'Botble\\Ecommerce\\Models\\Product','products','2025-12-25 18:50:01','2025-12-25 18:50:01'),(261,'wayfair-basics-dinner-plate-storage',195,'Botble\\Ecommerce\\Models\\Product','products','2025-12-25 18:50:01','2025-12-25 18:50:01'),(262,'wayfair-basics-dinner-plate-storage',196,'Botble\\Ecommerce\\Models\\Product','products','2025-12-25 18:50:01','2025-12-25 18:50:01'),(263,'miko-the-panda-water-bottle',197,'Botble\\Ecommerce\\Models\\Product','products','2025-12-25 18:50:01','2025-12-25 18:50:01'),(264,'miko-the-panda-water-bottle',198,'Botble\\Ecommerce\\Models\\Product','products','2025-12-25 18:50:01','2025-12-25 18:50:01'),(265,'sesame-seed-bread',199,'Botble\\Ecommerce\\Models\\Product','products','2025-12-25 18:50:01','2025-12-25 18:50:01'),(266,'sesame-seed-bread',200,'Botble\\Ecommerce\\Models\\Product','products','2025-12-25 18:50:01','2025-12-25 18:50:01'),(267,'morrisons-the-best-beef',201,'Botble\\Ecommerce\\Models\\Product','products','2025-12-25 18:50:01','2025-12-25 18:50:01'),(268,'morrisons-the-best-beef',202,'Botble\\Ecommerce\\Models\\Product','products','2025-12-25 18:50:01','2025-12-25 18:50:01'),(269,'morrisons-the-best-beef',203,'Botble\\Ecommerce\\Models\\Product','products','2025-12-25 18:50:01','2025-12-25 18:50:01'),(270,'avocado-hass-large',204,'Botble\\Ecommerce\\Models\\Product','products','2025-12-25 18:50:01','2025-12-25 18:50:01'),(271,'avocado-hass-large',205,'Botble\\Ecommerce\\Models\\Product','products','2025-12-25 18:50:01','2025-12-25 18:50:01'),(272,'avocado-hass-large',206,'Botble\\Ecommerce\\Models\\Product','products','2025-12-25 18:50:01','2025-12-25 18:50:01'),(273,'italia-beef-lasagne',207,'Botble\\Ecommerce\\Models\\Product','products','2025-12-25 18:50:01','2025-12-25 18:50:01'),(274,'italia-beef-lasagne',208,'Botble\\Ecommerce\\Models\\Product','products','2025-12-25 18:50:01','2025-12-25 18:50:01'),(275,'maxwell-house-classic-roast-mocha',209,'Botble\\Ecommerce\\Models\\Product','products','2025-12-25 18:50:01','2025-12-25 18:50:01'),(276,'maxwell-house-classic-roast-mocha',210,'Botble\\Ecommerce\\Models\\Product','products','2025-12-25 18:50:01','2025-12-25 18:50:01'),(277,'maxwell-house-classic-roast-mocha',211,'Botble\\Ecommerce\\Models\\Product','products','2025-12-25 18:50:01','2025-12-25 18:50:01'),(278,'bottled-pure-water-500ml',212,'Botble\\Ecommerce\\Models\\Product','products','2025-12-25 18:50:01','2025-12-25 18:50:01'),(279,'bottled-pure-water-500ml',213,'Botble\\Ecommerce\\Models\\Product','products','2025-12-25 18:50:01','2025-12-25 18:50:01'),(280,'famart-farmhouse-soft-white',214,'Botble\\Ecommerce\\Models\\Product','products','2025-12-25 18:50:01','2025-12-25 18:50:01'),(281,'coca-cola-original-taste',215,'Botble\\Ecommerce\\Models\\Product','products','2025-12-25 18:50:01','2025-12-25 18:50:01'),(282,'coca-cola-original-taste',216,'Botble\\Ecommerce\\Models\\Product','products','2025-12-25 18:50:01','2025-12-25 18:50:01'),(283,'coca-cola-original-taste',217,'Botble\\Ecommerce\\Models\\Product','products','2025-12-25 18:50:01','2025-12-25 18:50:01'),(284,'casillero-diablo-cabernet-sauvignon',218,'Botble\\Ecommerce\\Models\\Product','products','2025-12-25 18:50:01','2025-12-25 18:50:01'),(285,'arla-organic-free-range-milk',219,'Botble\\Ecommerce\\Models\\Product','products','2025-12-25 18:50:01','2025-12-25 18:50:01'),(286,'arla-organic-free-range-milk',220,'Botble\\Ecommerce\\Models\\Product','products','2025-12-25 18:50:01','2025-12-25 18:50:01'),(287,'arla-organic-free-range-milk',221,'Botble\\Ecommerce\\Models\\Product','products','2025-12-25 18:50:01','2025-12-25 18:50:01'),(288,'arla-organic-free-range-milk',222,'Botble\\Ecommerce\\Models\\Product','products','2025-12-25 18:50:01','2025-12-25 18:50:01'),(289,'aptamil-follow-on-baby-milk',223,'Botble\\Ecommerce\\Models\\Product','products','2025-12-25 18:50:01','2025-12-25 18:50:01'),(290,'aptamil-follow-on-baby-milk',224,'Botble\\Ecommerce\\Models\\Product','products','2025-12-25 18:50:01','2025-12-25 18:50:01'),(291,'aptamil-follow-on-baby-milk',225,'Botble\\Ecommerce\\Models\\Product','products','2025-12-25 18:50:01','2025-12-25 18:50:01'),(292,'cuisinart-chefs-classic-hard-anodized',226,'Botble\\Ecommerce\\Models\\Product','products','2025-12-25 18:50:01','2025-12-25 18:50:01'),(293,'cuisinart-chefs-classic-hard-anodized',227,'Botble\\Ecommerce\\Models\\Product','products','2025-12-25 18:50:01','2025-12-25 18:50:01'),(294,'cuisinart-chefs-classic-hard-anodized',228,'Botble\\Ecommerce\\Models\\Product','products','2025-12-25 18:50:01','2025-12-25 18:50:01'),(295,'corn-yellow-sweet',229,'Botble\\Ecommerce\\Models\\Product','products','2025-12-25 18:50:01','2025-12-25 18:50:01'),(296,'corn-yellow-sweet',230,'Botble\\Ecommerce\\Models\\Product','products','2025-12-25 18:50:01','2025-12-25 18:50:01'),(297,'hobnobs-the-nobbly-biscuit',231,'Botble\\Ecommerce\\Models\\Product','products','2025-12-25 18:50:01','2025-12-25 18:50:01'),(298,'hobnobs-the-nobbly-biscuit',232,'Botble\\Ecommerce\\Models\\Product','products','2025-12-25 18:50:01','2025-12-25 18:50:01'),(299,'hobnobs-the-nobbly-biscuit',233,'Botble\\Ecommerce\\Models\\Product','products','2025-12-25 18:50:01','2025-12-25 18:50:01'),(300,'honest-organic-still-lemonade',234,'Botble\\Ecommerce\\Models\\Product','products','2025-12-25 18:50:01','2025-12-25 18:50:01'),(301,'honest-organic-still-lemonade',235,'Botble\\Ecommerce\\Models\\Product','products','2025-12-25 18:50:01','2025-12-25 18:50:01'),(302,'ice-becks-beer-350ml-x-24-pieces',236,'Botble\\Ecommerce\\Models\\Product','products','2025-12-25 18:50:01','2025-12-25 18:50:01'),(303,'ice-becks-beer-350ml-x-24-pieces',237,'Botble\\Ecommerce\\Models\\Product','products','2025-12-25 18:50:01','2025-12-25 18:50:01'),(304,'ice-becks-beer-350ml-x-24-pieces',238,'Botble\\Ecommerce\\Models\\Product','products','2025-12-25 18:50:01','2025-12-25 18:50:01'),(305,'iceland-6-hot-cross-buns',239,'Botble\\Ecommerce\\Models\\Product','products','2025-12-25 18:50:01','2025-12-25 18:50:01'),(306,'iceland-6-hot-cross-buns',240,'Botble\\Ecommerce\\Models\\Product','products','2025-12-25 18:50:01','2025-12-25 18:50:01'),(307,'iceland-luxury-4-panini-rolls',241,'Botble\\Ecommerce\\Models\\Product','products','2025-12-25 18:50:01','2025-12-25 18:50:01'),(308,'iceland-luxury-4-panini-rolls',242,'Botble\\Ecommerce\\Models\\Product','products','2025-12-25 18:50:01','2025-12-25 18:50:01'),(309,'iceland-luxury-4-panini-rolls',243,'Botble\\Ecommerce\\Models\\Product','products','2025-12-25 18:50:01','2025-12-25 18:50:01'),(310,'iceland-luxury-4-panini-rolls',244,'Botble\\Ecommerce\\Models\\Product','products','2025-12-25 18:50:01','2025-12-25 18:50:01'),(311,'iceland-luxury-4-panini-rolls',245,'Botble\\Ecommerce\\Models\\Product','products','2025-12-25 18:50:01','2025-12-25 18:50:01'),(312,'iceland-soft-scoop-vanilla',246,'Botble\\Ecommerce\\Models\\Product','products','2025-12-25 18:50:01','2025-12-25 18:50:01'),(313,'iceland-soft-scoop-vanilla',247,'Botble\\Ecommerce\\Models\\Product','products','2025-12-25 18:50:01','2025-12-25 18:50:01'),(314,'iceland-soft-scoop-vanilla',248,'Botble\\Ecommerce\\Models\\Product','products','2025-12-25 18:50:01','2025-12-25 18:50:01'),(315,'iceland-soft-scoop-vanilla',249,'Botble\\Ecommerce\\Models\\Product','products','2025-12-25 18:50:01','2025-12-25 18:50:01'),(316,'iceland-spaghetti-bolognese',250,'Botble\\Ecommerce\\Models\\Product','products','2025-12-25 18:50:01','2025-12-25 18:50:01'),(317,'iceland-spaghetti-bolognese',251,'Botble\\Ecommerce\\Models\\Product','products','2025-12-25 18:50:01','2025-12-25 18:50:01'),(318,'iceland-spaghetti-bolognese',252,'Botble\\Ecommerce\\Models\\Product','products','2025-12-25 18:50:01','2025-12-25 18:50:01'),(319,'kelloggs-coco-pops-cereal',253,'Botble\\Ecommerce\\Models\\Product','products','2025-12-25 18:50:01','2025-12-25 18:50:01'),(320,'kelloggs-coco-pops-cereal',254,'Botble\\Ecommerce\\Models\\Product','products','2025-12-25 18:50:01','2025-12-25 18:50:01'),(321,'kit-kat-chunky-milk-chocolate',255,'Botble\\Ecommerce\\Models\\Product','products','2025-12-25 18:50:01','2025-12-25 18:50:01'),(322,'large-green-bell-pepper',256,'Botble\\Ecommerce\\Models\\Product','products','2025-12-25 18:50:01','2025-12-25 18:50:01'),(323,'large-green-bell-pepper',257,'Botble\\Ecommerce\\Models\\Product','products','2025-12-25 18:50:01','2025-12-25 18:50:01'),(324,'large-green-bell-pepper',258,'Botble\\Ecommerce\\Models\\Product','products','2025-12-25 18:50:01','2025-12-25 18:50:01'),(325,'pice-94w-beasley-journal',259,'Botble\\Ecommerce\\Models\\Product','products','2025-12-25 18:50:01','2025-12-25 18:50:01'),(326,'pice-94w-beasley-journal',260,'Botble\\Ecommerce\\Models\\Product','products','2025-12-25 18:50:01','2025-12-25 18:50:01'),(327,'pice-94w-beasley-journal',261,'Botble\\Ecommerce\\Models\\Product','products','2025-12-25 18:50:01','2025-12-25 18:50:01'),(328,'province-piece-glass-drinking-glass',262,'Botble\\Ecommerce\\Models\\Product','products','2025-12-25 18:50:01','2025-12-25 18:50:01'),(329,'province-piece-glass-drinking-glass',263,'Botble\\Ecommerce\\Models\\Product','products','2025-12-25 18:50:01','2025-12-25 18:50:01'),(330,'province-piece-glass-drinking-glass',264,'Botble\\Ecommerce\\Models\\Product','products','2025-12-25 18:50:01','2025-12-25 18:50:01'),(331,'new-arrival',1,'Botble\\Ecommerce\\Models\\ProductCollection','collections','2025-12-25 18:50:01','2025-12-25 18:50:01'),(332,'best-sellers',2,'Botble\\Ecommerce\\Models\\ProductCollection','collections','2025-12-25 18:50:01','2025-12-25 18:50:01'),(333,'special-offer',3,'Botble\\Ecommerce\\Models\\ProductCollection','collections','2025-12-25 18:50:01','2025-12-25 18:50:01'),(334,'reactive-providence-hair-color',4,'Botble\\Ecommerce\\Models\\ProductCollection','collections','2025-12-25 18:50:01','2025-12-25 18:50:01'),(335,'new-modern-stylist-makeup',5,'Botble\\Ecommerce\\Models\\ProductCollection','collections','2025-12-25 18:50:01','2025-12-25 18:50:01'),(336,'intensive-glow-c-serum',6,'Botble\\Ecommerce\\Models\\ProductCollection','collections','2025-12-25 18:50:01','2025-12-25 18:50:01'),(337,'vogue',7,'Botble\\Ecommerce\\Models\\ProductCollection','collections','2025-12-25 18:50:01','2025-12-25 18:50:01'),(338,'rosalina-d-willson',1,'Botble\\Team\\Models\\Team','teams','2025-12-25 18:50:01','2025-12-25 18:50:01'),(339,'ukolilix-x-xilanorix',2,'Botble\\Team\\Models\\Team','teams','2025-12-25 18:50:01','2025-12-25 18:50:01'),(340,'alonso-m-miklonax',3,'Botble\\Team\\Models\\Team','teams','2025-12-25 18:50:01','2025-12-25 18:50:01'),(341,'miranda-h-halim',4,'Botble\\Team\\Models\\Team','teams','2025-12-25 18:50:01','2025-12-25 18:50:01');
/*!40000 ALTER TABLE `slugs` ENABLE KEYS */;
UNLOCK TABLES;

--
-- Table structure for table `slugs_translations`
--

DROP TABLE IF EXISTS `slugs_translations`;
/*!40101 SET @saved_cs_client     = @@character_set_client */;
/*!50503 SET character_set_client = utf8mb4 */;
CREATE TABLE `slugs_translations` (
  `lang_code` varchar(20) COLLATE utf8mb4_unicode_ci NOT NULL,
  `slugs_id` bigint unsigned NOT NULL,
  `key` varchar(191) COLLATE utf8mb4_unicode_ci DEFAULT NULL,
  `prefix` varchar(120) COLLATE utf8mb4_unicode_ci DEFAULT '',
  PRIMARY KEY (`lang_code`,`slugs_id`),
  KEY `idx_slugid_key_prefix` (`slugs_id`,`key`,`prefix`)
) ENGINE=InnoDB DEFAULT CHARSET=utf8mb4 COLLATE=utf8mb4_unicode_ci;
/*!40101 SET character_set_client = @saved_cs_client */;

--
-- Dumping data for table `slugs_translations`
--

LOCK TABLES `slugs_translations` WRITE;
/*!40000 ALTER TABLE `slugs_translations` DISABLE KEYS */;
/*!40000 ALTER TABLE `slugs_translations` ENABLE KEYS */;
UNLOCK TABLES;

--
-- Table structure for table `social_logins`
--

DROP TABLE IF EXISTS `social_logins`;
/*!40101 SET @saved_cs_client     = @@character_set_client */;
/*!50503 SET character_set_client = utf8mb4 */;
CREATE TABLE `social_logins` (
  `id` bigint unsigned NOT NULL AUTO_INCREMENT,
  `user_type` varchar(191) COLLATE utf8mb4_unicode_ci NOT NULL,
  `user_id` bigint unsigned NOT NULL,
  `provider` varchar(191) COLLATE utf8mb4_unicode_ci NOT NULL,
  `provider_id` varchar(191) COLLATE utf8mb4_unicode_ci NOT NULL,
  `token` text COLLATE utf8mb4_unicode_ci,
  `refresh_token` text COLLATE utf8mb4_unicode_ci,
  `token_expires_at` timestamp NULL DEFAULT NULL,
  `provider_data` json DEFAULT NULL,
  `created_at` timestamp NULL DEFAULT NULL,
  `updated_at` timestamp NULL DEFAULT NULL,
  PRIMARY KEY (`id`),
  UNIQUE KEY `social_logins_provider_provider_id_unique` (`provider`,`provider_id`),
  KEY `social_logins_user_type_user_id_index` (`user_type`,`user_id`),
  KEY `social_logins_user_id_user_type_index` (`user_id`,`user_type`)
) ENGINE=InnoDB DEFAULT CHARSET=utf8mb4 COLLATE=utf8mb4_unicode_ci;
/*!40101 SET character_set_client = @saved_cs_client */;

--
-- Dumping data for table `social_logins`
--

LOCK TABLES `social_logins` WRITE;
/*!40000 ALTER TABLE `social_logins` DISABLE KEYS */;
/*!40000 ALTER TABLE `social_logins` ENABLE KEYS */;
UNLOCK TABLES;

--
-- Table structure for table `states`
--

DROP TABLE IF EXISTS `states`;
/*!40101 SET @saved_cs_client     = @@character_set_client */;
/*!50503 SET character_set_client = utf8mb4 */;
CREATE TABLE `states` (
  `id` bigint unsigned NOT NULL AUTO_INCREMENT,
  `name` varchar(120) COLLATE utf8mb4_unicode_ci NOT NULL,
  `slug` varchar(120) COLLATE utf8mb4_unicode_ci DEFAULT NULL,
  `abbreviation` varchar(10) COLLATE utf8mb4_unicode_ci DEFAULT NULL,
  `country_id` bigint unsigned DEFAULT NULL,
  `order` tinyint NOT NULL DEFAULT '0',
  `image` varchar(191) COLLATE utf8mb4_unicode_ci DEFAULT NULL,
  `is_default` tinyint unsigned NOT NULL DEFAULT '0',
  `status` varchar(60) COLLATE utf8mb4_unicode_ci NOT NULL DEFAULT 'published',
  `created_at` timestamp NULL DEFAULT NULL,
  `updated_at` timestamp NULL DEFAULT NULL,
  PRIMARY KEY (`id`),
  UNIQUE KEY `states_slug_unique` (`slug`),
  KEY `idx_states_name` (`name`),
  KEY `idx_states_status` (`status`),
  KEY `idx_states_country_id` (`country_id`)
) ENGINE=InnoDB DEFAULT CHARSET=utf8mb4 COLLATE=utf8mb4_unicode_ci;
/*!40101 SET character_set_client = @saved_cs_client */;

--
-- Dumping data for table `states`
--

LOCK TABLES `states` WRITE;
/*!40000 ALTER TABLE `states` DISABLE KEYS */;
/*!40000 ALTER TABLE `states` ENABLE KEYS */;
UNLOCK TABLES;

--
-- Table structure for table `states_translations`
--

DROP TABLE IF EXISTS `states_translations`;
/*!40101 SET @saved_cs_client     = @@character_set_client */;
/*!50503 SET character_set_client = utf8mb4 */;
CREATE TABLE `states_translations` (
  `lang_code` varchar(20) COLLATE utf8mb4_unicode_ci NOT NULL,
  `states_id` bigint unsigned NOT NULL,
  `name` varchar(120) COLLATE utf8mb4_unicode_ci DEFAULT NULL,
  `slug` varchar(120) COLLATE utf8mb4_unicode_ci DEFAULT NULL,
  `abbreviation` varchar(10) COLLATE utf8mb4_unicode_ci DEFAULT NULL,
  PRIMARY KEY (`lang_code`,`states_id`),
  KEY `idx_states_trans_state_lang` (`states_id`,`lang_code`),
  KEY `idx_states_trans_name` (`name`),
  KEY `idx_states_trans_states_id` (`states_id`)
) ENGINE=InnoDB DEFAULT CHARSET=utf8mb4 COLLATE=utf8mb4_unicode_ci;
/*!40101 SET character_set_client = @saved_cs_client */;

--
-- Dumping data for table `states_translations`
--

LOCK TABLES `states_translations` WRITE;
/*!40000 ALTER TABLE `states_translations` DISABLE KEYS */;
/*!40000 ALTER TABLE `states_translations` ENABLE KEYS */;
UNLOCK TABLES;

--
-- Table structure for table `tags`
--

DROP TABLE IF EXISTS `tags`;
/*!40101 SET @saved_cs_client     = @@character_set_client */;
/*!50503 SET character_set_client = utf8mb4 */;
CREATE TABLE `tags` (
  `id` bigint unsigned NOT NULL AUTO_INCREMENT,
  `name` varchar(120) COLLATE utf8mb4_unicode_ci NOT NULL,
  `author_id` bigint unsigned DEFAULT NULL,
  `author_type` varchar(191) COLLATE utf8mb4_unicode_ci NOT NULL,
  `description` varchar(400) COLLATE utf8mb4_unicode_ci DEFAULT NULL,
  `status` varchar(60) COLLATE utf8mb4_unicode_ci NOT NULL DEFAULT 'published',
  `created_at` timestamp NULL DEFAULT NULL,
  `updated_at` timestamp NULL DEFAULT NULL,
  PRIMARY KEY (`id`)
) ENGINE=InnoDB AUTO_INCREMENT=6 DEFAULT CHARSET=utf8mb4 COLLATE=utf8mb4_unicode_ci;
/*!40101 SET character_set_client = @saved_cs_client */;

--
-- Dumping data for table `tags`
--

LOCK TABLES `tags` WRITE;
/*!40000 ALTER TABLE `tags` DISABLE KEYS */;
INSERT INTO `tags` VALUES (1,'General',1,'Botble\\ACL\\Models\\User',NULL,'published','2025-12-25 18:49:28','2025-12-25 18:49:28'),(2,'Design',1,'Botble\\ACL\\Models\\User',NULL,'published','2025-12-25 18:49:28','2025-12-25 18:49:28'),(3,'Fashion',1,'Botble\\ACL\\Models\\User',NULL,'published','2025-12-25 18:49:28','2025-12-25 18:49:28'),(4,'Branding',1,'Botble\\ACL\\Models\\User',NULL,'published','2025-12-25 18:49:28','2025-12-25 18:49:28'),(5,'Modern',1,'Botble\\ACL\\Models\\User',NULL,'published','2025-12-25 18:49:28','2025-12-25 18:49:28');
/*!40000 ALTER TABLE `tags` ENABLE KEYS */;
UNLOCK TABLES;

--
-- Table structure for table `tags_translations`
--

DROP TABLE IF EXISTS `tags_translations`;
/*!40101 SET @saved_cs_client     = @@character_set_client */;
/*!50503 SET character_set_client = utf8mb4 */;
CREATE TABLE `tags_translations` (
  `lang_code` varchar(20) COLLATE utf8mb4_unicode_ci NOT NULL,
  `tags_id` bigint unsigned NOT NULL,
  `name` varchar(191) COLLATE utf8mb4_unicode_ci DEFAULT NULL,
  `description` varchar(400) COLLATE utf8mb4_unicode_ci DEFAULT NULL,
  PRIMARY KEY (`lang_code`,`tags_id`),
  KEY `idx_tags_trans_tags_id` (`tags_id`),
  KEY `idx_tags_trans_tag_lang` (`tags_id`,`lang_code`)
) ENGINE=InnoDB DEFAULT CHARSET=utf8mb4 COLLATE=utf8mb4_unicode_ci;
/*!40101 SET character_set_client = @saved_cs_client */;

--
-- Dumping data for table `tags_translations`
--

LOCK TABLES `tags_translations` WRITE;
/*!40000 ALTER TABLE `tags_translations` DISABLE KEYS */;
/*!40000 ALTER TABLE `tags_translations` ENABLE KEYS */;
UNLOCK TABLES;

--
-- Table structure for table `teams`
--

DROP TABLE IF EXISTS `teams`;
/*!40101 SET @saved_cs_client     = @@character_set_client */;
/*!50503 SET character_set_client = utf8mb4 */;
CREATE TABLE `teams` (
  `id` bigint unsigned NOT NULL AUTO_INCREMENT,
  `name` varchar(191) COLLATE utf8mb4_unicode_ci NOT NULL,
  `photo` varchar(191) COLLATE utf8mb4_unicode_ci DEFAULT NULL,
  `title` varchar(191) COLLATE utf8mb4_unicode_ci DEFAULT NULL,
  `location` varchar(191) COLLATE utf8mb4_unicode_ci DEFAULT NULL,
  `socials` varchar(191) COLLATE utf8mb4_unicode_ci DEFAULT NULL,
  `status` varchar(60) COLLATE utf8mb4_unicode_ci NOT NULL DEFAULT 'published',
  `created_at` timestamp NULL DEFAULT NULL,
  `updated_at` timestamp NULL DEFAULT NULL,
  `content` longtext COLLATE utf8mb4_unicode_ci,
  `phone` varchar(15) COLLATE utf8mb4_unicode_ci DEFAULT NULL,
  `email` varchar(191) COLLATE utf8mb4_unicode_ci DEFAULT NULL,
  `address` varchar(191) COLLATE utf8mb4_unicode_ci DEFAULT NULL,
  `website` varchar(191) COLLATE utf8mb4_unicode_ci DEFAULT NULL,
  `description` varchar(400) COLLATE utf8mb4_unicode_ci DEFAULT NULL,
  PRIMARY KEY (`id`)
) ENGINE=InnoDB AUTO_INCREMENT=5 DEFAULT CHARSET=utf8mb4 COLLATE=utf8mb4_unicode_ci;
/*!40101 SET character_set_client = @saved_cs_client */;

--
-- Dumping data for table `teams`
--

LOCK TABLES `teams` WRITE;
/*!40000 ALTER TABLE `teams` DISABLE KEYS */;
INSERT INTO `teams` VALUES (1,'Rosalina D. Willson','testimonials/team-1.jpg','Founder','USA',NULL,'published','2025-12-25 18:50:00','2025-12-25 18:50:00',NULL,NULL,NULL,NULL,NULL,NULL),(2,'Ukolilix X. Xilanorix','testimonials/team-2.jpg','CEO','Qatar',NULL,'published','2025-12-25 18:50:00','2025-12-25 18:50:00',NULL,NULL,NULL,NULL,NULL,NULL),(3,'Alonso M. Miklonax','testimonials/team-3.jpg','Designer','India',NULL,'published','2025-12-25 18:50:00','2025-12-25 18:50:00',NULL,NULL,NULL,NULL,NULL,NULL),(4,'Miranda H. Halim','testimonials/team-4.jpg','Developer','China',NULL,'published','2025-12-25 18:50:00','2025-12-25 18:50:00',NULL,NULL,NULL,NULL,NULL,NULL);
/*!40000 ALTER TABLE `teams` ENABLE KEYS */;
UNLOCK TABLES;

--
-- Table structure for table `teams_translations`
--

DROP TABLE IF EXISTS `teams_translations`;
/*!40101 SET @saved_cs_client     = @@character_set_client */;
/*!50503 SET character_set_client = utf8mb4 */;
CREATE TABLE `teams_translations` (
  `lang_code` varchar(191) COLLATE utf8mb4_unicode_ci NOT NULL,
  `teams_id` int NOT NULL,
  `name` varchar(191) COLLATE utf8mb4_unicode_ci NOT NULL,
  `title` varchar(191) COLLATE utf8mb4_unicode_ci DEFAULT NULL,
  `location` varchar(191) COLLATE utf8mb4_unicode_ci DEFAULT NULL,
  `content` longtext COLLATE utf8mb4_unicode_ci,
  `address` varchar(191) COLLATE utf8mb4_unicode_ci DEFAULT NULL,
  PRIMARY KEY (`lang_code`,`teams_id`)
) ENGINE=InnoDB DEFAULT CHARSET=utf8mb4 COLLATE=utf8mb4_unicode_ci;
/*!40101 SET character_set_client = @saved_cs_client */;

--
-- Dumping data for table `teams_translations`
--

LOCK TABLES `teams_translations` WRITE;
/*!40000 ALTER TABLE `teams_translations` DISABLE KEYS */;
/*!40000 ALTER TABLE `teams_translations` ENABLE KEYS */;
UNLOCK TABLES;

--
-- Table structure for table `testimonials`
--

DROP TABLE IF EXISTS `testimonials`;
/*!40101 SET @saved_cs_client     = @@character_set_client */;
/*!50503 SET character_set_client = utf8mb4 */;
CREATE TABLE `testimonials` (
  `id` bigint unsigned NOT NULL AUTO_INCREMENT,
  `name` varchar(120) COLLATE utf8mb4_unicode_ci NOT NULL,
  `content` text COLLATE utf8mb4_unicode_ci NOT NULL,
  `image` varchar(255) COLLATE utf8mb4_unicode_ci DEFAULT NULL,
  `company` varchar(120) COLLATE utf8mb4_unicode_ci DEFAULT NULL,
  `status` varchar(60) COLLATE utf8mb4_unicode_ci NOT NULL DEFAULT 'published',
  `created_at` timestamp NULL DEFAULT NULL,
  `updated_at` timestamp NULL DEFAULT NULL,
  PRIMARY KEY (`id`)
) ENGINE=InnoDB AUTO_INCREMENT=5 DEFAULT CHARSET=utf8mb4 COLLATE=utf8mb4_unicode_ci;
/*!40101 SET character_set_client = @saved_cs_client */;

--
-- Dumping data for table `testimonials`
--

LOCK TABLES `testimonials` WRITE;
/*!40000 ALTER TABLE `testimonials` DISABLE KEYS */;
INSERT INTO `testimonials` VALUES (1,'Guy Hawkins','Five stars! Their cosmetics are magic. Transformed my skin, enhanced my beauty. A go-to for quality and results ⭐⭐⭐⭐⭐','testimonials/avatar-1.png','Bank of America','published','2025-12-25 18:50:00','2025-12-25 18:50:00'),(2,'Eleanor Pena','Top-notch! 5 stars. Makeup, skincare, all exceptional. Delighted with my purchases. A must-visit for every beauty enthusiast! ⭐⭐⭐⭐⭐','testimonials/avatar-2.png','Nintendo','published','2025-12-25 18:50:00','2025-12-25 18:50:00'),(3,'Cody Fisher','Thrilled with results! 5 stars. Solved my sensitive skin issues. The cosmetics shop is a gem. Highly recommended. ⭐⭐⭐⭐⭐','testimonials/avatar-3.png','Starbucks','published','2025-12-25 18:50:00','2025-12-25 18:50:00'),(4,'Albert Flores','Wedding day savior! 5 stars. Their bridal collection is a game-changer. Made me feel like a star. Impressed beyond words. ⭐⭐⭐⭐⭐','testimonials/avatar-4.png','Bank of America','published','2025-12-25 18:50:00','2025-12-25 18:50:00');
/*!40000 ALTER TABLE `testimonials` ENABLE KEYS */;
UNLOCK TABLES;

--
-- Table structure for table `testimonials_translations`
--

DROP TABLE IF EXISTS `testimonials_translations`;
/*!40101 SET @saved_cs_client     = @@character_set_client */;
/*!50503 SET character_set_client = utf8mb4 */;
CREATE TABLE `testimonials_translations` (
  `lang_code` varchar(191) COLLATE utf8mb4_unicode_ci NOT NULL,
  `testimonials_id` bigint unsigned NOT NULL,
  `name` varchar(255) COLLATE utf8mb4_unicode_ci DEFAULT NULL,
  `content` text COLLATE utf8mb4_unicode_ci,
  `company` varchar(120) COLLATE utf8mb4_unicode_ci DEFAULT NULL,
  PRIMARY KEY (`lang_code`,`testimonials_id`)
) ENGINE=InnoDB DEFAULT CHARSET=utf8mb4 COLLATE=utf8mb4_unicode_ci;
/*!40101 SET character_set_client = @saved_cs_client */;

--
-- Dumping data for table `testimonials_translations`
--

LOCK TABLES `testimonials_translations` WRITE;
/*!40000 ALTER TABLE `testimonials_translations` DISABLE KEYS */;
/*!40000 ALTER TABLE `testimonials_translations` ENABLE KEYS */;
UNLOCK TABLES;

--
-- Table structure for table `user_meta`
--

DROP TABLE IF EXISTS `user_meta`;
/*!40101 SET @saved_cs_client     = @@character_set_client */;
/*!50503 SET character_set_client = utf8mb4 */;
CREATE TABLE `user_meta` (
  `id` bigint unsigned NOT NULL AUTO_INCREMENT,
  `key` varchar(120) COLLATE utf8mb4_unicode_ci DEFAULT NULL,
  `value` text COLLATE utf8mb4_unicode_ci,
  `user_id` bigint unsigned NOT NULL,
  `created_at` timestamp NULL DEFAULT NULL,
  `updated_at` timestamp NULL DEFAULT NULL,
  PRIMARY KEY (`id`),
  KEY `user_meta_user_id_index` (`user_id`)
) ENGINE=InnoDB DEFAULT CHARSET=utf8mb4 COLLATE=utf8mb4_unicode_ci;
/*!40101 SET character_set_client = @saved_cs_client */;

--
-- Dumping data for table `user_meta`
--

LOCK TABLES `user_meta` WRITE;
/*!40000 ALTER TABLE `user_meta` DISABLE KEYS */;
/*!40000 ALTER TABLE `user_meta` ENABLE KEYS */;
UNLOCK TABLES;

--
-- Table structure for table `user_settings`
--

DROP TABLE IF EXISTS `user_settings`;
/*!40101 SET @saved_cs_client     = @@character_set_client */;
/*!50503 SET character_set_client = utf8mb4 */;
CREATE TABLE `user_settings` (
  `id` bigint unsigned NOT NULL AUTO_INCREMENT,
  `user_type` varchar(50) COLLATE utf8mb4_unicode_ci NOT NULL,
  `user_id` bigint unsigned NOT NULL,
  `key` varchar(100) COLLATE utf8mb4_unicode_ci NOT NULL,
  `value` json NOT NULL,
  `created_at` timestamp NULL DEFAULT NULL,
  `updated_at` timestamp NULL DEFAULT NULL,
  PRIMARY KEY (`id`),
  UNIQUE KEY `user_settings_user_type_user_id_key_unique` (`user_type`,`user_id`,`key`),
  KEY `user_settings_user_type_user_id_index` (`user_type`,`user_id`),
  KEY `user_settings_key_index` (`key`)
) ENGINE=InnoDB DEFAULT CHARSET=utf8mb4 COLLATE=utf8mb4_unicode_ci;
/*!40101 SET character_set_client = @saved_cs_client */;

--
-- Dumping data for table `user_settings`
--

LOCK TABLES `user_settings` WRITE;
/*!40000 ALTER TABLE `user_settings` DISABLE KEYS */;
/*!40000 ALTER TABLE `user_settings` ENABLE KEYS */;
UNLOCK TABLES;

--
-- Table structure for table `users`
--

DROP TABLE IF EXISTS `users`;
/*!40101 SET @saved_cs_client     = @@character_set_client */;
/*!50503 SET character_set_client = utf8mb4 */;
CREATE TABLE `users` (
  `id` bigint unsigned NOT NULL AUTO_INCREMENT,
  `email` varchar(191) COLLATE utf8mb4_unicode_ci NOT NULL,
  `phone` varchar(20) COLLATE utf8mb4_unicode_ci DEFAULT NULL,
  `email_verified_at` timestamp NULL DEFAULT NULL,
  `password` varchar(120) COLLATE utf8mb4_unicode_ci DEFAULT NULL,
  `remember_token` varchar(100) COLLATE utf8mb4_unicode_ci DEFAULT NULL,
  `created_at` timestamp NULL DEFAULT NULL,
  `updated_at` timestamp NULL DEFAULT NULL,
  `first_name` varchar(120) COLLATE utf8mb4_unicode_ci DEFAULT NULL,
  `last_name` varchar(120) COLLATE utf8mb4_unicode_ci DEFAULT NULL,
  `username` varchar(60) COLLATE utf8mb4_unicode_ci DEFAULT NULL,
  `avatar_id` bigint unsigned DEFAULT NULL,
  `super_user` tinyint(1) NOT NULL DEFAULT '0',
  `manage_supers` tinyint(1) NOT NULL DEFAULT '0',
  `permissions` text COLLATE utf8mb4_unicode_ci,
  `last_login` timestamp NULL DEFAULT NULL,
  `sessions_invalidated_at` timestamp NULL DEFAULT NULL,
  PRIMARY KEY (`id`),
  UNIQUE KEY `users_email_unique` (`email`),
  UNIQUE KEY `users_username_unique` (`username`)
) ENGINE=InnoDB AUTO_INCREMENT=2 DEFAULT CHARSET=utf8mb4 COLLATE=utf8mb4_unicode_ci;
/*!40101 SET character_set_client = @saved_cs_client */;

--
-- Dumping data for table `users`
--

LOCK TABLES `users` WRITE;
/*!40000 ALTER TABLE `users` DISABLE KEYS */;
INSERT INTO `users` VALUES (1,'admin@company.com',NULL,NULL,'$2y$12$JiwQdF4aE/mNJGgmYkasu.KkLRNXwDV7G9ieF4mz74GTIBxqhSneu',NULL,'2025-12-25 18:49:26','2025-12-25 18:49:26','System','Admin','admin',NULL,1,1,NULL,NULL,NULL);
/*!40000 ALTER TABLE `users` ENABLE KEYS */;
UNLOCK TABLES;

--
-- Table structure for table `widgets`
--

DROP TABLE IF EXISTS `widgets`;
/*!40101 SET @saved_cs_client     = @@character_set_client */;
/*!50503 SET character_set_client = utf8mb4 */;
CREATE TABLE `widgets` (
  `id` bigint unsigned NOT NULL AUTO_INCREMENT,
  `widget_id` varchar(120) COLLATE utf8mb4_unicode_ci NOT NULL,
  `sidebar_id` varchar(120) COLLATE utf8mb4_unicode_ci NOT NULL,
  `theme` varchar(120) COLLATE utf8mb4_unicode_ci NOT NULL,
  `position` tinyint unsigned NOT NULL DEFAULT '0',
  `data` text COLLATE utf8mb4_unicode_ci,
  `created_at` timestamp NULL DEFAULT NULL,
  `updated_at` timestamp NULL DEFAULT NULL,
  PRIMARY KEY (`id`),
  UNIQUE KEY `widgets_unique_index` (`theme`,`sidebar_id`,`widget_id`,`position`)
) ENGINE=InnoDB AUTO_INCREMENT=15 DEFAULT CHARSET=utf8mb4 COLLATE=utf8mb4_unicode_ci;
/*!40101 SET character_set_client = @saved_cs_client */;

--
-- Dumping data for table `widgets`
--

LOCK TABLES `widgets` WRITE;
/*!40000 ALTER TABLE `widgets` DISABLE KEYS */;
INSERT INTO `widgets` VALUES (1,'SiteInfoWidget','footer_sidebar','ninico',0,'{\"description\":\"Elegant pink origami design three dimensional view and decoration co-exist. Great for adding a decorative touch to any room\\u2019s decor.\",\"logo\":null}','2025-12-25 18:49:34','2025-12-25 18:49:34'),(2,'CustomMenuWidget','footer_sidebar','ninico',1,'{\"name\":\"Information\",\"menu_id\":\"information\"}','2025-12-25 18:49:34','2025-12-25 18:49:34'),(3,'CustomMenuWidget','footer_sidebar','ninico',2,'{\"name\":\"My Account\",\"menu_id\":\"my-account\"}','2025-12-25 18:49:34','2025-12-25 18:49:34'),(4,'CustomMenuWidget','footer_sidebar','ninico',3,'{\"name\":\"Social Network\",\"menu_id\":\"social-network\"}','2025-12-25 18:49:34','2025-12-25 18:49:34'),(5,'NewsletterWidget','footer_sidebar','ninico',4,'[]','2025-12-25 18:49:34','2025-12-25 18:49:34'),(6,'CtaContactWidget','footer_middle_sidebar','ninico',1,'[]','2025-12-25 18:49:34','2025-12-25 18:49:34'),(7,'DownloadAppsWidget','footer_middle_sidebar','ninico',2,'{\"ios_image\":\"general\\/f-app.jpg\",\"android_image\":\"general\\/f-google.jpg\"}','2025-12-25 18:49:34','2025-12-25 18:49:34'),(8,'SiteCopyrightWidget','footer_bottom_sidebar','ninico',0,'{\"description\":\"Copyright 2025 \\u00a9 Ninico. All rights reserved. Powered by Botble.\"}','2025-12-25 18:49:34','2025-12-25 18:49:34'),(9,'SiteAcceptedPaymentsWidget','footer_bottom_sidebar','ninico',1,'{\"image\":\"general\\/f-brand-icon-01.png\",\"url\":\"\\/\"}','2025-12-25 18:49:34','2025-12-25 18:49:34'),(10,'BlogSearchWidget','blog_sidebar','ninico',1,'{\"name\":\"Search\"}','2025-12-25 18:49:34','2025-12-25 18:49:34'),(11,'BlogCategoriesWidget','blog_sidebar','ninico',2,'{\"name\":\"Categories\"}','2025-12-25 18:49:34','2025-12-25 18:49:34'),(12,'BlogPostsWidget','blog_sidebar','ninico',3,'{\"name\":\"Recent Posts\",\"type\":\"recent\"}','2025-12-25 18:49:34','2025-12-25 18:49:34'),(13,'BlogTagsWidget','blog_sidebar','ninico',4,'{\"name\":\"Popular Tag\"}','2025-12-25 18:49:34','2025-12-25 18:49:34'),(14,'SiteFeaturesWidget','product_detail_sidebar','ninico',1,'{\"id\":\"SiteFeaturesWidget\",\"title\":\"Site Features\",\"data\":{\"1\":{\"icon\":\"icons\\/verified.png\",\"text\":\"100% Original Products\"},\"2\":{\"icon\":\"icons\\/fast-delivery.png\",\"text\":\"Fast Delivery within 24-72 Hours\"},\"3\":{\"icon\":\"icons\\/cash-on-delivery.png\",\"text\":\"Cash On Delivery Available\"},\"4\":{\"icon\":\"icons\\/support.png\",\"text\":\"24\\/7 Order Support via whatsapp\"}}}','2025-12-25 18:49:34','2025-12-25 18:49:34');
/*!40000 ALTER TABLE `widgets` ENABLE KEYS */;
UNLOCK TABLES;
/*!40103 SET TIME_ZONE=@OLD_TIME_ZONE */;

/*!40101 SET SQL_MODE=@OLD_SQL_MODE */;
/*!40014 SET FOREIGN_KEY_CHECKS=@OLD_FOREIGN_KEY_CHECKS */;
/*!40014 SET UNIQUE_CHECKS=@OLD_UNIQUE_CHECKS */;
/*!40101 SET CHARACTER_SET_CLIENT=@OLD_CHARACTER_SET_CLIENT */;
/*!40101 SET CHARACTER_SET_RESULTS=@OLD_CHARACTER_SET_RESULTS */;
/*!40101 SET COLLATION_CONNECTION=@OLD_COLLATION_CONNECTION */;
/*!40111 SET SQL_NOTES=@OLD_SQL_NOTES */;

-- Dump completed on 2025-12-26  8:50:02
